host,data,aux,session,subject,test_session,ch,nrmse,r
lab6079,percent005_day1_case1,VT,tv_te_ss123,S001,ss1,Fx,0.1527038770024387,0.8820781952974291
lab6079,percent005_day1_case1,VT,tv_te_ss123,S001,ss1,Fz,0.1170918286017501,0.9213910809475157
lab6079,percent005_day1_case1,VT,tv_te_ss123,S002,ss1,Fx,0.1240818644110982,0.8453670384506489
lab6079,percent005_day1_case1,VT,tv_te_ss123,S002,ss1,Fz,0.1064760822583662,0.9234952598031624
lab6079,percent005_day1_case1,VT,tv_te_ss123,S003,ss1,Fx,0.0818147480713359,0.9467313601423564
lab6079,percent005_day1_case1,VT,tv_te_ss123,S003,ss1,Fz,0.090691063885523,0.944186239196535
lab6079,percent005_day1_case1,VT,tv_te_ss123,S004,ss1,Fx,0.1030079086188828,0.9256953897212536
lab6079,percent005_day1_case1,VT,tv_te_ss123,S004,ss1,Fz,0.0971695425836279,0.968602283055319
lab6079,percent005_day1_case1,VT,tv_te_ss123,S005,ss1,Fx,0.0947227835388559,0.9297082808939048
lab6079,percent005_day1_case1,VT,tv_te_ss123,S005,ss1,Fz,0.1057188893603721,0.9450198987092662
lab6079,percent005_day1_case1,VT,tv_te_ss123,S006,ss1,Fx,0.0979873653147567,0.9401445360724596
lab6079,percent005_day1_case1,VT,tv_te_ss123,S006,ss1,Fz,0.0769629130645873,0.9634812340839698
lab6079,percent005_day1_case1,VT,tv_te_ss123,S007,ss1,Fx,0.0866397249945614,0.9429349792486552
lab6079,percent005_day1_case1,VT,tv_te_ss123,S007,ss1,Fz,0.0992238871199603,0.9166650472909575
lab6079,percent005_day1_case1,VT,tv_te_ss123,S008,ss1,Fx,0.098446318838758,0.9498653628741454
lab6079,percent005_day1_case1,VT,tv_te_ss123,S008,ss1,Fz,0.1420135546367698,0.9377382143374504
lab6079,percent005_day1_case1,VT,tv_te_ss123,S009,ss1,Fx,0.171465760361366,0.8578980813119411
lab6079,percent005_day1_case1,VT,tv_te_ss123,S009,ss1,Fz,0.1256756578115254,0.8813189095583848
lab6079,percent005_day1_case1,VT,tv_te_ss123,S010,ss1,Fx,0.0955141014425327,0.9144193686469246
lab6079,percent005_day1_case1,VT,tv_te_ss123,S010,ss1,Fz,0.0734885848323616,0.9390020275550288
lab6079,percent005_day1_case1,VT,tv_te_ss123,S011,ss1,Fx,0.1144105981297766,0.9354298375534578
lab6079,percent005_day1_case1,VT,tv_te_ss123,S011,ss1,Fz,0.1476788678131715,0.943948974616778
lab6079,percent005_day1_case1,VT,tv_te_ss123,S012,ss1,Fx,0.0922502829151969,0.9403815296193476
lab6079,percent005_day1_case1,VT,tv_te_ss123,S012,ss1,Fz,0.1142991083894306,0.9337839937293326
lab6079,percent005_day1_case1,VT,tv_te_ss123,S013,ss1,Fx,0.1142094738256362,0.8963396367231976
lab6079,percent005_day1_case1,VT,tv_te_ss123,S013,ss1,Fz,0.1319812096792438,0.8967064884897801
lab6079,percent005_day1_case1,VT,tv_te_ss123,S014,ss1,Fx,0.0889382056547518,0.937605652848934
lab6079,percent005_day1_case1,VT,tv_te_ss123,S014,ss1,Fz,0.1582772949759968,0.8023559810277184
lab6079,percent005_day1_case1,VT,tv_te_ss123,S015,ss1,Fx,0.0875024507060217,0.9345870843044956
lab6079,percent005_day1_case1,VT,tv_te_ss123,S015,ss1,Fz,0.0878742583730564,0.954529795097594
lab6079,percent005_day1_case1,VT,tv_te_ss123,S016,ss1,Fx,0.2735555358744472,0.4857044484327435
lab6079,percent005_day1_case1,VT,tv_te_ss123,S016,ss1,Fz,0.1860664721261228,0.7832705494370069
lab6079,percent005_day1_case1,VT,tv_te_ss123,S017,ss1,Fx,0.0886014851518648,0.9534080213113988
lab6079,percent005_day1_case1,VT,tv_te_ss123,S017,ss1,Fz,0.0575521285563748,0.97501212386729
lab6079,percent005_day1_case1,VT,tv_te_ss123,S018,ss1,Fx,0.1123935317023886,0.8944679116166405
lab6079,percent005_day1_case1,VT,tv_te_ss123,S018,ss1,Fz,0.0902985922702603,0.9413896433505516
lab6079,percent005_day1_case1,VT,tv_te_ss123,S019,ss1,Fx,0.1562073549125145,0.8187017017325016
lab6079,percent005_day1_case1,VT,tv_te_ss123,S019,ss1,Fz,0.0865752421860195,0.9550715075441986
lab6079,percent005_day1_case1,VT,tv_te_ss123,S001,ss2,Fx,0.1028226521934508,0.918659011100714
lab6079,percent005_day1_case1,VT,tv_te_ss123,S001,ss2,Fz,0.1183594208679664,0.937572626707884
lab6079,percent005_day1_case1,VT,tv_te_ss123,S002,ss2,Fx,0.1008267972117158,0.9152209766365518
lab6079,percent005_day1_case1,VT,tv_te_ss123,S002,ss2,Fz,0.0854640501106702,0.9518010641331688
lab6079,percent005_day1_case1,VT,tv_te_ss123,S003,ss2,Fx,0.0923631500411601,0.9422431475395008
lab6079,percent005_day1_case1,VT,tv_te_ss123,S003,ss2,Fz,0.0651456956603078,0.9730557409955828
lab6079,percent005_day1_case1,VT,tv_te_ss123,S004,ss2,Fx,0.1128545945316016,0.9059039711483686
lab6079,percent005_day1_case1,VT,tv_te_ss123,S004,ss2,Fz,0.1066081935666083,0.936453740384066
lab6079,percent005_day1_case1,VT,tv_te_ss123,S005,ss2,Fx,0.0911235094479144,0.9402756476248492
lab6079,percent005_day1_case1,VT,tv_te_ss123,S005,ss2,Fz,0.0923276140795181,0.9471236629320198
lab6079,percent005_day1_case1,VT,tv_te_ss123,S006,ss2,Fx,0.1044435330979039,0.9257104253402908
lab6079,percent005_day1_case1,VT,tv_te_ss123,S006,ss2,Fz,0.072573447473909,0.9697727307417784
lab6079,percent005_day1_case1,VT,tv_te_ss123,S007,ss2,Fx,0.0794697570952416,0.9434766218788792
lab6079,percent005_day1_case1,VT,tv_te_ss123,S007,ss2,Fz,0.0759736148543478,0.9520253979824476
lab6079,percent005_day1_case1,VT,tv_te_ss123,S008,ss2,Fx,0.0794410973157368,0.9591976618100866
lab6079,percent005_day1_case1,VT,tv_te_ss123,S008,ss2,Fz,0.1107952436413536,0.9644695005935184
lab6079,percent005_day1_case1,VT,tv_te_ss123,S009,ss2,Fx,0.1627783922172384,0.8208049925375706
lab6079,percent005_day1_case1,VT,tv_te_ss123,S009,ss2,Fz,0.1400239098406853,0.8722338306110661
lab6079,percent005_day1_case1,VT,tv_te_ss123,S010,ss2,Fx,0.09433342041365,0.9314922364811304
lab6079,percent005_day1_case1,VT,tv_te_ss123,S010,ss2,Fz,0.084725653783328,0.9509701593624028
lab6079,percent005_day1_case1,VT,tv_te_ss123,S011,ss2,Fx,0.1179585267183299,0.8829227839096401
lab6079,percent005_day1_case1,VT,tv_te_ss123,S011,ss2,Fz,0.1301354324660215,0.9620953602224422
lab6079,percent005_day1_case1,VT,tv_te_ss123,S012,ss2,Fx,0.0889689471212533,0.9457770365447552
lab6079,percent005_day1_case1,VT,tv_te_ss123,S012,ss2,Fz,0.1036406555209205,0.9613010481301912
lab6079,percent005_day1_case1,VT,tv_te_ss123,S013,ss2,Fx,0.1148162264870687,0.8939055050805373
lab6079,percent005_day1_case1,VT,tv_te_ss123,S013,ss2,Fz,0.1127451760189674,0.9169269844988824
lab6079,percent005_day1_case1,VT,tv_te_ss123,S015,ss2,Fx,0.0914464889130757,0.9375407500134784
lab6079,percent005_day1_case1,VT,tv_te_ss123,S015,ss2,Fz,0.0626296415831393,0.9748169286970808
lab6079,percent005_day1_case1,VT,tv_te_ss123,S016,ss2,Fx,0.0878929170672792,0.945090738895597
lab6079,percent005_day1_case1,VT,tv_te_ss123,S016,ss2,Fz,0.1191219988193987,0.933415998802927
lab6079,percent005_day1_case1,VT,tv_te_ss123,S017,ss2,Fx,0.0576451214095325,0.9750332100664638
lab6079,percent005_day1_case1,VT,tv_te_ss123,S017,ss2,Fz,0.0606042577328989,0.977961603199748
lab6079,percent005_day1_case1,VT,tv_te_ss123,S018,ss2,Fx,0.1314946810835179,0.8628558180563916
lab6079,percent005_day1_case1,VT,tv_te_ss123,S018,ss2,Fz,0.0846853437404547,0.9648952126673176
lab6079,percent005_day1_case1,VT,tv_te_ss123,S019,ss2,Fx,0.1441879468867425,0.8424722747012341
lab6079,percent005_day1_case1,VT,tv_te_ss123,S019,ss2,Fz,0.0825339635113801,0.9574532362257548
lab6079,percent005_day1_case1,VT,tv_te_ss123,S001,ss3,Fx,0.0550473283565502,0.9751655949417058
lab6079,percent005_day1_case1,VT,tv_te_ss123,S001,ss3,Fz,0.0779518404020612,0.971039257504399
lab6079,percent005_day1_case1,VT,tv_te_ss123,S002,ss3,Fx,0.1470709730803649,0.7894661800539483
lab6079,percent005_day1_case1,VT,tv_te_ss123,S002,ss3,Fz,0.0779057191524091,0.963424123098219
lab6079,percent005_day1_case1,VT,tv_te_ss123,S003,ss3,Fx,0.0558182283468283,0.9807572526408423
lab6079,percent005_day1_case1,VT,tv_te_ss123,S003,ss3,Fz,0.0474365862852604,0.987803884159516
lab6079,percent005_day1_case1,VT,tv_te_ss123,S004,ss3,Fx,0.0740151577448326,0.9622770596394028
lab6079,percent005_day1_case1,VT,tv_te_ss123,S004,ss3,Fz,0.0648185448825916,0.9775068972549734
lab6079,percent005_day1_case1,VT,tv_te_ss123,S005,ss3,Fx,0.1058237537099029,0.9124474157273218
lab6079,percent005_day1_case1,VT,tv_te_ss123,S005,ss3,Fz,0.098471753020371,0.9571027528222464
lab6079,percent005_day1_case1,VT,tv_te_ss123,S006,ss3,Fx,0.1227702718154452,0.8950102982965804
lab6079,percent005_day1_case1,VT,tv_te_ss123,S006,ss3,Fz,0.084352923674644,0.9749186131003544
lab6079,percent005_day1_case1,VT,tv_te_ss123,S007,ss3,Fx,0.0656510033113187,0.9720531151219548
lab6079,percent005_day1_case1,VT,tv_te_ss123,S007,ss3,Fz,0.0771992855706976,0.9612806093402908
lab6079,percent005_day1_case1,VT,tv_te_ss123,S008,ss3,Fx,0.133457041104,0.8753172143672099
lab6079,percent005_day1_case1,VT,tv_te_ss123,S008,ss3,Fz,0.1210060278873326,0.9462674381032142
lab6079,percent005_day1_case1,VT,tv_te_ss123,S009,ss3,Fx,0.1203694908102582,0.8934609998994921
lab6079,percent005_day1_case1,VT,tv_te_ss123,S009,ss3,Fz,0.1480111346762614,0.8738165515054486
lab6079,percent005_day1_case1,VT,tv_te_ss123,S010,ss3,Fx,0.0697180702100438,0.9630401047172444
lab6079,percent005_day1_case1,VT,tv_te_ss123,S010,ss3,Fz,0.0636210882812775,0.9744215606143136
lab6079,percent005_day1_case1,VT,tv_te_ss123,S012,ss3,Fx,0.0798513959072525,0.9594084644497872
lab6079,percent005_day1_case1,VT,tv_te_ss123,S012,ss3,Fz,0.0716540788129918,0.9798378502231204
lab6079,percent005_day1_case1,VT,tv_te_ss123,S013,ss3,Fx,0.0752041508016019,0.9585561415985524
lab6079,percent005_day1_case1,VT,tv_te_ss123,S013,ss3,Fz,0.0656999408147536,0.9727270508048216
lab6079,percent005_day1_case1,VT,tv_te_ss123,S014,ss3,Fx,0.1719572642859679,0.7338074491379234
lab6079,percent005_day1_case1,VT,tv_te_ss123,S014,ss3,Fz,0.1317409671676277,0.9147470742303332
lab6079,percent005_day1_case1,VT,tv_te_ss123,S015,ss3,Fx,0.0821326063310577,0.9502539190705211
lab6079,percent005_day1_case1,VT,tv_te_ss123,S015,ss3,Fz,0.0504986602312525,0.9845018697985995
lab6079,percent005_day1_case1,VT,tv_te_ss123,S016,ss3,Fx,0.146017997387158,0.8462554032766985
lab6079,percent005_day1_case1,VT,tv_te_ss123,S016,ss3,Fz,0.1180390382504419,0.9513510534533344
lab6079,percent005_day1_case1,VT,tv_te_ss123,S017,ss3,Fx,0.0643344128776104,0.9701743276017522
lab6079,percent005_day1_case1,VT,tv_te_ss123,S017,ss3,Fz,0.0851570286153104,0.967962092798533
lab6079,percent005_day1_case1,VT,tv_te_ss123,S018,ss3,Fx,0.0810137652454323,0.9448541544023626
lab6079,percent005_day1_case1,VT,tv_te_ss123,S018,ss3,Fz,0.0558272072878095,0.9838259900808488
lab6079,percent005_day1_case1,VT,tv_te_ss123,S019,ss3,Fx,0.0778654594694484,0.956290728223276
lab6079,percent005_day1_case1,VT,tv_te_ss123,S019,ss3,Fz,0.055542010627428,0.982964438747164
lab6079,percent005_day1_case1,AP,tv_te_ss2,S001,ss2,Fx,0.1080850296974695,0.9164769589563216
lab6079,percent005_day1_case1,AP,tv_te_ss2,S001,ss2,Fz,0.115590751081745,0.912564210374312
lab6079,percent005_day1_case1,AP,tv_te_ss2,S002,ss2,Fx,0.1307874101418737,0.8565447988030088
lab6079,percent005_day1_case1,AP,tv_te_ss2,S002,ss2,Fz,0.1045438998156451,0.9260789372577564
lab6079,percent005_day1_case1,AP,tv_te_ss2,S003,ss2,Fx,0.0873869752843064,0.9410969919230232
lab6079,percent005_day1_case1,AP,tv_te_ss2,S003,ss2,Fz,0.0807780716563004,0.9691134916674126
lab6079,percent005_day1_case1,AP,tv_te_ss2,S004,ss2,Fx,0.1121201557781608,0.9075826911607286
lab6079,percent005_day1_case1,AP,tv_te_ss2,S004,ss2,Fz,0.1196939162105414,0.9067100358483684
lab6079,percent005_day1_case1,AP,tv_te_ss2,S005,ss2,Fx,0.1110921566207957,0.9128857457680764
lab6079,percent005_day1_case1,AP,tv_te_ss2,S005,ss2,Fz,0.1257344051449274,0.8920575651343108
lab6079,percent005_day1_case1,AP,tv_te_ss2,S006,ss2,Fx,0.1301536328622207,0.8710286596536612
lab6079,percent005_day1_case1,AP,tv_te_ss2,S006,ss2,Fz,0.0884788744385638,0.94581582543139
lab6079,percent005_day1_case1,AP,tv_te_ss2,S007,ss2,Fx,0.1071112386845098,0.9097367653437352
lab6079,percent005_day1_case1,AP,tv_te_ss2,S007,ss2,Fz,0.0968700249078188,0.9400986903789266
lab6079,percent005_day1_case1,AP,tv_te_ss2,S008,ss2,Fx,0.088292382441496,0.965691706977951
lab6079,percent005_day1_case1,AP,tv_te_ss2,S008,ss2,Fz,0.1257159521713838,0.9620403137972464
lab6079,percent005_day1_case1,AP,tv_te_ss2,S009,ss2,Fx,0.1612986177905927,0.7990506557135942
lab6079,percent005_day1_case1,AP,tv_te_ss2,S009,ss2,Fz,0.152082596269645,0.8227994170874616
lab6079,percent005_day1_case1,AP,tv_te_ss2,S010,ss2,Fx,0.1187675765653182,0.889474951073945
lab6079,percent005_day1_case1,AP,tv_te_ss2,S010,ss2,Fz,0.1061466414449838,0.9105269694843529
lab6079,percent005_day1_case1,AP,tv_te_ss2,S011,ss2,Fx,0.181160292553253,0.6805020912993004
lab6079,percent005_day1_case1,AP,tv_te_ss2,S011,ss2,Fz,0.1109450163110739,0.9443653172710498
lab6079,percent005_day1_case1,AP,tv_te_ss2,S012,ss2,Fx,0.1084883466026211,0.9299593121016724
lab6079,percent005_day1_case1,AP,tv_te_ss2,S012,ss2,Fz,0.0864267468317126,0.9701672150600964
lab6079,percent005_day1_case1,AP,tv_te_ss2,S013,ss2,Fx,0.1071760242827816,0.9166398304182828
lab6079,percent005_day1_case1,AP,tv_te_ss2,S013,ss2,Fz,0.1069907226619509,0.927344522502196
lab6079,percent005_day1_case1,AP,tv_te_ss2,S015,ss2,Fx,0.0958370124493998,0.9230947623350786
lab6079,percent005_day1_case1,AP,tv_te_ss2,S015,ss2,Fz,0.0743724653375236,0.9627540971389784
lab6079,percent005_day1_case1,AP,tv_te_ss2,S016,ss2,Fx,0.117643772415616,0.9093360717015304
lab6079,percent005_day1_case1,AP,tv_te_ss2,S016,ss2,Fz,0.1256443221356508,0.9094777247371236
lab6079,percent005_day1_case1,AP,tv_te_ss2,S017,ss2,Fx,0.0685051510949263,0.9640980949215427
lab6079,percent005_day1_case1,AP,tv_te_ss2,S017,ss2,Fz,0.0661178977810875,0.959865511532526
lab6079,percent005_day1_case1,AP,tv_te_ss2,S018,ss2,Fx,0.1232637356739187,0.87646048446858
lab6079,percent005_day1_case1,AP,tv_te_ss2,S018,ss2,Fz,0.1015518456691765,0.9526902533402556
lab6079,percent005_day1_case1,AP,tv_te_ss2,S019,ss2,Fx,0.1553528050673216,0.8193025801591253
lab6079,percent005_day1_case1,AP,tv_te_ss2,S019,ss2,Fz,0.0896572816215673,0.9452831456762644
lab6079,percent010_day1_case1,VT,tv_te_ss123,S001,ss1,Fx,0.1255858997443132,0.935540853016966
lab6079,percent010_day1_case1,VT,tv_te_ss123,S001,ss1,Fz,0.1000879916923294,0.93667891713224
lab6079,percent010_day1_case1,VT,tv_te_ss123,S002,ss1,Fx,0.1450214583838193,0.835130863204416
lab6079,percent010_day1_case1,VT,tv_te_ss123,S002,ss1,Fz,0.1116997698106778,0.9050908990264048
lab6079,percent010_day1_case1,VT,tv_te_ss123,S003,ss1,Fx,0.0885387585814103,0.9416739790961164
lab6079,percent010_day1_case1,VT,tv_te_ss123,S003,ss1,Fz,0.0920184520955112,0.9482677680464788
lab6079,percent010_day1_case1,VT,tv_te_ss123,S004,ss1,Fx,0.0849465552940433,0.9485385706671872
lab6079,percent010_day1_case1,VT,tv_te_ss123,S004,ss1,Fz,0.0889312862904223,0.955933429008968
lab6079,percent010_day1_case1,VT,tv_te_ss123,S005,ss1,Fx,0.102066622912187,0.941566876346078
lab6079,percent010_day1_case1,VT,tv_te_ss123,S005,ss1,Fz,0.1021116764963083,0.9450598164989537
lab6079,percent010_day1_case1,VT,tv_te_ss123,S006,ss1,Fx,0.0871530130258481,0.956207119052064
lab6079,percent010_day1_case1,VT,tv_te_ss123,S006,ss1,Fz,0.0832794734795674,0.9454195309272816
lab6079,percent010_day1_case1,VT,tv_te_ss123,S007,ss1,Fx,0.0908307694902244,0.9408558305660296
lab6079,percent010_day1_case1,VT,tv_te_ss123,S007,ss1,Fz,0.1078245322583901,0.9322942865618472
lab6079,percent010_day1_case1,VT,tv_te_ss123,S008,ss1,Fx,0.0744939304951902,0.9540889027665292
lab6079,percent010_day1_case1,VT,tv_te_ss123,S008,ss1,Fz,0.150296167315128,0.943835316183167
lab6079,percent010_day1_case1,VT,tv_te_ss123,S009,ss1,Fx,0.1606195745083116,0.8653857045038849
lab6079,percent010_day1_case1,VT,tv_te_ss123,S009,ss1,Fz,0.1501576016396902,0.847027637082958
lab6079,percent010_day1_case1,VT,tv_te_ss123,S010,ss1,Fx,0.1364812615115815,0.8547786311492619
lab6079,percent010_day1_case1,VT,tv_te_ss123,S010,ss1,Fz,0.1022796398290809,0.903843486005039
lab6079,percent010_day1_case1,VT,tv_te_ss123,S011,ss1,Fx,0.1020319282159528,0.954283843131446
lab6079,percent010_day1_case1,VT,tv_te_ss123,S011,ss1,Fz,0.1228435383633373,0.952096319349448
lab6079,percent010_day1_case1,VT,tv_te_ss123,S012,ss1,Fx,0.0868337917631212,0.9483390381933292
lab6079,percent010_day1_case1,VT,tv_te_ss123,S012,ss1,Fz,0.0884105478371112,0.9438563821795548
lab6079,percent010_day1_case1,VT,tv_te_ss123,S013,ss1,Fx,0.1073418149326859,0.9238346867988272
lab6079,percent010_day1_case1,VT,tv_te_ss123,S013,ss1,Fz,0.1115411101749707,0.8995341002564777
lab6079,percent010_day1_case1,VT,tv_te_ss123,S014,ss1,Fx,0.0936190203098068,0.9490826329961012
lab6079,percent010_day1_case1,VT,tv_te_ss123,S014,ss1,Fz,0.1384733211718551,0.8667573884089372
lab6079,percent010_day1_case1,VT,tv_te_ss123,S015,ss1,Fx,0.1052075978122098,0.927208668777461
lab6079,percent010_day1_case1,VT,tv_te_ss123,S015,ss1,Fz,0.0749454400505311,0.9643728671089092
lab6079,percent010_day1_case1,VT,tv_te_ss123,S016,ss1,Fx,0.2493117927083411,0.5665260531448275
lab6079,percent010_day1_case1,VT,tv_te_ss123,S016,ss1,Fz,0.1812069187362811,0.8030386147026899
lab6079,percent010_day1_case1,VT,tv_te_ss123,S017,ss1,Fx,0.0968616548119034,0.9410064287124844
lab6079,percent010_day1_case1,VT,tv_te_ss123,S017,ss1,Fz,0.0682349158502648,0.9661042154542664
lab6079,percent010_day1_case1,VT,tv_te_ss123,S018,ss1,Fx,0.1169693685504737,0.9022617678947426
lab6079,percent010_day1_case1,VT,tv_te_ss123,S018,ss1,Fz,0.0822606179915925,0.9534721762170316
lab6079,percent010_day1_case1,VT,tv_te_ss123,S019,ss1,Fx,0.1303080999234674,0.8812095741130698
lab6079,percent010_day1_case1,VT,tv_te_ss123,S019,ss1,Fz,0.091021119579591,0.9467040110911208
lab6079,percent010_day1_case1,VT,tv_te_ss123,S001,ss2,Fx,0.0763247439396853,0.960375754663391
lab6079,percent010_day1_case1,VT,tv_te_ss123,S001,ss2,Fz,0.0635111668281637,0.977989845113666
lab6079,percent010_day1_case1,VT,tv_te_ss123,S002,ss2,Fx,0.1226663660360181,0.8704796216207159
lab6079,percent010_day1_case1,VT,tv_te_ss123,S002,ss2,Fz,0.0773680965220996,0.9590147066407744
lab6079,percent010_day1_case1,VT,tv_te_ss123,S003,ss2,Fx,0.0667232343073783,0.973093933811438
lab6079,percent010_day1_case1,VT,tv_te_ss123,S003,ss2,Fz,0.069578113965686,0.9769692989294542
lab6079,percent010_day1_case1,VT,tv_te_ss123,S004,ss2,Fx,0.1041132523746411,0.9154437059692832
lab6079,percent010_day1_case1,VT,tv_te_ss123,S004,ss2,Fz,0.0915725315672078,0.9571900531464426
lab6079,percent010_day1_case1,VT,tv_te_ss123,S005,ss2,Fx,0.0913213917314552,0.9281003746763254
lab6079,percent010_day1_case1,VT,tv_te_ss123,S005,ss2,Fz,0.1016914193675487,0.9464646127694069
lab6079,percent010_day1_case1,VT,tv_te_ss123,S006,ss2,Fx,0.0899194340657082,0.9470398171115828
lab6079,percent010_day1_case1,VT,tv_te_ss123,S006,ss2,Fz,0.0651590786867433,0.971042127295362
lab6079,percent010_day1_case1,VT,tv_te_ss123,S007,ss2,Fx,0.0791778445984578,0.9528401375511514
lab6079,percent010_day1_case1,VT,tv_te_ss123,S007,ss2,Fz,0.0897651663319732,0.9577641202271931
lab6079,percent010_day1_case1,VT,tv_te_ss123,S008,ss2,Fx,0.0909411714793524,0.9391766808861628
lab6079,percent010_day1_case1,VT,tv_te_ss123,S008,ss2,Fz,0.1071106155123899,0.9679044644945028
lab6079,percent010_day1_case1,VT,tv_te_ss123,S009,ss2,Fx,0.1348889155722623,0.8887328517389441
lab6079,percent010_day1_case1,VT,tv_te_ss123,S009,ss2,Fz,0.1157854888634239,0.9273838846355372
lab6079,percent010_day1_case1,VT,tv_te_ss123,S010,ss2,Fx,0.0984283303628252,0.920428478414744
lab6079,percent010_day1_case1,VT,tv_te_ss123,S010,ss2,Fz,0.0890940076935206,0.9407381505407588
lab6079,percent010_day1_case1,VT,tv_te_ss123,S011,ss2,Fx,0.0869563619903801,0.9400971758295744
lab6079,percent010_day1_case1,VT,tv_te_ss123,S011,ss2,Fz,0.1202966425420033,0.9657072554129598
lab6079,percent010_day1_case1,VT,tv_te_ss123,S012,ss2,Fx,0.0723522268094931,0.9689315700865748
lab6079,percent010_day1_case1,VT,tv_te_ss123,S012,ss2,Fz,0.0733882381437845,0.9691488733597416
lab6079,percent010_day1_case1,VT,tv_te_ss123,S013,ss2,Fx,0.085224390224612,0.945724456633924
lab6079,percent010_day1_case1,VT,tv_te_ss123,S013,ss2,Fz,0.0931219844398662,0.9357412584588064
lab6079,percent010_day1_case1,VT,tv_te_ss123,S015,ss2,Fx,0.098378409224707,0.948728861263621
lab6079,percent010_day1_case1,VT,tv_te_ss123,S015,ss2,Fz,0.0570896395780426,0.9841182454584668
lab6079,percent010_day1_case1,VT,tv_te_ss123,S016,ss2,Fx,0.1069912004717717,0.9214707610566282
lab6079,percent010_day1_case1,VT,tv_te_ss123,S016,ss2,Fz,0.0820863651715814,0.9669183454143422
lab6079,percent010_day1_case1,VT,tv_te_ss123,S017,ss2,Fx,0.0621049921887865,0.969791867227497
lab6079,percent010_day1_case1,VT,tv_te_ss123,S017,ss2,Fz,0.0612846148796129,0.9732676581047344
lab6079,percent010_day1_case1,VT,tv_te_ss123,S018,ss2,Fx,0.1018715761629928,0.9158854195905984
lab6079,percent010_day1_case1,VT,tv_te_ss123,S018,ss2,Fz,0.0778566831572748,0.9681347761252036
lab6079,percent010_day1_case1,VT,tv_te_ss123,S019,ss2,Fx,0.1202135185059235,0.8881530926081228
lab6079,percent010_day1_case1,VT,tv_te_ss123,S019,ss2,Fz,0.092504438323649,0.9535843501356198
lab6079,percent010_day1_case1,VT,tv_te_ss123,S001,ss3,Fx,0.083855777028159,0.938281517613544
lab6079,percent010_day1_case1,VT,tv_te_ss123,S001,ss3,Fz,0.0653766066587965,0.977806574430183
lab6079,percent010_day1_case1,VT,tv_te_ss123,S002,ss3,Fx,0.0894091624325481,0.9223087160339156
lab6079,percent010_day1_case1,VT,tv_te_ss123,S002,ss3,Fz,0.0750994774767997,0.9704933572558884
lab6079,percent010_day1_case1,VT,tv_te_ss123,S003,ss3,Fx,0.0567353798120601,0.9808956355497602
lab6079,percent010_day1_case1,VT,tv_te_ss123,S003,ss3,Fz,0.0599810070484814,0.9824119110466004
lab6079,percent010_day1_case1,VT,tv_te_ss123,S004,ss3,Fx,0.0710933520252615,0.9583932415294012
lab6079,percent010_day1_case1,VT,tv_te_ss123,S004,ss3,Fz,0.0667759582938226,0.9720430651212468
lab6079,percent010_day1_case1,VT,tv_te_ss123,S005,ss3,Fx,0.0953178691088602,0.9172578518105076
lab6079,percent010_day1_case1,VT,tv_te_ss123,S005,ss3,Fz,0.0967403094011096,0.9540757918495776
lab6079,percent010_day1_case1,VT,tv_te_ss123,S006,ss3,Fx,0.113033783278573,0.9102037933443928
lab6079,percent010_day1_case1,VT,tv_te_ss123,S006,ss3,Fz,0.0668417505314147,0.9773677363301094
lab6079,percent010_day1_case1,VT,tv_te_ss123,S007,ss3,Fx,0.065049639591899,0.9647544765717364
lab6079,percent010_day1_case1,VT,tv_te_ss123,S007,ss3,Fz,0.0684271863472475,0.9728332629520852
lab6079,percent010_day1_case1,VT,tv_te_ss123,S008,ss3,Fx,0.1092047029808379,0.9291609457721528
lab6079,percent010_day1_case1,VT,tv_te_ss123,S008,ss3,Fz,0.1013311476121533,0.9734941498633232
lab6079,percent010_day1_case1,VT,tv_te_ss123,S009,ss3,Fx,0.1730155164190402,0.7554975638897029
lab6079,percent010_day1_case1,VT,tv_te_ss123,S009,ss3,Fz,0.1256213846269468,0.9213197091258551
lab6079,percent010_day1_case1,VT,tv_te_ss123,S010,ss3,Fx,0.0597723304406901,0.9730611487058778
lab6079,percent010_day1_case1,VT,tv_te_ss123,S010,ss3,Fz,0.0667250936544253,0.9707039214684864
lab6079,percent010_day1_case1,VT,tv_te_ss123,S012,ss3,Fx,0.0611750271725858,0.9754273314562316
lab6079,percent010_day1_case1,VT,tv_te_ss123,S012,ss3,Fz,0.0589666214103991,0.9819270518061152
lab6079,percent010_day1_case1,VT,tv_te_ss123,S013,ss3,Fx,0.0878748055518589,0.9400760222358152
lab6079,percent010_day1_case1,VT,tv_te_ss123,S013,ss3,Fz,0.0872577885464429,0.9561879354750128
lab6079,percent010_day1_case1,VT,tv_te_ss123,S014,ss3,Fx,0.1234714831208171,0.8705258298807327
lab6079,percent010_day1_case1,VT,tv_te_ss123,S014,ss3,Fz,0.0972879433052001,0.9542138718167696
lab6079,percent010_day1_case1,VT,tv_te_ss123,S015,ss3,Fx,0.0926366522853806,0.9352534146683816
lab6079,percent010_day1_case1,VT,tv_te_ss123,S015,ss3,Fz,0.0581536238930437,0.9805904151522136
lab6079,percent010_day1_case1,VT,tv_te_ss123,S016,ss3,Fx,0.1139256183210571,0.9079433303299358
lab6079,percent010_day1_case1,VT,tv_te_ss123,S016,ss3,Fz,0.0952119206257452,0.955116000698847
lab6079,percent010_day1_case1,VT,tv_te_ss123,S017,ss3,Fx,0.073549922139439,0.9630934339676684
lab6079,percent010_day1_case1,VT,tv_te_ss123,S017,ss3,Fz,0.0797532222406732,0.9712915588049604
lab6079,percent010_day1_case1,VT,tv_te_ss123,S018,ss3,Fx,0.0739263622387446,0.9538375888891604
lab6079,percent010_day1_case1,VT,tv_te_ss123,S018,ss3,Fz,0.0698826305968742,0.9765575851758754
lab6079,percent010_day1_case1,VT,tv_te_ss123,S019,ss3,Fx,0.0667725527054453,0.9704196474562652
lab6079,percent010_day1_case1,VT,tv_te_ss123,S019,ss3,Fz,0.0800764437350913,0.974321216793096
lab6079,percent010_day1_case1,AP,tv_te_ss2,S001,ss2,Fx,0.09123919070884,0.9446069359344818
lab6079,percent010_day1_case1,AP,tv_te_ss2,S001,ss2,Fz,0.0814707758588527,0.967978088031358
lab6079,percent010_day1_case1,AP,tv_te_ss2,S002,ss2,Fx,0.1288964041151289,0.8321474043045922
lab6079,percent010_day1_case1,AP,tv_te_ss2,S002,ss2,Fz,0.0936240127624931,0.9444775234852972
lab6079,percent010_day1_case1,AP,tv_te_ss2,S003,ss2,Fx,0.0712610712143999,0.9658003973042568
lab6079,percent010_day1_case1,AP,tv_te_ss2,S003,ss2,Fz,0.0690262480510255,0.9720422352776844
lab6079,percent010_day1_case1,AP,tv_te_ss2,S004,ss2,Fx,0.0959903067725439,0.9328808942639686
lab6079,percent010_day1_case1,AP,tv_te_ss2,S004,ss2,Fz,0.1122327765559019,0.9484243958669328
lab6079,percent010_day1_case1,AP,tv_te_ss2,S005,ss2,Fx,0.1106311948072301,0.9051846113938378
lab6079,percent010_day1_case1,AP,tv_te_ss2,S005,ss2,Fz,0.128224392075963,0.9224188073149648
lab6079,percent010_day1_case1,AP,tv_te_ss2,S006,ss2,Fx,0.1036511569856748,0.9272626306535116
lab6079,percent010_day1_case1,AP,tv_te_ss2,S006,ss2,Fz,0.0788117437303851,0.9602794763738176
lab6079,percent010_day1_case1,AP,tv_te_ss2,S007,ss2,Fx,0.0712898029467727,0.9564753399215318
lab6079,percent010_day1_case1,AP,tv_te_ss2,S007,ss2,Fz,0.0788075542224789,0.95976103094436
lab6079,percent010_day1_case1,AP,tv_te_ss2,S008,ss2,Fx,0.1048560456861595,0.9089966735144274
lab6079,percent010_day1_case1,AP,tv_te_ss2,S008,ss2,Fz,0.1090076378379225,0.9579755139974326
lab6079,percent010_day1_case1,AP,tv_te_ss2,S009,ss2,Fx,0.1395926773588027,0.8506241497698096
lab6079,percent010_day1_case1,AP,tv_te_ss2,S009,ss2,Fz,0.134948834037611,0.8798815292033265
lab6079,percent010_day1_case1,AP,tv_te_ss2,S010,ss2,Fx,0.1048282869794684,0.9149929459664986
lab6079,percent010_day1_case1,AP,tv_te_ss2,S010,ss2,Fz,0.1099990403161625,0.9073894203580536
lab6079,percent010_day1_case1,AP,tv_te_ss2,S011,ss2,Fx,0.1583109903593548,0.7893904796675933
lab6079,percent010_day1_case1,AP,tv_te_ss2,S011,ss2,Fz,0.1351475946106296,0.9568540190983624
lab6079,percent010_day1_case1,AP,tv_te_ss2,S012,ss2,Fx,0.0969019321701222,0.93987864684929
lab6079,percent010_day1_case1,AP,tv_te_ss2,S012,ss2,Fz,0.0769828461621055,0.9676834064845392
lab6079,percent010_day1_case1,AP,tv_te_ss2,S013,ss2,Fx,0.1013186861033916,0.9291724287734162
lab6079,percent010_day1_case1,AP,tv_te_ss2,S013,ss2,Fz,0.0904424810018568,0.9487491748619308
lab6079,percent010_day1_case1,AP,tv_te_ss2,S015,ss2,Fx,0.0695081974700529,0.9635545560980712
lab6079,percent010_day1_case1,AP,tv_te_ss2,S015,ss2,Fz,0.0596126473014311,0.9769364678566752
lab6079,percent010_day1_case1,AP,tv_te_ss2,S016,ss2,Fx,0.1277967944928022,0.8776275687053883
lab6079,percent010_day1_case1,AP,tv_te_ss2,S016,ss2,Fz,0.1132029855671507,0.9204426799283602
lab6079,percent010_day1_case1,AP,tv_te_ss2,S017,ss2,Fx,0.0709434122339352,0.9650741664109322
lab6079,percent010_day1_case1,AP,tv_te_ss2,S017,ss2,Fz,0.060153751202891,0.972193987080855
lab6079,percent010_day1_case1,AP,tv_te_ss2,S018,ss2,Fx,0.127728654898498,0.8600171998128611
lab6079,percent010_day1_case1,AP,tv_te_ss2,S018,ss2,Fz,0.0887537857950451,0.9620416853720414
lab6079,percent010_day1_case1,AP,tv_te_ss2,S019,ss2,Fx,0.1264211120114704,0.87994164286942
lab6079,percent010_day1_case1,AP,tv_te_ss2,S019,ss2,Fz,0.0879726863470503,0.9587434403944692
lab6079,percent020_day1_case1,VT,tv_te_ss123,S001,ss1,Fx,0.1313293083766499,0.9196641743731078
lab6079,percent020_day1_case1,VT,tv_te_ss123,S001,ss1,Fz,0.0862379143140849,0.9509719549415176
lab6079,percent020_day1_case1,VT,tv_te_ss123,S002,ss1,Fx,0.1426335506650784,0.8291773543267837
lab6079,percent020_day1_case1,VT,tv_te_ss123,S002,ss1,Fz,0.0899309797635674,0.9254325700411884
lab6079,percent020_day1_case1,VT,tv_te_ss123,S003,ss1,Fx,0.0842230951467397,0.9425418801657228
lab6079,percent020_day1_case1,VT,tv_te_ss123,S003,ss1,Fz,0.07140867958131,0.9635946530350068
lab6079,percent020_day1_case1,VT,tv_te_ss123,S004,ss1,Fx,0.0803519219222112,0.9600484882273428
lab6079,percent020_day1_case1,VT,tv_te_ss123,S004,ss1,Fz,0.0931197786632926,0.9534662795206086
lab6079,percent020_day1_case1,VT,tv_te_ss123,S005,ss1,Fx,0.0852359356082252,0.9453050540454162
lab6079,percent020_day1_case1,VT,tv_te_ss123,S005,ss1,Fz,0.1418904329897757,0.9295832650250938
lab6079,percent020_day1_case1,VT,tv_te_ss123,S006,ss1,Fx,0.0906264177386846,0.9485274939198642
lab6079,percent020_day1_case1,VT,tv_te_ss123,S006,ss1,Fz,0.0767727719058154,0.9614453454984232
lab6079,percent020_day1_case1,VT,tv_te_ss123,S007,ss1,Fx,0.0804034167198368,0.9516045436482669
lab6079,percent020_day1_case1,VT,tv_te_ss123,S007,ss1,Fz,0.0951079730506826,0.9520770956325998
lab6079,percent020_day1_case1,VT,tv_te_ss123,S008,ss1,Fx,0.0679344313207792,0.9661607378846228
lab6079,percent020_day1_case1,VT,tv_te_ss123,S008,ss1,Fz,0.1405188539419639,0.953711366454807
lab6079,percent020_day1_case1,VT,tv_te_ss123,S009,ss1,Fx,0.1199854243848522,0.892344486434601
lab6079,percent020_day1_case1,VT,tv_te_ss123,S009,ss1,Fz,0.1187637987021775,0.8853837451050839
lab6079,percent020_day1_case1,VT,tv_te_ss123,S010,ss1,Fx,0.1068331340113403,0.913959833755318
lab6079,percent020_day1_case1,VT,tv_te_ss123,S010,ss1,Fz,0.086505835698766,0.9167982181853274
lab6079,percent020_day1_case1,VT,tv_te_ss123,S011,ss1,Fx,0.0750366004683585,0.963251348675452
lab6079,percent020_day1_case1,VT,tv_te_ss123,S011,ss1,Fz,0.1079065394208805,0.968824601797259
lab6079,percent020_day1_case1,VT,tv_te_ss123,S012,ss1,Fx,0.0718393978034545,0.9643071942924208
lab6079,percent020_day1_case1,VT,tv_te_ss123,S012,ss1,Fz,0.0750086131302103,0.9536213140211964
lab6079,percent020_day1_case1,VT,tv_te_ss123,S013,ss1,Fx,0.0866255360752237,0.9380044689519512
lab6079,percent020_day1_case1,VT,tv_te_ss123,S013,ss1,Fz,0.0924100950627359,0.9355125945085412
lab6079,percent020_day1_case1,VT,tv_te_ss123,S014,ss1,Fx,0.0844139126958381,0.9400134883917072
lab6079,percent020_day1_case1,VT,tv_te_ss123,S014,ss1,Fz,0.1477828792739068,0.8698875303597726
lab6079,percent020_day1_case1,VT,tv_te_ss123,S015,ss1,Fx,0.1037740214736506,0.927857985835441
lab6079,percent020_day1_case1,VT,tv_te_ss123,S015,ss1,Fz,0.0853725366569419,0.951660797501344
lab6079,percent020_day1_case1,VT,tv_te_ss123,S016,ss1,Fx,0.260147773615528,0.5248322865059267
lab6079,percent020_day1_case1,VT,tv_te_ss123,S016,ss1,Fz,0.1578453894692564,0.8314390299640037
lab6079,percent020_day1_case1,VT,tv_te_ss123,S017,ss1,Fx,0.0959813501765571,0.94996434744827
lab6079,percent020_day1_case1,VT,tv_te_ss123,S017,ss1,Fz,0.0576198661044667,0.9702137444055576
lab6079,percent020_day1_case1,VT,tv_te_ss123,S018,ss1,Fx,0.0910066312513064,0.9349680019707184
lab6079,percent020_day1_case1,VT,tv_te_ss123,S018,ss1,Fz,0.0783830660110376,0.9654157754803632
lab6079,percent020_day1_case1,VT,tv_te_ss123,S019,ss1,Fx,0.1259409455846536,0.893088877641925
lab6079,percent020_day1_case1,VT,tv_te_ss123,S019,ss1,Fz,0.0879765098339021,0.9516352459513892
lab6079,percent020_day1_case1,VT,tv_te_ss123,S001,ss2,Fx,0.0830489027818808,0.9480698582898648
lab6079,percent020_day1_case1,VT,tv_te_ss123,S001,ss2,Fz,0.0601935477771821,0.9812372127726138
lab6079,percent020_day1_case1,VT,tv_te_ss123,S002,ss2,Fx,0.1026674927735536,0.920694906492986
lab6079,percent020_day1_case1,VT,tv_te_ss123,S002,ss2,Fz,0.0678078278392736,0.974471175570952
lab6079,percent020_day1_case1,VT,tv_te_ss123,S003,ss2,Fx,0.0785473789487392,0.9550975132317706
lab6079,percent020_day1_case1,VT,tv_te_ss123,S003,ss2,Fz,0.0663046557235753,0.9740276315854434
lab6079,percent020_day1_case1,VT,tv_te_ss123,S004,ss2,Fx,0.0843724251452324,0.9468707359940702
lab6079,percent020_day1_case1,VT,tv_te_ss123,S004,ss2,Fz,0.092031368032015,0.959491879293506
lab6079,percent020_day1_case1,VT,tv_te_ss123,S005,ss2,Fx,0.0748124255229548,0.943525516785044
lab6079,percent020_day1_case1,VT,tv_te_ss123,S005,ss2,Fz,0.1077598529396359,0.9616335252104096
lab6079,percent020_day1_case1,VT,tv_te_ss123,S006,ss2,Fx,0.0882197024039437,0.9503873040096869
lab6079,percent020_day1_case1,VT,tv_te_ss123,S006,ss2,Fz,0.0701995031762536,0.9739171878907246
lab6079,percent020_day1_case1,VT,tv_te_ss123,S007,ss2,Fx,0.0601310103391729,0.97213233056613
lab6079,percent020_day1_case1,VT,tv_te_ss123,S007,ss2,Fz,0.0826086408763681,0.9608149803162184
lab6079,percent020_day1_case1,VT,tv_te_ss123,S008,ss2,Fx,0.0791659866483103,0.9581000783678444
lab6079,percent020_day1_case1,VT,tv_te_ss123,S008,ss2,Fz,0.1204835046215667,0.9672382794714348
lab6079,percent020_day1_case1,VT,tv_te_ss123,S009,ss2,Fx,0.1616500364574836,0.7956335082578729
lab6079,percent020_day1_case1,VT,tv_te_ss123,S009,ss2,Fz,0.109960277966715,0.9235716721661495
lab6079,percent020_day1_case1,VT,tv_te_ss123,S010,ss2,Fx,0.0949737760014043,0.936798263391322
lab6079,percent020_day1_case1,VT,tv_te_ss123,S010,ss2,Fz,0.0678733932570479,0.9659442810370884
lab6079,percent020_day1_case1,VT,tv_te_ss123,S011,ss2,Fx,0.0715959985954848,0.9614729220641224
lab6079,percent020_day1_case1,VT,tv_te_ss123,S011,ss2,Fz,0.1065267069106922,0.9761003770885988
lab6079,percent020_day1_case1,VT,tv_te_ss123,S012,ss2,Fx,0.0727160779523799,0.9708356509386076
lab6079,percent020_day1_case1,VT,tv_te_ss123,S012,ss2,Fz,0.0632652708557723,0.9795766797836986
lab6079,percent020_day1_case1,VT,tv_te_ss123,S013,ss2,Fx,0.0707541171450566,0.9622919059953288
lab6079,percent020_day1_case1,VT,tv_te_ss123,S013,ss2,Fz,0.0916824780582207,0.939870679721766
lab6079,percent020_day1_case1,VT,tv_te_ss123,S015,ss2,Fx,0.095168219855196,0.959237389063501
lab6079,percent020_day1_case1,VT,tv_te_ss123,S015,ss2,Fz,0.0531767217272953,0.9813498276659124
lab6079,percent020_day1_case1,VT,tv_te_ss123,S016,ss2,Fx,0.1448016135450957,0.8625967983920169
lab6079,percent020_day1_case1,VT,tv_te_ss123,S016,ss2,Fz,0.075005884647466,0.9729433673227053
lab6079,percent020_day1_case1,VT,tv_te_ss123,S017,ss2,Fx,0.0601352254592084,0.9751574916790864
lab6079,percent020_day1_case1,VT,tv_te_ss123,S017,ss2,Fz,0.0513094755484463,0.9814387332459624
lab6079,percent020_day1_case1,VT,tv_te_ss123,S018,ss2,Fx,0.0810221626089365,0.9486285515131134
lab6079,percent020_day1_case1,VT,tv_te_ss123,S018,ss2,Fz,0.0625114664089802,0.9792892804049762
lab6079,percent020_day1_case1,VT,tv_te_ss123,S019,ss2,Fx,0.1286726956488243,0.8763562388885225
lab6079,percent020_day1_case1,VT,tv_te_ss123,S019,ss2,Fz,0.0855667869346318,0.9579690134392704
lab6079,percent020_day1_case1,VT,tv_te_ss123,S001,ss3,Fx,0.0865382133898109,0.9435174096843164
lab6079,percent020_day1_case1,VT,tv_te_ss123,S001,ss3,Fz,0.0651001827765116,0.980183762286708
lab6079,percent020_day1_case1,VT,tv_te_ss123,S002,ss3,Fx,0.0762675210996708,0.9552176069541972
lab6079,percent020_day1_case1,VT,tv_te_ss123,S002,ss3,Fz,0.071959848581848,0.9737830515121546
lab6079,percent020_day1_case1,VT,tv_te_ss123,S003,ss3,Fx,0.0609049863976262,0.9760524371903072
lab6079,percent020_day1_case1,VT,tv_te_ss123,S003,ss3,Fz,0.0550381061436796,0.98370472613984
lab6079,percent020_day1_case1,VT,tv_te_ss123,S004,ss3,Fx,0.0696988291716105,0.9610993083587844
lab6079,percent020_day1_case1,VT,tv_te_ss123,S004,ss3,Fz,0.0634361736367135,0.9808836855943154
lab6079,percent020_day1_case1,VT,tv_te_ss123,S005,ss3,Fx,0.1019525531349228,0.9039557441621432
lab6079,percent020_day1_case1,VT,tv_te_ss123,S005,ss3,Fz,0.0893196195495508,0.967002389619954
lab6079,percent020_day1_case1,VT,tv_te_ss123,S006,ss3,Fx,0.0988134096497996,0.9333425056614154
lab6079,percent020_day1_case1,VT,tv_te_ss123,S006,ss3,Fz,0.0687505637695853,0.9798360111344976
lab6079,percent020_day1_case1,VT,tv_te_ss123,S007,ss3,Fx,0.0550162877310708,0.9763177500025588
lab6079,percent020_day1_case1,VT,tv_te_ss123,S007,ss3,Fz,0.0668051389037569,0.9753826458923526
lab6079,percent020_day1_case1,VT,tv_te_ss123,S008,ss3,Fx,0.0979857186724418,0.9388341464695144
lab6079,percent020_day1_case1,VT,tv_te_ss123,S008,ss3,Fz,0.1115859572628556,0.9681845846532692
lab6079,percent020_day1_case1,VT,tv_te_ss123,S009,ss3,Fx,0.1370126918283993,0.85950123138239
lab6079,percent020_day1_case1,VT,tv_te_ss123,S009,ss3,Fz,0.120428071434086,0.925938182836262
lab6079,percent020_day1_case1,VT,tv_te_ss123,S010,ss3,Fx,0.0617926957548646,0.97287719954677
lab6079,percent020_day1_case1,VT,tv_te_ss123,S010,ss3,Fz,0.0607416199104087,0.9759087053846842
lab6079,percent020_day1_case1,VT,tv_te_ss123,S012,ss3,Fx,0.0632393892532619,0.9751544864290648
lab6079,percent020_day1_case1,VT,tv_te_ss123,S012,ss3,Fz,0.0674592018300695,0.979583236748142
lab6079,percent020_day1_case1,VT,tv_te_ss123,S013,ss3,Fx,0.0745691122273369,0.9623479624438824
lab6079,percent020_day1_case1,VT,tv_te_ss123,S013,ss3,Fz,0.0730666051568627,0.9689963080965852
lab6079,percent020_day1_case1,VT,tv_te_ss123,S014,ss3,Fx,0.1102306503428714,0.8933874271738208
lab6079,percent020_day1_case1,VT,tv_te_ss123,S014,ss3,Fz,0.0901448509623972,0.9594504046323712
lab6079,percent020_day1_case1,VT,tv_te_ss123,S015,ss3,Fx,0.0812559844169718,0.9556322558403642
lab6079,percent020_day1_case1,VT,tv_te_ss123,S015,ss3,Fz,0.0541181094558685,0.980926558011976
lab6079,percent020_day1_case1,VT,tv_te_ss123,S016,ss3,Fx,0.1539403895714479,0.842373443297867
lab6079,percent020_day1_case1,VT,tv_te_ss123,S016,ss3,Fz,0.089944464770476,0.967306599728469
lab6079,percent020_day1_case1,VT,tv_te_ss123,S017,ss3,Fx,0.0596619682162467,0.9766375095655916
lab6079,percent020_day1_case1,VT,tv_te_ss123,S017,ss3,Fz,0.0697824081172793,0.9728302876941224
lab6079,percent020_day1_case1,VT,tv_te_ss123,S018,ss3,Fx,0.0634849278435931,0.9668580482500198
lab6079,percent020_day1_case1,VT,tv_te_ss123,S018,ss3,Fz,0.0486131029854312,0.9866452373842328
lab6079,percent020_day1_case1,VT,tv_te_ss123,S019,ss3,Fx,0.0787208162729841,0.9547930000412892
lab6079,percent020_day1_case1,VT,tv_te_ss123,S019,ss3,Fz,0.0656328246440466,0.9810154367243946
lab6079,percent020_day1_case1,AP,tv_te_ss2,S001,ss2,Fx,0.0786837908811535,0.9552502048045338
lab6079,percent020_day1_case1,AP,tv_te_ss2,S001,ss2,Fz,0.0703083921856119,0.971830966282515
lab6079,percent020_day1_case1,AP,tv_te_ss2,S002,ss2,Fx,0.1215987645039115,0.8583706473504988
lab6079,percent020_day1_case1,AP,tv_te_ss2,S002,ss2,Fz,0.075335177713327,0.9710456536179686
lab6079,percent020_day1_case1,AP,tv_te_ss2,S003,ss2,Fx,0.0894906771988348,0.9331233466979328
lab6079,percent020_day1_case1,AP,tv_te_ss2,S003,ss2,Fz,0.0732139972530789,0.9701365559370956
lab6079,percent020_day1_case1,AP,tv_te_ss2,S004,ss2,Fx,0.0933541845610623,0.9265071752649608
lab6079,percent020_day1_case1,AP,tv_te_ss2,S004,ss2,Fz,0.100214668223884,0.9536022815888688
lab6079,percent020_day1_case1,AP,tv_te_ss2,S005,ss2,Fx,0.0926332150920197,0.9232110780150036
lab6079,percent020_day1_case1,AP,tv_te_ss2,S005,ss2,Fz,0.1120165492957556,0.9384766392809568
lab6079,percent020_day1_case1,AP,tv_te_ss2,S006,ss2,Fx,0.0965504845709604,0.9344344334945552
lab6079,percent020_day1_case1,AP,tv_te_ss2,S006,ss2,Fz,0.0692383466502464,0.9722613998605802
lab6079,percent020_day1_case1,AP,tv_te_ss2,S007,ss2,Fx,0.0660360734393865,0.9637035269159112
lab6079,percent020_day1_case1,AP,tv_te_ss2,S007,ss2,Fz,0.0835336588815368,0.9522746524903944
lab6079,percent020_day1_case1,AP,tv_te_ss2,S008,ss2,Fx,0.0885567844425138,0.9388143589356416
lab6079,percent020_day1_case1,AP,tv_te_ss2,S008,ss2,Fz,0.1147652132815941,0.965810992436054
lab6079,percent020_day1_case1,AP,tv_te_ss2,S009,ss2,Fx,0.176711992587025,0.7110149385127535
lab6079,percent020_day1_case1,AP,tv_te_ss2,S009,ss2,Fz,0.12447018302827,0.896488456117975
lab6079,percent020_day1_case1,AP,tv_te_ss2,S010,ss2,Fx,0.0897822575500491,0.9317831917278608
lab6079,percent020_day1_case1,AP,tv_te_ss2,S010,ss2,Fz,0.0719301968218478,0.9613225617977844
lab6079,percent020_day1_case1,AP,tv_te_ss2,S011,ss2,Fx,0.1283898853943632,0.8551598226785164
lab6079,percent020_day1_case1,AP,tv_te_ss2,S011,ss2,Fz,0.1160346849536193,0.9650162812610849
lab6079,percent020_day1_case1,AP,tv_te_ss2,S012,ss2,Fx,0.0866896194246407,0.9531046404737747
lab6079,percent020_day1_case1,AP,tv_te_ss2,S012,ss2,Fz,0.0845640129112066,0.976978997995488
lab6079,percent020_day1_case1,AP,tv_te_ss2,S013,ss2,Fx,0.0755587074882348,0.9555852578828588
lab6079,percent020_day1_case1,AP,tv_te_ss2,S013,ss2,Fz,0.0895851030426938,0.9534330321965812
lab6079,percent020_day1_case1,AP,tv_te_ss2,S015,ss2,Fx,0.0736496667468663,0.9655676446162136
lab6079,percent020_day1_case1,AP,tv_te_ss2,S015,ss2,Fz,0.0631259687696833,0.9722566443187712
lab6079,percent020_day1_case1,AP,tv_te_ss2,S016,ss2,Fx,0.0995745510462306,0.9296816503085864
lab6079,percent020_day1_case1,AP,tv_te_ss2,S016,ss2,Fz,0.1088798107789223,0.9327774747256778
lab6079,percent020_day1_case1,AP,tv_te_ss2,S017,ss2,Fx,0.0559712130320169,0.9759359120045996
lab6079,percent020_day1_case1,AP,tv_te_ss2,S017,ss2,Fz,0.0531868558143414,0.9786875463188855
lab6079,percent020_day1_case1,AP,tv_te_ss2,S018,ss2,Fx,0.1182498632821055,0.8869016056554667
lab6079,percent020_day1_case1,AP,tv_te_ss2,S018,ss2,Fz,0.0795467988021316,0.9698888936598046
lab6079,percent020_day1_case1,AP,tv_te_ss2,S019,ss2,Fx,0.159139289222415,0.8070427903639427
lab6079,percent020_day1_case1,AP,tv_te_ss2,S019,ss2,Fz,0.0863496239475662,0.9582261471214998
lab6079,percent050_day1_case1,VT,tv_te_ss123,S001,ss1,Fx,0.119886813388644,0.9248278997568192
lab6079,percent050_day1_case1,VT,tv_te_ss123,S001,ss1,Fz,0.0781573077299964,0.9606018247684548
lab6079,percent050_day1_case1,VT,tv_te_ss123,S002,ss1,Fx,0.1236299194713387,0.8475655090155519
lab6079,percent050_day1_case1,VT,tv_te_ss123,S002,ss1,Fz,0.0861836455951556,0.937680937150656
lab6079,percent050_day1_case1,VT,tv_te_ss123,S003,ss1,Fx,0.0777832204163607,0.9503260484139489
lab6079,percent050_day1_case1,VT,tv_te_ss123,S003,ss1,Fz,0.0795867971144571,0.9605748153523817
lab6079,percent050_day1_case1,VT,tv_te_ss123,S004,ss1,Fx,0.0814559250164363,0.9552890446554538
lab6079,percent050_day1_case1,VT,tv_te_ss123,S004,ss1,Fz,0.0798896141697448,0.9654706889252208
lab6079,percent050_day1_case1,VT,tv_te_ss123,S005,ss1,Fx,0.0832239926250839,0.9439719080570655
lab6079,percent050_day1_case1,VT,tv_te_ss123,S005,ss1,Fz,0.112208071997644,0.9453456953713792
lab6079,percent050_day1_case1,VT,tv_te_ss123,S006,ss1,Fx,0.0917249069126744,0.9408267907862202
lab6079,percent050_day1_case1,VT,tv_te_ss123,S006,ss1,Fz,0.0710490303929827,0.9618504405955977
lab6079,percent050_day1_case1,VT,tv_te_ss123,S007,ss1,Fx,0.0739556156524373,0.959949363570608
lab6079,percent050_day1_case1,VT,tv_te_ss123,S007,ss1,Fz,0.0898429204964343,0.9534412142952692
lab6079,percent050_day1_case1,VT,tv_te_ss123,S008,ss1,Fx,0.0781937649563245,0.949997680099823
lab6079,percent050_day1_case1,VT,tv_te_ss123,S008,ss1,Fz,0.1209898018016982,0.95226756744089
lab6079,percent050_day1_case1,VT,tv_te_ss123,S009,ss1,Fx,0.1167955830397637,0.9021314297778756
lab6079,percent050_day1_case1,VT,tv_te_ss123,S009,ss1,Fz,0.1230083692905502,0.8898946430946558
lab6079,percent050_day1_case1,VT,tv_te_ss123,S010,ss1,Fx,0.0895000763604143,0.9281014014308844
lab6079,percent050_day1_case1,VT,tv_te_ss123,S010,ss1,Fz,0.0777466559105773,0.9321038123676436
lab6079,percent050_day1_case1,VT,tv_te_ss123,S011,ss1,Fx,0.0780612746207425,0.9687931237783508
lab6079,percent050_day1_case1,VT,tv_te_ss123,S011,ss1,Fz,0.1128970271501419,0.968099807300598
lab6079,percent050_day1_case1,VT,tv_te_ss123,S012,ss1,Fx,0.065975838009127,0.9704905395308308
lab6079,percent050_day1_case1,VT,tv_te_ss123,S012,ss1,Fz,0.0742876370460805,0.955800078781754
lab6079,percent050_day1_case1,VT,tv_te_ss123,S013,ss1,Fx,0.092872966444666,0.9331824181793776
lab6079,percent050_day1_case1,VT,tv_te_ss123,S013,ss1,Fz,0.0947554757810368,0.923683417757673
lab6079,percent050_day1_case1,VT,tv_te_ss123,S014,ss1,Fx,0.0914487852232111,0.92976629687098
lab6079,percent050_day1_case1,VT,tv_te_ss123,S014,ss1,Fz,0.1051151709331421,0.92668691778238
lab6079,percent050_day1_case1,VT,tv_te_ss123,S015,ss1,Fx,0.0967924527007107,0.9280423879662864
lab6079,percent050_day1_case1,VT,tv_te_ss123,S015,ss1,Fz,0.0721167628749769,0.9604037118139568
lab6079,percent050_day1_case1,VT,tv_te_ss123,S016,ss1,Fx,0.2373838667187879,0.608959452634325
lab6079,percent050_day1_case1,VT,tv_te_ss123,S016,ss1,Fz,0.1645700964007038,0.8229489620249762
lab6079,percent050_day1_case1,VT,tv_te_ss123,S017,ss1,Fx,0.0794288706541392,0.9532869934624691
lab6079,percent050_day1_case1,VT,tv_te_ss123,S017,ss1,Fz,0.05047607884637,0.9799040469240125
lab6079,percent050_day1_case1,VT,tv_te_ss123,S018,ss1,Fx,0.0915317907744839,0.9377439805099516
lab6079,percent050_day1_case1,VT,tv_te_ss123,S018,ss1,Fz,0.0655489309994391,0.9745470943578656
lab6079,percent050_day1_case1,VT,tv_te_ss123,S019,ss1,Fx,0.1148077712668816,0.9114842313924848
lab6079,percent050_day1_case1,VT,tv_te_ss123,S019,ss1,Fz,0.0789189920427314,0.9612426766142634
lab6079,percent050_day1_case1,VT,tv_te_ss123,S001,ss2,Fx,0.0692038584269769,0.9609521606888
lab6079,percent050_day1_case1,VT,tv_te_ss123,S001,ss2,Fz,0.0595385485091745,0.9813830205832798
lab6079,percent050_day1_case1,VT,tv_te_ss123,S002,ss2,Fx,0.1045861897582962,0.9033207926970692
lab6079,percent050_day1_case1,VT,tv_te_ss123,S002,ss2,Fz,0.0723830114805623,0.968024842629994
lab6079,percent050_day1_case1,VT,tv_te_ss123,S003,ss2,Fx,0.0687206052243948,0.966082357869275
lab6079,percent050_day1_case1,VT,tv_te_ss123,S003,ss2,Fz,0.061296385819839,0.9800958971698176
lab6079,percent050_day1_case1,VT,tv_te_ss123,S004,ss2,Fx,0.0889089958259805,0.940272093542868
lab6079,percent050_day1_case1,VT,tv_te_ss123,S004,ss2,Fz,0.083021228884706,0.9659171971112746
lab6079,percent050_day1_case1,VT,tv_te_ss123,S005,ss2,Fx,0.0705349450069997,0.9632830937165158
lab6079,percent050_day1_case1,VT,tv_te_ss123,S005,ss2,Fz,0.0914988193302183,0.960614801937157
lab6079,percent050_day1_case1,VT,tv_te_ss123,S006,ss2,Fx,0.0998681117170932,0.9300113415294896
lab6079,percent050_day1_case1,VT,tv_te_ss123,S006,ss2,Fz,0.0713968244287372,0.969851283412633
lab6079,percent050_day1_case1,VT,tv_te_ss123,S007,ss2,Fx,0.0628725085386299,0.9653226060821216
lab6079,percent050_day1_case1,VT,tv_te_ss123,S007,ss2,Fz,0.075992084452696,0.9656534682515456
lab6079,percent050_day1_case1,VT,tv_te_ss123,S008,ss2,Fx,0.0842234647105871,0.9436952566781448
lab6079,percent050_day1_case1,VT,tv_te_ss123,S008,ss2,Fz,0.1060273260027703,0.9614852594499694
lab6079,percent050_day1_case1,VT,tv_te_ss123,S009,ss2,Fx,0.1240216757787871,0.8660800009339625
lab6079,percent050_day1_case1,VT,tv_te_ss123,S009,ss2,Fz,0.1041531453812639,0.937719231281678
lab6079,percent050_day1_case1,VT,tv_te_ss123,S010,ss2,Fx,0.0765435119841389,0.9555047685350138
lab6079,percent050_day1_case1,VT,tv_te_ss123,S010,ss2,Fz,0.0600852562717827,0.9735632749013666
lab6079,percent050_day1_case1,VT,tv_te_ss123,S011,ss2,Fx,0.0784071886691007,0.9621671484008464
lab6079,percent050_day1_case1,VT,tv_te_ss123,S011,ss2,Fz,0.1152574172799598,0.9728863374526712
lab6079,percent050_day1_case1,VT,tv_te_ss123,S012,ss2,Fx,0.0666352233633613,0.9726990462038132
lab6079,percent050_day1_case1,VT,tv_te_ss123,S012,ss2,Fz,0.0663494578372119,0.9773302312656872
lab6079,percent050_day1_case1,VT,tv_te_ss123,S013,ss2,Fx,0.0875825242707868,0.9402965435107948
lab6079,percent050_day1_case1,VT,tv_te_ss123,S013,ss2,Fz,0.0943147012523363,0.9362128186974772
lab6079,percent050_day1_case1,VT,tv_te_ss123,S015,ss2,Fx,0.08382994692102,0.9548173216988024
lab6079,percent050_day1_case1,VT,tv_te_ss123,S015,ss2,Fz,0.050650391400463,0.9828508523965748
lab6079,percent050_day1_case1,VT,tv_te_ss123,S016,ss2,Fx,0.0887289588388994,0.949835365393166
lab6079,percent050_day1_case1,VT,tv_te_ss123,S016,ss2,Fz,0.0745074919102285,0.9748025764813714
lab6079,percent050_day1_case1,VT,tv_te_ss123,S017,ss2,Fx,0.0579617764757365,0.97502970904492
lab6079,percent050_day1_case1,VT,tv_te_ss123,S017,ss2,Fz,0.0544044834146361,0.981722154644298
lab6079,percent050_day1_case1,VT,tv_te_ss123,S018,ss2,Fx,0.0758578468466988,0.9542638370284056
lab6079,percent050_day1_case1,VT,tv_te_ss123,S018,ss2,Fz,0.061353524297448,0.983576775245356
lab6079,percent050_day1_case1,VT,tv_te_ss123,S019,ss2,Fx,0.1185662972987744,0.8950199004473307
lab6079,percent050_day1_case1,VT,tv_te_ss123,S019,ss2,Fz,0.0791871811949703,0.9697540015547584
lab6079,percent050_day1_case1,VT,tv_te_ss123,S001,ss3,Fx,0.0623674022391616,0.9692428754351364
lab6079,percent050_day1_case1,VT,tv_te_ss123,S001,ss3,Fz,0.0616595285317422,0.9835676101641232
lab6079,percent050_day1_case1,VT,tv_te_ss123,S002,ss3,Fx,0.1025464201949035,0.9188439488712424
lab6079,percent050_day1_case1,VT,tv_te_ss123,S002,ss3,Fz,0.075876286653961,0.9704728948059668
lab6079,percent050_day1_case1,VT,tv_te_ss123,S003,ss3,Fx,0.0542753396419557,0.978306363090506
lab6079,percent050_day1_case1,VT,tv_te_ss123,S003,ss3,Fz,0.0492275126672594,0.987202476251378
lab6079,percent050_day1_case1,VT,tv_te_ss123,S004,ss3,Fx,0.0533768232824652,0.9784518226459736
lab6079,percent050_day1_case1,VT,tv_te_ss123,S004,ss3,Fz,0.0560041016340501,0.9866199971903806
lab6079,percent050_day1_case1,VT,tv_te_ss123,S005,ss3,Fx,0.0908780119119463,0.9214093832832676
lab6079,percent050_day1_case1,VT,tv_te_ss123,S005,ss3,Fz,0.0813543829639487,0.9652618149432188
lab6079,percent050_day1_case1,VT,tv_te_ss123,S006,ss3,Fx,0.1062269915227348,0.9193007392028388
lab6079,percent050_day1_case1,VT,tv_te_ss123,S006,ss3,Fz,0.0719227225513226,0.9759108227066224
lab6079,percent050_day1_case1,VT,tv_te_ss123,S007,ss3,Fx,0.0614315940605827,0.9689670390438592
lab6079,percent050_day1_case1,VT,tv_te_ss123,S007,ss3,Fz,0.0600624450061352,0.9800476306487436
lab6079,percent050_day1_case1,VT,tv_te_ss123,S008,ss3,Fx,0.1020242239036178,0.9320833347580472
lab6079,percent050_day1_case1,VT,tv_te_ss123,S008,ss3,Fz,0.0982296778472904,0.9672567460964356
lab6079,percent050_day1_case1,VT,tv_te_ss123,S009,ss3,Fx,0.1413423586543448,0.8223812853203364
lab6079,percent050_day1_case1,VT,tv_te_ss123,S009,ss3,Fz,0.1146727240005925,0.934891013206243
lab6079,percent050_day1_case1,VT,tv_te_ss123,S010,ss3,Fx,0.0635446024523555,0.9685204114525152
lab6079,percent050_day1_case1,VT,tv_te_ss123,S010,ss3,Fz,0.0583218465403372,0.9794143589605706
lab6079,percent050_day1_case1,VT,tv_te_ss123,S012,ss3,Fx,0.0582500006102452,0.9773057800255036
lab6079,percent050_day1_case1,VT,tv_te_ss123,S012,ss3,Fz,0.0570713007713219,0.9835156790133254
lab6079,percent050_day1_case1,VT,tv_te_ss123,S013,ss3,Fx,0.0680517923204134,0.9640953991954008
lab6079,percent050_day1_case1,VT,tv_te_ss123,S013,ss3,Fz,0.0739978626513466,0.96615707054278
lab6079,percent050_day1_case1,VT,tv_te_ss123,S014,ss3,Fx,0.1144446504832114,0.8751147473258898
lab6079,percent050_day1_case1,VT,tv_te_ss123,S014,ss3,Fz,0.0864358271073858,0.9606990868503248
lab6079,percent050_day1_case1,VT,tv_te_ss123,S015,ss3,Fx,0.0722270976746329,0.9633643694812573
lab6079,percent050_day1_case1,VT,tv_te_ss123,S015,ss3,Fz,0.0494354830215051,0.9830295669391372
lab6079,percent050_day1_case1,VT,tv_te_ss123,S016,ss3,Fx,0.0881639870301489,0.9422550884330902
lab6079,percent050_day1_case1,VT,tv_te_ss123,S016,ss3,Fz,0.0881315183169721,0.9704800455898712
lab6079,percent050_day1_case1,VT,tv_te_ss123,S017,ss3,Fx,0.062586938784134,0.9695767192443552
lab6079,percent050_day1_case1,VT,tv_te_ss123,S017,ss3,Fz,0.0693421327433189,0.9778537083021458
lab6079,percent050_day1_case1,VT,tv_te_ss123,S018,ss3,Fx,0.057688462557799,0.9730953049755884
lab6079,percent050_day1_case1,VT,tv_te_ss123,S018,ss3,Fz,0.0533944679998757,0.9878615120370682
lab6079,percent050_day1_case1,VT,tv_te_ss123,S019,ss3,Fx,0.0727050585260062,0.9594196599668974
lab6079,percent050_day1_case1,VT,tv_te_ss123,S019,ss3,Fz,0.0647096414329271,0.9842847796334054
lab6079,percent050_day1_case1,AP,tv_te_ss2,S001,ss2,Fx,0.0744350948855089,0.9571014375462564
lab6079,percent050_day1_case1,AP,tv_te_ss2,S001,ss2,Fz,0.0791545438619952,0.9665533947379824
lab6079,percent050_day1_case1,AP,tv_te_ss2,S002,ss2,Fx,0.1092679646555066,0.8853675757886854
lab6079,percent050_day1_case1,AP,tv_te_ss2,S002,ss2,Fz,0.0692894159719283,0.9714550515575856
lab6079,percent050_day1_case1,AP,tv_te_ss2,S003,ss2,Fx,0.0692634167657578,0.9613066109545672
lab6079,percent050_day1_case1,AP,tv_te_ss2,S003,ss2,Fz,0.0687023928148537,0.9795350136188148
lab6079,percent050_day1_case1,AP,tv_te_ss2,S004,ss2,Fx,0.0722731949451033,0.9585097990352996
lab6079,percent050_day1_case1,AP,tv_te_ss2,S004,ss2,Fz,0.0834193454957491,0.9693597123089912
lab6079,percent050_day1_case1,AP,tv_te_ss2,S005,ss2,Fx,0.0749571582891773,0.9599077622628158
lab6079,percent050_day1_case1,AP,tv_te_ss2,S005,ss2,Fz,0.1096639538463433,0.9570141600905936
lab6079,percent050_day1_case1,AP,tv_te_ss2,S006,ss2,Fx,0.100659870387102,0.928441435477258
lab6079,percent050_day1_case1,AP,tv_te_ss2,S006,ss2,Fz,0.0802154450237341,0.9629783690966114
lab6079,percent050_day1_case1,AP,tv_te_ss2,S007,ss2,Fx,0.0672405142510498,0.9616175852373696
lab6079,percent050_day1_case1,AP,tv_te_ss2,S007,ss2,Fz,0.0788746079109112,0.961421551601838
lab6079,percent050_day1_case1,AP,tv_te_ss2,S008,ss2,Fx,0.0874725002409137,0.9475072574677068
lab6079,percent050_day1_case1,AP,tv_te_ss2,S008,ss2,Fz,0.1062115301747705,0.9653302739079916
lab6079,percent050_day1_case1,AP,tv_te_ss2,S009,ss2,Fx,0.114246684271877,0.8921221515784122
lab6079,percent050_day1_case1,AP,tv_te_ss2,S009,ss2,Fz,0.0986030290423891,0.9344759344242048
lab6079,percent050_day1_case1,AP,tv_te_ss2,S010,ss2,Fx,0.0884152859549353,0.9378420248023104
lab6079,percent050_day1_case1,AP,tv_te_ss2,S010,ss2,Fz,0.0779279003875658,0.952790973256644
lab6079,percent050_day1_case1,AP,tv_te_ss2,S011,ss2,Fx,0.0714889126221427,0.955410032640035
lab6079,percent050_day1_case1,AP,tv_te_ss2,S011,ss2,Fz,0.1133200935524773,0.9737053781463204
lab6079,percent050_day1_case1,AP,tv_te_ss2,S012,ss2,Fx,0.0873438244740032,0.9469787061026252
lab6079,percent050_day1_case1,AP,tv_te_ss2,S012,ss2,Fz,0.0806161977548563,0.9757490182586166
lab6079,percent050_day1_case1,AP,tv_te_ss2,S013,ss2,Fx,0.0684351635830513,0.9642975549475524
lab6079,percent050_day1_case1,AP,tv_te_ss2,S013,ss2,Fz,0.0880216154479453,0.957291110367258
lab6079,percent050_day1_case1,AP,tv_te_ss2,S015,ss2,Fx,0.0629383980816376,0.9698472157387552
lab6079,percent050_day1_case1,AP,tv_te_ss2,S015,ss2,Fz,0.0506937083915519,0.9834067496598816
lab6079,percent050_day1_case1,AP,tv_te_ss2,S016,ss2,Fx,0.109349820162004,0.918459839768586
lab6079,percent050_day1_case1,AP,tv_te_ss2,S016,ss2,Fz,0.0891079179106051,0.9536363414621934
lab6079,percent050_day1_case1,AP,tv_te_ss2,S017,ss2,Fx,0.0487810898974123,0.9802654149015244
lab6079,percent050_day1_case1,AP,tv_te_ss2,S017,ss2,Fz,0.0547122956166167,0.9788954679474906
lab6079,percent050_day1_case1,AP,tv_te_ss2,S018,ss2,Fx,0.111211256521788,0.8987446396367917
lab6079,percent050_day1_case1,AP,tv_te_ss2,S018,ss2,Fz,0.0786473819089536,0.9735538431711008
lab6079,percent050_day1_case1,AP,tv_te_ss2,S019,ss2,Fx,0.1260252377302095,0.8843437836690534
lab6079,percent050_day1_case1,AP,tv_te_ss2,S019,ss2,Fz,0.0786597945763528,0.9683191274889336
lab7015,full_day1,VT,tv_ss1__te_ss2ss3,S001,ss2,Fx,0.1081381416006818,0.9458283139088391
lab7015,full_day1,VT,tv_ss1__te_ss2ss3,S001,ss2,Fz,0.0972352093078071,0.9601129186080266
lab7015,full_day1,VT,tv_ss1__te_ss2ss3,S002,ss2,Fx,0.1060154012555674,0.907628835478349
lab7015,full_day1,VT,tv_ss1__te_ss2ss3,S002,ss2,Fz,0.081119319180401,0.962243840491663
lab7015,full_day1,VT,tv_ss1__te_ss2ss3,S003,ss2,Fx,0.1118576492608422,0.9187303923978424
lab7015,full_day1,VT,tv_ss1__te_ss2ss3,S003,ss2,Fz,0.0864916645554503,0.9544178437064942
lab7015,full_day1,VT,tv_ss1__te_ss2ss3,S004,ss2,Fx,0.1213606990325148,0.9150268871809104
lab7015,full_day1,VT,tv_ss1__te_ss2ss3,S004,ss2,Fz,0.1129173412772496,0.9399278402697177
lab7015,full_day1,VT,tv_ss1__te_ss2ss3,S005,ss2,Fx,0.0990173172957497,0.9317299270049068
lab7015,full_day1,VT,tv_ss1__te_ss2ss3,S005,ss2,Fz,0.104401236773811,0.9505823348840764
lab7015,full_day1,VT,tv_ss1__te_ss2ss3,S006,ss2,Fx,0.1162544939574588,0.9282834483802748
lab7015,full_day1,VT,tv_ss1__te_ss2ss3,S006,ss2,Fz,0.0894776806304103,0.964609233400833
lab7015,full_day1,VT,tv_ss1__te_ss2ss3,S007,ss2,Fx,0.1038043776149215,0.9467228009269606
lab7015,full_day1,VT,tv_ss1__te_ss2ss3,S007,ss2,Fz,0.0803466398365288,0.9601212535495766
lab7015,full_day1,VT,tv_ss1__te_ss2ss3,S008,ss2,Fx,0.11220644911773,0.9468042464909712
lab7015,full_day1,VT,tv_ss1__te_ss2ss3,S008,ss2,Fz,0.1355917184490834,0.9530657877093822
lab7015,full_day1,VT,tv_ss1__te_ss2ss3,S009,ss2,Fx,0.1311109753661669,0.8519124405255384
lab7015,full_day1,VT,tv_ss1__te_ss2ss3,S009,ss2,Fz,0.1313071184151655,0.8992145104210334
lab7015,full_day1,VT,tv_ss1__te_ss2ss3,S010,ss2,Fx,0.0968599648669423,0.937905831233914
lab7015,full_day1,VT,tv_ss1__te_ss2ss3,S010,ss2,Fz,0.0867212530898803,0.955720543777923
lab7015,full_day1,VT,tv_ss1__te_ss2ss3,S011,ss2,Fx,0.0953385079380843,0.930982987847112
lab7015,full_day1,VT,tv_ss1__te_ss2ss3,S011,ss2,Fz,0.1234731025372431,0.953787890225054
lab7015,full_day1,VT,tv_ss1__te_ss2ss3,S012,ss2,Fx,0.1011729838478645,0.9589127314421269
lab7015,full_day1,VT,tv_ss1__te_ss2ss3,S012,ss2,Fz,0.1007531911236967,0.9509727941486152
lab7015,full_day1,VT,tv_ss1__te_ss2ss3,S013,ss2,Fx,0.0919747729077417,0.9437910956285066
lab7015,full_day1,VT,tv_ss1__te_ss2ss3,S013,ss2,Fz,0.0901101174699879,0.9449165052548189
lab7015,full_day1,VT,tv_ss1__te_ss2ss3,S015,ss2,Fx,0.1046604518140398,0.9102351657090276
lab7015,full_day1,VT,tv_ss1__te_ss2ss3,S015,ss2,Fz,0.0763307476430304,0.9746903599505228
lab7015,full_day1,VT,tv_ss1__te_ss2ss3,S016,ss2,Fx,0.1247676145562166,0.8929561326506901
lab7015,full_day1,VT,tv_ss1__te_ss2ss3,S016,ss2,Fz,0.1108321576816822,0.9470798622934804
lab7015,full_day1,VT,tv_ss1__te_ss2ss3,S017,ss2,Fx,0.0763853528818061,0.9722727110547796
lab7015,full_day1,VT,tv_ss1__te_ss2ss3,S017,ss2,Fz,0.0717542528840689,0.9761276878386604
lab7015,full_day1,VT,tv_ss1__te_ss2ss3,S018,ss2,Fx,0.0918487511636895,0.9546794542625257
lab7015,full_day1,VT,tv_ss1__te_ss2ss3,S018,ss2,Fz,0.0873807313909481,0.9674264586021388
lab7015,full_day1,VT,tv_ss1__te_ss2ss3,S019,ss2,Fx,0.1510398793341109,0.833514422432353
lab7015,full_day1,VT,tv_ss1__te_ss2ss3,S019,ss2,Fz,0.0971541696155777,0.9487606373954598
lab7015,full_day1,VT,tv_ss1__te_ss2ss3,S001,ss3,Fx,0.1529798999948866,0.8800766174145307
lab7015,full_day1,VT,tv_ss1__te_ss2ss3,S001,ss3,Fz,0.1268650412047631,0.9491782762443232
lab7015,full_day1,VT,tv_ss1__te_ss2ss3,S002,ss3,Fx,0.1399259744147151,0.8333971854719595
lab7015,full_day1,VT,tv_ss1__te_ss2ss3,S002,ss3,Fz,0.1160240488023135,0.9574517995043298
lab7015,full_day1,VT,tv_ss1__te_ss2ss3,S003,ss3,Fx,0.1669820080552979,0.7895935118767103
lab7015,full_day1,VT,tv_ss1__te_ss2ss3,S003,ss3,Fz,0.1138615795730278,0.9484530338681332
lab7015,full_day1,VT,tv_ss1__te_ss2ss3,S004,ss3,Fx,0.1488101987014984,0.8866037627003917
lab7015,full_day1,VT,tv_ss1__te_ss2ss3,S004,ss3,Fz,0.1267735737396627,0.933248898631926
lab7015,full_day1,VT,tv_ss1__te_ss2ss3,S005,ss3,Fx,0.1636270413059735,0.8044552243098075
lab7015,full_day1,VT,tv_ss1__te_ss2ss3,S005,ss3,Fz,0.1225528347746103,0.9415278381214104
lab7015,full_day1,VT,tv_ss1__te_ss2ss3,S006,ss3,Fx,0.1650099822817144,0.8291635536691845
lab7015,full_day1,VT,tv_ss1__te_ss2ss3,S006,ss3,Fz,0.115765058834538,0.962619470886418
lab7015,full_day1,VT,tv_ss1__te_ss2ss3,S007,ss3,Fx,0.1606267667156294,0.8402581638344647
lab7015,full_day1,VT,tv_ss1__te_ss2ss3,S007,ss3,Fz,0.1060818115224835,0.9541765101034424
lab7015,full_day1,VT,tv_ss1__te_ss2ss3,S008,ss3,Fx,0.1590056829840147,0.8960478335661819
lab7015,full_day1,VT,tv_ss1__te_ss2ss3,S008,ss3,Fz,0.1604791093301703,0.945905521765178
lab7015,full_day1,VT,tv_ss1__te_ss2ss3,S009,ss3,Fx,0.1931868902216756,0.6757585795230463
lab7015,full_day1,VT,tv_ss1__te_ss2ss3,S009,ss3,Fz,0.1866414737768894,0.8675468250863856
lab7015,full_day1,VT,tv_ss1__te_ss2ss3,S010,ss3,Fx,0.139491713044325,0.8768675940839438
lab7015,full_day1,VT,tv_ss1__te_ss2ss3,S010,ss3,Fz,0.1158504049743213,0.9470889590385568
lab7015,full_day1,VT,tv_ss1__te_ss2ss3,S012,ss3,Fx,0.13764146259488,0.9320688908199536
lab7015,full_day1,VT,tv_ss1__te_ss2ss3,S012,ss3,Fz,0.1175338405089477,0.954666431678271
lab7015,full_day1,VT,tv_ss1__te_ss2ss3,S013,ss3,Fx,0.1240976553903537,0.9377028861282024
lab7015,full_day1,VT,tv_ss1__te_ss2ss3,S013,ss3,Fz,0.1011325124844138,0.957929855180116
lab7015,full_day1,VT,tv_ss1__te_ss2ss3,S014,ss3,Fx,0.1937235688282553,0.674301530478333
lab7015,full_day1,VT,tv_ss1__te_ss2ss3,S014,ss3,Fz,0.1342799548902489,0.9214113464948526
lab7015,full_day1,VT,tv_ss1__te_ss2ss3,S015,ss3,Fx,0.1567435993587208,0.7898921993118644
lab7015,full_day1,VT,tv_ss1__te_ss2ss3,S015,ss3,Fz,0.1137301839783008,0.9565279410361908
lab7015,full_day1,VT,tv_ss1__te_ss2ss3,S016,ss3,Fx,0.123024088662619,0.906906465097219
lab7015,full_day1,VT,tv_ss1__te_ss2ss3,S016,ss3,Fz,0.1458831516264227,0.9076077440382312
lab7015,full_day1,VT,tv_ss1__te_ss2ss3,S017,ss3,Fx,0.1212052878878399,0.9465945406123856
lab7015,full_day1,VT,tv_ss1__te_ss2ss3,S017,ss3,Fz,0.1189406373652973,0.9498021482863948
lab7015,full_day1,VT,tv_ss1__te_ss2ss3,S018,ss3,Fx,0.1305925848590046,0.9198375182949268
lab7015,full_day1,VT,tv_ss1__te_ss2ss3,S018,ss3,Fz,0.1167871478886461,0.94935196454067
lab7015,full_day1,VT,tv_ss1__te_ss2ss3,S019,ss3,Fx,0.1622216715438276,0.8392266301117356
lab7015,full_day1,VT,tv_ss1__te_ss2ss3,S019,ss3,Fz,0.1086605801885958,0.9636930019739464
lab7015,full_day1,APVT,tv_ss2__te_ss1ss3,S001,ss1,Fx,0.1229618755935483,0.9298968101593345
lab7015,full_day1,APVT,tv_ss2__te_ss1ss3,S001,ss1,Fz,0.078888497044411,0.9613498906804652
lab7015,full_day1,APVT,tv_ss2__te_ss1ss3,S002,ss1,Fx,0.176598095308871,0.8201107584034171
lab7015,full_day1,APVT,tv_ss2__te_ss1ss3,S002,ss1,Fz,0.1111125449486555,0.902195466312896
lab7015,full_day1,APVT,tv_ss2__te_ss1ss3,S003,ss1,Fx,0.1004353917038168,0.935198613525342
lab7015,full_day1,APVT,tv_ss2__te_ss1ss3,S003,ss1,Fz,0.0881178372136015,0.9524764918935554
lab7015,full_day1,APVT,tv_ss2__te_ss1ss3,S004,ss1,Fx,0.0953667819511533,0.936549396813694
lab7015,full_day1,APVT,tv_ss2__te_ss1ss3,S004,ss1,Fz,0.0937805607699115,0.9552123719896034
lab7015,full_day1,APVT,tv_ss2__te_ss1ss3,S005,ss1,Fx,0.128407492480785,0.932512820519615
lab7015,full_day1,APVT,tv_ss2__te_ss1ss3,S005,ss1,Fz,0.1361566596574946,0.9230737510461854
lab7015,full_day1,APVT,tv_ss2__te_ss1ss3,S006,ss1,Fx,0.0862610147593132,0.9579411819236168
lab7015,full_day1,APVT,tv_ss2__te_ss1ss3,S006,ss1,Fz,0.0727674694766797,0.9587976700404732
lab7015,full_day1,APVT,tv_ss2__te_ss1ss3,S007,ss1,Fx,0.0949821901343373,0.9428183766788102
lab7015,full_day1,APVT,tv_ss2__te_ss1ss3,S007,ss1,Fz,0.1231636070890802,0.9325903408206132
lab7015,full_day1,APVT,tv_ss2__te_ss1ss3,S008,ss1,Fx,0.0850801800119091,0.9457708809583764
lab7015,full_day1,APVT,tv_ss2__te_ss1ss3,S008,ss1,Fz,0.1467072681891563,0.9328588193066232
lab7015,full_day1,APVT,tv_ss2__te_ss1ss3,S009,ss1,Fx,0.1432434078468929,0.8875565031952994
lab7015,full_day1,APVT,tv_ss2__te_ss1ss3,S009,ss1,Fz,0.1456539826586451,0.8463802385251048
lab7015,full_day1,APVT,tv_ss2__te_ss1ss3,S010,ss1,Fx,0.1208454498661005,0.9013521744838529
lab7015,full_day1,APVT,tv_ss2__te_ss1ss3,S010,ss1,Fz,0.0879287490937499,0.923294075715998
lab7015,full_day1,APVT,tv_ss2__te_ss1ss3,S011,ss1,Fx,0.1071062283937267,0.9542461804508644
lab7015,full_day1,APVT,tv_ss2__te_ss1ss3,S011,ss1,Fz,0.1159275719824965,0.9583326243541712
lab7015,full_day1,APVT,tv_ss2__te_ss1ss3,S012,ss1,Fx,0.0896582421070425,0.9459281751094148
lab7015,full_day1,APVT,tv_ss2__te_ss1ss3,S012,ss1,Fz,0.0977350438941751,0.9361203905486108
lab7015,full_day1,APVT,tv_ss2__te_ss1ss3,S013,ss1,Fx,0.124177578789136,0.9216862573683092
lab7015,full_day1,APVT,tv_ss2__te_ss1ss3,S013,ss1,Fz,0.1116511790632901,0.9104429427369066
lab7015,full_day1,APVT,tv_ss2__te_ss1ss3,S015,ss1,Fx,0.1019539329350618,0.9421988599016377
lab7015,full_day1,APVT,tv_ss2__te_ss1ss3,S015,ss1,Fz,0.086518311497295,0.945646394945753
lab7015,full_day1,APVT,tv_ss2__te_ss1ss3,S016,ss1,Fx,0.2295516811137241,0.6596794224013098
lab7015,full_day1,APVT,tv_ss2__te_ss1ss3,S016,ss1,Fz,0.1506386628361334,0.8619096897931576
lab7015,full_day1,APVT,tv_ss2__te_ss1ss3,S017,ss1,Fx,0.1253849288873854,0.9349742350626942
lab7015,full_day1,APVT,tv_ss2__te_ss1ss3,S017,ss1,Fz,0.0650275384661089,0.962238755198586
lab7015,full_day1,APVT,tv_ss2__te_ss1ss3,S018,ss1,Fx,0.1384891209495935,0.8753482686030591
lab7015,full_day1,APVT,tv_ss2__te_ss1ss3,S018,ss1,Fz,0.0842707882802812,0.9592111685373216
lab7015,full_day1,APVT,tv_ss2__te_ss1ss3,S019,ss1,Fx,0.1473289836920019,0.9018932757717752
lab7015,full_day1,APVT,tv_ss2__te_ss1ss3,S019,ss1,Fz,0.0799186319958885,0.9571133465087548
lab7015,full_day1,APVT,tv_ss2__te_ss1ss3,S001,ss3,Fx,0.086570036009589,0.9716951961258244
lab7015,full_day1,APVT,tv_ss2__te_ss1ss3,S001,ss3,Fz,0.0760724073115208,0.9813839583949104
lab7015,full_day1,APVT,tv_ss2__te_ss1ss3,S002,ss3,Fx,0.0805495428119011,0.9411790310072896
lab7015,full_day1,APVT,tv_ss2__te_ss1ss3,S002,ss3,Fz,0.0828066950177169,0.9712434437720338
lab7015,full_day1,APVT,tv_ss2__te_ss1ss3,S003,ss3,Fx,0.0851559449951285,0.9544248051788584
lab7015,full_day1,APVT,tv_ss2__te_ss1ss3,S003,ss3,Fz,0.0645900885556073,0.9805613623850146
lab7015,full_day1,APVT,tv_ss2__te_ss1ss3,S004,ss3,Fx,0.093015302001854,0.9501050452943572
lab7015,full_day1,APVT,tv_ss2__te_ss1ss3,S004,ss3,Fz,0.0824785121947749,0.969076578922882
lab7015,full_day1,APVT,tv_ss2__te_ss1ss3,S005,ss3,Fx,0.0943300950642815,0.927250313268822
lab7015,full_day1,APVT,tv_ss2__te_ss1ss3,S005,ss3,Fz,0.0899074968366543,0.9626329309640804
lab7015,full_day1,APVT,tv_ss2__te_ss1ss3,S006,ss3,Fx,0.1202402814042353,0.8988419129263293
lab7015,full_day1,APVT,tv_ss2__te_ss1ss3,S006,ss3,Fz,0.0887600907106807,0.9725692678368032
lab7015,full_day1,APVT,tv_ss2__te_ss1ss3,S007,ss3,Fx,0.0918678046324926,0.9378409003379744
lab7015,full_day1,APVT,tv_ss2__te_ss1ss3,S007,ss3,Fz,0.0640997745648171,0.9772702542393232
lab7015,full_day1,APVT,tv_ss2__te_ss1ss3,S008,ss3,Fx,0.1214249969684721,0.9132535015803848
lab7015,full_day1,APVT,tv_ss2__te_ss1ss3,S008,ss3,Fz,0.1124225784913721,0.9662741807296776
lab7015,full_day1,APVT,tv_ss2__te_ss1ss3,S009,ss3,Fx,0.1319967859165601,0.8535835697234724
lab7015,full_day1,APVT,tv_ss2__te_ss1ss3,S009,ss3,Fz,0.1284783373762076,0.9213877151980728
lab7015,full_day1,APVT,tv_ss2__te_ss1ss3,S010,ss3,Fx,0.0906595520291914,0.9422658220154464
lab7015,full_day1,APVT,tv_ss2__te_ss1ss3,S010,ss3,Fz,0.078777369635813,0.966778898325854
lab7015,full_day1,APVT,tv_ss2__te_ss1ss3,S012,ss3,Fx,0.0806945826683451,0.963040078647251
lab7015,full_day1,APVT,tv_ss2__te_ss1ss3,S012,ss3,Fz,0.0683042918871181,0.9790505845617932
lab7015,full_day1,APVT,tv_ss2__te_ss1ss3,S013,ss3,Fx,0.0880390818807939,0.9641952522187868
lab7015,full_day1,APVT,tv_ss2__te_ss1ss3,S013,ss3,Fz,0.0763210003655944,0.9725681974256896
lab7015,full_day1,APVT,tv_ss2__te_ss1ss3,S015,ss3,Fx,0.1115768245877257,0.8907446979281114
lab7015,full_day1,APVT,tv_ss2__te_ss1ss3,S015,ss3,Fz,0.0691257021912713,0.9801945029196854
lab7015,full_day1,APVT,tv_ss2__te_ss1ss3,S016,ss3,Fx,0.0747550940809546,0.9566118998702052
lab7015,full_day1,APVT,tv_ss2__te_ss1ss3,S016,ss3,Fz,0.1125741292204068,0.9483969798702886
lab7015,full_day1,APVT,tv_ss2__te_ss1ss3,S017,ss3,Fx,0.068915514797,0.9750889492955056
lab7015,full_day1,APVT,tv_ss2__te_ss1ss3,S017,ss3,Fz,0.0858571657430223,0.9714281209782112
lab7015,full_day1,APVT,tv_ss2__te_ss1ss3,S018,ss3,Fx,0.096762701351962,0.9374191517891244
lab7015,full_day1,APVT,tv_ss2__te_ss1ss3,S018,ss3,Fz,0.0772024789184165,0.9709028893818564
lab7015,full_day1,APVT,tv_ss2__te_ss1ss3,S019,ss3,Fx,0.0940546719170568,0.9329492496309286
lab7015,full_day1,APVT,tv_ss2__te_ss1ss3,S019,ss3,Fz,0.074626149857132,0.9806165781782188
lab7015,full_day1,VT,tv_te_ss1,S001,ss1,Fx,0.1028025881843476,0.9215883640574778
lab7015,full_day1,VT,tv_te_ss1,S001,ss1,Fz,0.1001529557754023,0.9400165146686632
lab7015,full_day1,VT,tv_te_ss1,S002,ss1,Fx,0.1223193687475537,0.8843495602355362
lab7015,full_day1,VT,tv_te_ss1,S002,ss1,Fz,0.0841694834019885,0.9405678304701324
lab7015,full_day1,VT,tv_te_ss1,S003,ss1,Fx,0.0760682812871558,0.9515769644922676
lab7015,full_day1,VT,tv_te_ss1,S003,ss1,Fz,0.0815308952757178,0.9556555643648764
lab7015,full_day1,VT,tv_te_ss1,S004,ss1,Fx,0.075057802113956,0.9603706643045388
lab7015,full_day1,VT,tv_te_ss1,S004,ss1,Fz,0.0840962165450741,0.963821841443116
lab7015,full_day1,VT,tv_te_ss1,S005,ss1,Fx,0.0726673444196582,0.9550873330450024
lab7015,full_day1,VT,tv_te_ss1,S005,ss1,Fz,0.1065286294810484,0.950284970697303
lab7015,full_day1,VT,tv_te_ss1,S006,ss1,Fx,0.0748005668181588,0.9681040525092725
lab7015,full_day1,VT,tv_te_ss1,S006,ss1,Fz,0.0682760209283027,0.9623313884706838
lab7015,full_day1,VT,tv_te_ss1,S007,ss1,Fx,0.0738109329574557,0.9582850500560272
lab7015,full_day1,VT,tv_te_ss1,S007,ss1,Fz,0.0896684482329979,0.941121103592012
lab7015,full_day1,VT,tv_te_ss1,S008,ss1,Fx,0.0673478333149323,0.9669671174709972
lab7015,full_day1,VT,tv_te_ss1,S008,ss1,Fz,0.1183936262501054,0.96007383472124
lab7015,full_day1,VT,tv_te_ss1,S009,ss1,Fx,0.1002298604949492,0.9122344699655685
lab7015,full_day1,VT,tv_te_ss1,S009,ss1,Fz,0.106457924101938,0.900476503174449
lab7015,full_day1,VT,tv_te_ss1,S010,ss1,Fx,0.0865703602011456,0.9364827804080592
lab7015,full_day1,VT,tv_te_ss1,S010,ss1,Fz,0.0683693025512436,0.952014269682612
lab7015,full_day1,VT,tv_te_ss1,S011,ss1,Fx,0.0665619443147563,0.9700950801760416
lab7015,full_day1,VT,tv_te_ss1,S011,ss1,Fz,0.1184213966019824,0.9701033067138174
lab7015,full_day1,VT,tv_te_ss1,S012,ss1,Fx,0.0610500764538109,0.9755667513077046
lab7015,full_day1,VT,tv_te_ss1,S012,ss1,Fz,0.0675953190229123,0.9629246952664434
lab7015,full_day1,VT,tv_te_ss1,S013,ss1,Fx,0.0803629289710188,0.9502019631031025
lab7015,full_day1,VT,tv_te_ss1,S013,ss1,Fz,0.0897792888963008,0.936803940149278
lab7015,full_day1,VT,tv_te_ss1,S014,ss1,Fx,0.0901774164638258,0.9348980668451874
lab7015,full_day1,VT,tv_te_ss1,S014,ss1,Fz,0.1189723604959442,0.8895296941354707
lab7015,full_day1,VT,tv_te_ss1,S015,ss1,Fx,0.0845505027019362,0.9379546187635298
lab7015,full_day1,VT,tv_te_ss1,S015,ss1,Fz,0.0660733875963429,0.9700084741525112
lab7015,full_day1,VT,tv_te_ss1,S016,ss1,Fx,0.2283273330248198,0.5572457219471408
lab7015,full_day1,VT,tv_te_ss1,S016,ss1,Fz,0.1763945923206701,0.7632315503054546
lab7015,full_day1,VT,tv_te_ss1,S017,ss1,Fx,0.0666084631516399,0.9689685291757084
lab7015,full_day1,VT,tv_te_ss1,S017,ss1,Fz,0.0570990404339005,0.979378382305214
lab7015,full_day1,VT,tv_te_ss1,S018,ss1,Fx,0.0728659811224114,0.9609125080885428
lab7015,full_day1,VT,tv_te_ss1,S018,ss1,Fz,0.0609756000865461,0.9809314770327752
lab7015,full_day1,VT,tv_te_ss1,S019,ss1,Fx,0.1049735658599143,0.9217900039601008
lab7015,full_day1,VT,tv_te_ss1,S019,ss1,Fz,0.0746298906412708,0.9607286314896678
lab7015,full_day1,APVT,tv_te_ss123,S001,ss1,Fx,0.1100056501442769,0.9320273674665448
lab7015,full_day1,APVT,tv_te_ss123,S001,ss1,Fz,0.0760799784322266,0.963720720472993
lab7015,full_day1,APVT,tv_te_ss123,S002,ss1,Fx,0.134084186359999,0.8285330461643472
lab7015,full_day1,APVT,tv_te_ss123,S002,ss1,Fz,0.0897983287819128,0.9368572176305064
lab7015,full_day1,APVT,tv_te_ss123,S003,ss1,Fx,0.0753349353458978,0.954240438688623
lab7015,full_day1,APVT,tv_te_ss123,S003,ss1,Fz,0.0716263795657964,0.9643658921991244
lab7015,full_day1,APVT,tv_te_ss123,S004,ss1,Fx,0.0698112131421818,0.9660341629569066
lab7015,full_day1,APVT,tv_te_ss123,S004,ss1,Fz,0.0799502198143869,0.9686594759193032
lab7015,full_day1,APVT,tv_te_ss123,S005,ss1,Fx,0.0809000199512581,0.9549439564419688
lab7015,full_day1,APVT,tv_te_ss123,S005,ss1,Fz,0.1111798070202194,0.9408125269884752
lab7015,full_day1,APVT,tv_te_ss123,S006,ss1,Fx,0.0692013910661929,0.9675256132514908
lab7015,full_day1,APVT,tv_te_ss123,S006,ss1,Fz,0.0691817734259297,0.9646556493564354
lab7015,full_day1,APVT,tv_te_ss123,S007,ss1,Fx,0.0756996025031556,0.9598650671141497
lab7015,full_day1,APVT,tv_te_ss123,S007,ss1,Fz,0.0930062054977624,0.9547642324646292
lab7015,full_day1,APVT,tv_te_ss123,S008,ss1,Fx,0.0664899660999812,0.968328861646538
lab7015,full_day1,APVT,tv_te_ss123,S008,ss1,Fz,0.1114873960989716,0.9585901136112206
lab7015,full_day1,APVT,tv_te_ss123,S009,ss1,Fx,0.108502384213761,0.9191086346954256
lab7015,full_day1,APVT,tv_te_ss123,S009,ss1,Fz,0.106148571994342,0.9063759930653272
lab7015,full_day1,APVT,tv_te_ss123,S010,ss1,Fx,0.0851083835036229,0.9340383352355932
lab7015,full_day1,APVT,tv_te_ss123,S010,ss1,Fz,0.0706364291636544,0.9470670192590988
lab7015,full_day1,APVT,tv_te_ss123,S011,ss1,Fx,0.0831761288962393,0.9632747998938912
lab7015,full_day1,APVT,tv_te_ss123,S011,ss1,Fz,0.1098247611050982,0.9677783812528652
lab7015,full_day1,APVT,tv_te_ss123,S012,ss1,Fx,0.0781534120483641,0.9573162134999292
lab7015,full_day1,APVT,tv_te_ss123,S012,ss1,Fz,0.0832896810348799,0.958962517783513
lab7015,full_day1,APVT,tv_te_ss123,S013,ss1,Fx,0.0894782585793481,0.9355962300004992
lab7015,full_day1,APVT,tv_te_ss123,S013,ss1,Fz,0.092859391074505,0.9369380807559068
lab7015,full_day1,APVT,tv_te_ss123,S014,ss1,Fx,0.0957927694683098,0.9268413585975134
lab7015,full_day1,APVT,tv_te_ss123,S014,ss1,Fz,0.1300567186601018,0.8912327481286196
lab7015,full_day1,APVT,tv_te_ss123,S015,ss1,Fx,0.0819167096123237,0.9464052759716238
lab7015,full_day1,APVT,tv_te_ss123,S015,ss1,Fz,0.0628125785440889,0.9705907868939194
lab7015,full_day1,APVT,tv_te_ss123,S016,ss1,Fx,0.240025740705968,0.6078991375335198
lab7015,full_day1,APVT,tv_te_ss123,S016,ss1,Fz,0.1562894118094376,0.837927882554198
lab7015,full_day1,APVT,tv_te_ss123,S017,ss1,Fx,0.0748651076413427,0.9599599057752944
lab7015,full_day1,APVT,tv_te_ss123,S017,ss1,Fz,0.0508158408278305,0.980079335267859
lab7015,full_day1,APVT,tv_te_ss123,S018,ss1,Fx,0.0835477360216073,0.9499317041341891
lab7015,full_day1,APVT,tv_te_ss123,S018,ss1,Fz,0.0678692484788248,0.9774858506103644
lab7015,full_day1,APVT,tv_te_ss123,S019,ss1,Fx,0.1093556288374709,0.9206063219126042
lab7015,full_day1,APVT,tv_te_ss123,S019,ss1,Fz,0.0746439773147762,0.961826655090578
lab7015,full_day1,APVT,tv_te_ss123,S001,ss2,Fx,0.0687931166742204,0.9637085622363318
lab7015,full_day1,APVT,tv_te_ss123,S001,ss2,Fz,0.0522126503058578,0.9843361351318716
lab7015,full_day1,APVT,tv_te_ss123,S002,ss2,Fx,0.0928734971209157,0.9197078962127244
lab7015,full_day1,APVT,tv_te_ss123,S002,ss2,Fz,0.0667804654110008,0.9715711999168212
lab7015,full_day1,APVT,tv_te_ss123,S003,ss2,Fx,0.058581904997704,0.9771149781322424
lab7015,full_day1,APVT,tv_te_ss123,S003,ss2,Fz,0.0589024066908399,0.9813154497393468
lab7015,full_day1,APVT,tv_te_ss123,S004,ss2,Fx,0.0797760095888254,0.9565064854919476
lab7015,full_day1,APVT,tv_te_ss123,S004,ss2,Fz,0.0858318050995626,0.967040181473978
lab7015,full_day1,APVT,tv_te_ss123,S005,ss2,Fx,0.0749108243380621,0.9547837188422448
lab7015,full_day1,APVT,tv_te_ss123,S005,ss2,Fz,0.097966848721604,0.9578359473192049
lab7015,full_day1,APVT,tv_te_ss123,S006,ss2,Fx,0.0852432854892301,0.9486419876168845
lab7015,full_day1,APVT,tv_te_ss123,S006,ss2,Fz,0.0612112705108343,0.9760268851097174
lab7015,full_day1,APVT,tv_te_ss123,S007,ss2,Fx,0.058563833904298,0.969594972197687
lab7015,full_day1,APVT,tv_te_ss123,S007,ss2,Fz,0.0725427091669005,0.972008386258283
lab7015,full_day1,APVT,tv_te_ss123,S008,ss2,Fx,0.0881029272872978,0.9437811173248456
lab7015,full_day1,APVT,tv_te_ss123,S008,ss2,Fz,0.1075584195978522,0.9656048428088866
lab7015,full_day1,APVT,tv_te_ss123,S009,ss2,Fx,0.1056076248593348,0.9200620708099748
lab7015,full_day1,APVT,tv_te_ss123,S009,ss2,Fz,0.1024165830514304,0.9399541678639028
lab7015,full_day1,APVT,tv_te_ss123,S010,ss2,Fx,0.0680516005064424,0.9688685812565542
lab7015,full_day1,APVT,tv_te_ss123,S010,ss2,Fz,0.054239648075074,0.9783381861047918
lab7015,full_day1,APVT,tv_te_ss123,S011,ss2,Fx,0.0743004904481656,0.971736938463678
lab7015,full_day1,APVT,tv_te_ss123,S011,ss2,Fz,0.1104833071189666,0.9760237421933038
lab7015,full_day1,APVT,tv_te_ss123,S012,ss2,Fx,0.0886947394659623,0.9479218931853248
lab7015,full_day1,APVT,tv_te_ss123,S012,ss2,Fz,0.0778738688442425,0.9727685207020514
lab7015,full_day1,APVT,tv_te_ss123,S013,ss2,Fx,0.0776495389799334,0.9588477498524232
lab7015,full_day1,APVT,tv_te_ss123,S013,ss2,Fz,0.0829564593657739,0.95392407402109
lab7015,full_day1,APVT,tv_te_ss123,S015,ss2,Fx,0.0729439201866679,0.9624358707222396
lab7015,full_day1,APVT,tv_te_ss123,S015,ss2,Fz,0.0456544355759685,0.9856487177466442
lab7015,full_day1,APVT,tv_te_ss123,S016,ss2,Fx,0.0861859255439617,0.9518192424814736
lab7015,full_day1,APVT,tv_te_ss123,S016,ss2,Fz,0.073869322245988,0.9760932412746234
lab7015,full_day1,APVT,tv_te_ss123,S017,ss2,Fx,0.0533759236012273,0.9766182626629843
lab7015,full_day1,APVT,tv_te_ss123,S017,ss2,Fz,0.0474218076640546,0.9850905688073264
lab7015,full_day1,APVT,tv_te_ss123,S018,ss2,Fx,0.0767835233402303,0.9546480774585416
lab7015,full_day1,APVT,tv_te_ss123,S018,ss2,Fz,0.0644202656283003,0.9844681377009624
lab7015,full_day1,APVT,tv_te_ss123,S019,ss2,Fx,0.1171691011569339,0.8974328992797362
lab7015,full_day1,APVT,tv_te_ss123,S019,ss2,Fz,0.0767387808666186,0.9683541186377376
lab7015,full_day1,APVT,tv_te_ss123,S001,ss3,Fx,0.065505029623909,0.9677913267241992
lab7015,full_day1,APVT,tv_te_ss123,S001,ss3,Fz,0.0553016917220756,0.985108470184808
lab7015,full_day1,APVT,tv_te_ss123,S002,ss3,Fx,0.0927820602122683,0.9326606852159266
lab7015,full_day1,APVT,tv_te_ss123,S002,ss3,Fz,0.0759017738359012,0.9715035608269248
lab7015,full_day1,APVT,tv_te_ss123,S003,ss3,Fx,0.0472616459405966,0.984891056205219
lab7015,full_day1,APVT,tv_te_ss123,S003,ss3,Fz,0.0499409902225833,0.9866805940445008
lab7015,full_day1,APVT,tv_te_ss123,S004,ss3,Fx,0.0520416673037504,0.9797407185879878
lab7015,full_day1,APVT,tv_te_ss123,S004,ss3,Fz,0.0572341520205498,0.98808343172411
lab7015,full_day1,APVT,tv_te_ss123,S005,ss3,Fx,0.069277938187803,0.9570700964486496
lab7015,full_day1,APVT,tv_te_ss123,S005,ss3,Fz,0.0848416256091957,0.9663475784913858
lab7015,full_day1,APVT,tv_te_ss123,S006,ss3,Fx,0.1047265360788214,0.9229812556376528
lab7015,full_day1,APVT,tv_te_ss123,S006,ss3,Fz,0.0651777289992134,0.9778963010839176
lab7015,full_day1,APVT,tv_te_ss123,S007,ss3,Fx,0.0511205978963627,0.9788131137205712
lab7015,full_day1,APVT,tv_te_ss123,S007,ss3,Fz,0.0583112803846031,0.9826665488205892
lab7015,full_day1,APVT,tv_te_ss123,S008,ss3,Fx,0.1074684402563938,0.9264196800325004
lab7015,full_day1,APVT,tv_te_ss123,S008,ss3,Fz,0.1009240159492185,0.968031074110497
lab7015,full_day1,APVT,tv_te_ss123,S009,ss3,Fx,0.1041448688332545,0.9153652171973188
lab7015,full_day1,APVT,tv_te_ss123,S009,ss3,Fz,0.1164528635999683,0.9397277045673336
lab7015,full_day1,APVT,tv_te_ss123,S010,ss3,Fx,0.0612336952664948,0.9702925799910078
lab7015,full_day1,APVT,tv_te_ss123,S010,ss3,Fz,0.057100036877964,0.9795262243120167
lab7015,full_day1,APVT,tv_te_ss123,S012,ss3,Fx,0.0547321514250138,0.9798116627335274
lab7015,full_day1,APVT,tv_te_ss123,S012,ss3,Fz,0.0603094954336434,0.9842657109089066
lab7015,full_day1,APVT,tv_te_ss123,S013,ss3,Fx,0.0779446404143158,0.9612054060483888
lab7015,full_day1,APVT,tv_te_ss123,S013,ss3,Fz,0.0744958491128956,0.9718820429844977
lab7015,full_day1,APVT,tv_te_ss123,S014,ss3,Fx,0.1030285076783012,0.8986632102904922
lab7015,full_day1,APVT,tv_te_ss123,S014,ss3,Fz,0.0861258681214146,0.9601410321975276
lab7015,full_day1,APVT,tv_te_ss123,S015,ss3,Fx,0.0706180271476123,0.9654019260112608
lab7015,full_day1,APVT,tv_te_ss123,S015,ss3,Fz,0.048153483376708,0.9864424155222324
lab7015,full_day1,APVT,tv_te_ss123,S016,ss3,Fx,0.0882877704886721,0.9456721989342464
lab7015,full_day1,APVT,tv_te_ss123,S016,ss3,Fz,0.0834615103101584,0.9751166081546456
lab7015,full_day1,APVT,tv_te_ss123,S017,ss3,Fx,0.0583975541782884,0.9790275519596128
lab7015,full_day1,APVT,tv_te_ss123,S017,ss3,Fz,0.0661116087256391,0.9779079398305964
lab7015,full_day1,APVT,tv_te_ss123,S018,ss3,Fx,0.0594514242069234,0.9715882727819812
lab7015,full_day1,APVT,tv_te_ss123,S018,ss3,Fz,0.0457976309239615,0.9905151641037224
lab7015,full_day1,APVT,tv_te_ss123,S019,ss3,Fx,0.069347213691957,0.9648296678127948
lab7015,full_day1,APVT,tv_te_ss123,S019,ss3,Fz,0.0625922606076523,0.9854446513441582
lab7015,full_day1,AP,tv_te_ss3,S001,ss3,Fx,0.0656522507285062,0.9650129450841
lab7015,full_day1,AP,tv_te_ss3,S001,ss3,Fz,0.0640786453989475,0.982602930236112
lab7015,full_day1,AP,tv_te_ss3,S002,ss3,Fx,0.1126052527092389,0.9071277612204124
lab7015,full_day1,AP,tv_te_ss3,S002,ss3,Fz,0.0813346166982927,0.9685963325841306
lab7015,full_day1,AP,tv_te_ss3,S003,ss3,Fx,0.0416400285560326,0.9869989756618788
lab7015,full_day1,AP,tv_te_ss3,S003,ss3,Fz,0.0518785107226846,0.9862515369131512
lab7015,full_day1,AP,tv_te_ss3,S004,ss3,Fx,0.0534089635205881,0.976943983670147
lab7015,full_day1,AP,tv_te_ss3,S004,ss3,Fz,0.0515745313116466,0.986207124483898
lab7015,full_day1,AP,tv_te_ss3,S005,ss3,Fx,0.0803422806623209,0.9420119682302546
lab7015,full_day1,AP,tv_te_ss3,S005,ss3,Fz,0.0842037905280458,0.960310662101012
lab7015,full_day1,AP,tv_te_ss3,S006,ss3,Fx,0.0979427259092913,0.9317210304729469
lab7015,full_day1,AP,tv_te_ss3,S006,ss3,Fz,0.0637298700318384,0.9791335681203048
lab7015,full_day1,AP,tv_te_ss3,S007,ss3,Fx,0.0519970978365064,0.9788273732759316
lab7015,full_day1,AP,tv_te_ss3,S007,ss3,Fz,0.0580922471986349,0.9810821964728352
lab7015,full_day1,AP,tv_te_ss3,S008,ss3,Fx,0.0958998056868739,0.9341610147476886
lab7015,full_day1,AP,tv_te_ss3,S008,ss3,Fz,0.0994773677431794,0.96826146004533
lab7015,full_day1,AP,tv_te_ss3,S009,ss3,Fx,0.1206888893446656,0.9079151454932626
lab7015,full_day1,AP,tv_te_ss3,S009,ss3,Fz,0.1012759923513028,0.9504633024414672
lab7015,full_day1,AP,tv_te_ss3,S010,ss3,Fx,0.0612074644074748,0.966980227800976
lab7015,full_day1,AP,tv_te_ss3,S010,ss3,Fz,0.0503758754820324,0.9832394093239758
lab7015,full_day1,AP,tv_te_ss3,S012,ss3,Fx,0.0571527781770088,0.977845358244537
lab7015,full_day1,AP,tv_te_ss3,S012,ss3,Fz,0.0614946195411247,0.979320378494769
lab7015,full_day1,AP,tv_te_ss3,S013,ss3,Fx,0.0590966826644325,0.9743842734586056
lab7015,full_day1,AP,tv_te_ss3,S013,ss3,Fz,0.0743124661519663,0.9689588020485566
lab7015,full_day1,AP,tv_te_ss3,S014,ss3,Fx,0.0743189779096528,0.9473835297589728
lab7015,full_day1,AP,tv_te_ss3,S014,ss3,Fz,0.0855758336074428,0.960099626501906
lab7015,full_day1,AP,tv_te_ss3,S015,ss3,Fx,0.061865733259907,0.968346043876393
lab7015,full_day1,AP,tv_te_ss3,S015,ss3,Fz,0.0465752289603371,0.9857365825703786
lab7015,full_day1,AP,tv_te_ss3,S016,ss3,Fx,0.0868126948456316,0.948523228198323
lab7015,full_day1,AP,tv_te_ss3,S016,ss3,Fz,0.0950858455036676,0.9662868903375028
lab7015,full_day1,AP,tv_te_ss3,S017,ss3,Fx,0.0592901542560142,0.974289303182572
lab7015,full_day1,AP,tv_te_ss3,S017,ss3,Fz,0.0705222570311444,0.9738435925173652
lab7015,full_day1,AP,tv_te_ss3,S018,ss3,Fx,0.0619144130733462,0.965402861183224
lab7015,full_day1,AP,tv_te_ss3,S018,ss3,Fz,0.0497156249580341,0.9881634415087014
lab7015,full_day1,AP,tv_te_ss3,S019,ss3,Fx,0.0749510869334065,0.9581607392786752
lab7015,full_day1,AP,tv_te_ss3,S019,ss3,Fz,0.0549573826830466,0.9852504864479682
lab7015,full_day1,VT,tv_te_ss3,S001,ss3,Fx,0.0636812546808473,0.965538685380317
lab7015,full_day1,VT,tv_te_ss3,S001,ss3,Fz,0.059886217926973,0.984660793874978
lab7015,full_day1,VT,tv_te_ss3,S002,ss3,Fx,0.0976004619441282,0.9308124804980622
lab7015,full_day1,VT,tv_te_ss3,S002,ss3,Fz,0.0807955681604329,0.966960759374456
lab7015,full_day1,VT,tv_te_ss3,S003,ss3,Fx,0.042508245222656,0.9865680221362294
lab7015,full_day1,VT,tv_te_ss3,S003,ss3,Fz,0.0550821148074206,0.9837900227076622
lab7015,full_day1,VT,tv_te_ss3,S004,ss3,Fx,0.0585991510359744,0.9694960861344268
lab7015,full_day1,VT,tv_te_ss3,S004,ss3,Fz,0.0536677030924733,0.9862508094746908
lab7015,full_day1,VT,tv_te_ss3,S005,ss3,Fx,0.0805492655406753,0.9412939644338654
lab7015,full_day1,VT,tv_te_ss3,S005,ss3,Fz,0.0823693502368431,0.9663399130866716
lab7015,full_day1,VT,tv_te_ss3,S006,ss3,Fx,0.1046216001963784,0.9224405969787588
lab7015,full_day1,VT,tv_te_ss3,S006,ss3,Fz,0.0713609611947705,0.976963831922656
lab7015,full_day1,VT,tv_te_ss3,S007,ss3,Fx,0.0501897818829845,0.9791356738261168
lab7015,full_day1,VT,tv_te_ss3,S007,ss3,Fz,0.0601796276142371,0.9806075901962222
lab7015,full_day1,VT,tv_te_ss3,S008,ss3,Fx,0.1028868228735143,0.9179864752179052
lab7015,full_day1,VT,tv_te_ss3,S008,ss3,Fz,0.1003769346342539,0.9670021053615632
lab7015,full_day1,VT,tv_te_ss3,S009,ss3,Fx,0.1175478894494091,0.8983779618963048
lab7015,full_day1,VT,tv_te_ss3,S009,ss3,Fz,0.1176045062391139,0.9259597000520068
lab7015,full_day1,VT,tv_te_ss3,S010,ss3,Fx,0.0658937921594644,0.960285870955962
lab7015,full_day1,VT,tv_te_ss3,S010,ss3,Fz,0.0564675395107766,0.9788700995683814
lab7015,full_day1,VT,tv_te_ss3,S012,ss3,Fx,0.0547557306753849,0.9790062859954848
lab7015,full_day1,VT,tv_te_ss3,S012,ss3,Fz,0.0638409288800871,0.979120097834685
lab7015,full_day1,VT,tv_te_ss3,S013,ss3,Fx,0.0640865857068512,0.967194499943347
lab7015,full_day1,VT,tv_te_ss3,S013,ss3,Fz,0.0780271479574532,0.9641048946926578
lab7015,full_day1,VT,tv_te_ss3,S014,ss3,Fx,0.0789458670837243,0.9461592171389048
lab7015,full_day1,VT,tv_te_ss3,S014,ss3,Fz,0.0802493913023387,0.96552588812735
lab7015,full_day1,VT,tv_te_ss3,S015,ss3,Fx,0.0705035197696862,0.961518003064476
lab7015,full_day1,VT,tv_te_ss3,S015,ss3,Fz,0.046781730535024,0.9853544913991412
lab7015,full_day1,VT,tv_te_ss3,S016,ss3,Fx,0.1018869869951292,0.9250490293326512
lab7015,full_day1,VT,tv_te_ss3,S016,ss3,Fz,0.1021648933885294,0.9581643555278576
lab7015,full_day1,VT,tv_te_ss3,S017,ss3,Fx,0.0600076993236662,0.9737618321679896
lab7015,full_day1,VT,tv_te_ss3,S017,ss3,Fz,0.066192952881396,0.9782758624523412
lab7015,full_day1,VT,tv_te_ss3,S018,ss3,Fx,0.0627965104641854,0.9652902096549072
lab7015,full_day1,VT,tv_te_ss3,S018,ss3,Fz,0.0507623733561739,0.9900685287377828
lab7015,full_day1,VT,tv_te_ss3,S019,ss3,Fx,0.0790784578068343,0.9496867363912934
lab7015,full_day1,VT,tv_te_ss3,S019,ss3,Fz,0.0600374998726929,0.9821942229234054
lab7015,percent005_day1_case1,VT,tv_ss1__te_ss2ss3,S001,ss2,Fx,0.1965005568337753,0.6142924215200598
lab7015,percent005_day1_case1,VT,tv_ss1__te_ss2ss3,S001,ss2,Fz,0.1867707788210701,0.7872698126330312
lab7015,percent005_day1_case1,VT,tv_ss1__te_ss2ss3,S002,ss2,Fx,0.1341645314133223,0.8188425399723618
lab7015,percent005_day1_case1,VT,tv_ss1__te_ss2ss3,S002,ss2,Fz,0.1405788500372167,0.8891024965562625
lab7015,percent005_day1_case1,VT,tv_ss1__te_ss2ss3,S003,ss2,Fx,0.138749125319932,0.8881979182815417
lab7015,percent005_day1_case1,VT,tv_ss1__te_ss2ss3,S003,ss2,Fz,0.1104429191716278,0.940908892330146
lab7015,percent005_day1_case1,VT,tv_ss1__te_ss2ss3,S004,ss2,Fx,0.1258624868864512,0.9153854435784372
lab7015,percent005_day1_case1,VT,tv_ss1__te_ss2ss3,S004,ss2,Fz,0.1442643650985391,0.885021463189742
lab7015,percent005_day1_case1,VT,tv_ss1__te_ss2ss3,S005,ss2,Fx,0.1237336516112249,0.8892818772823392
lab7015,percent005_day1_case1,VT,tv_ss1__te_ss2ss3,S005,ss2,Fz,0.1294251232339154,0.8969946158184929
lab7015,percent005_day1_case1,VT,tv_ss1__te_ss2ss3,S006,ss2,Fx,0.1526062193832772,0.8540480168853172
lab7015,percent005_day1_case1,VT,tv_ss1__te_ss2ss3,S006,ss2,Fz,0.1025072234363896,0.940703477762727
lab7015,percent005_day1_case1,VT,tv_ss1__te_ss2ss3,S007,ss2,Fx,0.121820034895822,0.8743834259361656
lab7015,percent005_day1_case1,VT,tv_ss1__te_ss2ss3,S007,ss2,Fz,0.1095833432636709,0.931831628306898
lab7015,percent005_day1_case1,VT,tv_ss1__te_ss2ss3,S008,ss2,Fx,0.1365978400673282,0.9000760067304076
lab7015,percent005_day1_case1,VT,tv_ss1__te_ss2ss3,S008,ss2,Fz,0.1516192844068477,0.9013459694220014
lab7015,percent005_day1_case1,VT,tv_ss1__te_ss2ss3,S009,ss2,Fx,0.1701044030967397,0.7263253812419327
lab7015,percent005_day1_case1,VT,tv_ss1__te_ss2ss3,S009,ss2,Fz,0.1397874863037844,0.8715691129666566
lab7015,percent005_day1_case1,VT,tv_ss1__te_ss2ss3,S010,ss2,Fx,0.1555385373388381,0.9006744097674597
lab7015,percent005_day1_case1,VT,tv_ss1__te_ss2ss3,S010,ss2,Fz,0.131016811802533,0.906796098006641
lab7015,percent005_day1_case1,VT,tv_ss1__te_ss2ss3,S011,ss2,Fx,0.1801675299527289,0.6539235060422289
lab7015,percent005_day1_case1,VT,tv_ss1__te_ss2ss3,S011,ss2,Fz,0.1852612771992049,0.8183230756142117
lab7015,percent005_day1_case1,VT,tv_ss1__te_ss2ss3,S012,ss2,Fx,0.1568869740941672,0.8274042130214738
lab7015,percent005_day1_case1,VT,tv_ss1__te_ss2ss3,S012,ss2,Fz,0.1045418954442263,0.9444063825182866
lab7015,percent005_day1_case1,VT,tv_ss1__te_ss2ss3,S013,ss2,Fx,0.1311104076418833,0.8700001005234153
lab7015,percent005_day1_case1,VT,tv_ss1__te_ss2ss3,S013,ss2,Fz,0.141021239869217,0.8605463757467288
lab7015,percent005_day1_case1,VT,tv_ss1__te_ss2ss3,S015,ss2,Fx,0.1735705005946937,0.7404347921190926
lab7015,percent005_day1_case1,VT,tv_ss1__te_ss2ss3,S015,ss2,Fz,0.1127616448432515,0.9219920080120678
lab7015,percent005_day1_case1,VT,tv_ss1__te_ss2ss3,S016,ss2,Fx,0.1365805822944829,0.879491810559089
lab7015,percent005_day1_case1,VT,tv_ss1__te_ss2ss3,S016,ss2,Fz,0.1412167214928663,0.8866342057104291
lab7015,percent005_day1_case1,VT,tv_ss1__te_ss2ss3,S017,ss2,Fx,0.1217024065141436,0.8832844861732845
lab7015,percent005_day1_case1,VT,tv_ss1__te_ss2ss3,S017,ss2,Fz,0.084222295701587,0.9533028868008188
lab7015,percent005_day1_case1,VT,tv_ss1__te_ss2ss3,S018,ss2,Fx,0.155223500067228,0.8407291223622659
lab7015,percent005_day1_case1,VT,tv_ss1__te_ss2ss3,S018,ss2,Fz,0.126766868051592,0.9226547467549802
lab7015,percent005_day1_case1,VT,tv_ss1__te_ss2ss3,S019,ss2,Fx,0.1874591780637119,0.7039954608632822
lab7015,percent005_day1_case1,VT,tv_ss1__te_ss2ss3,S019,ss2,Fz,0.1205900717994807,0.9151555640153046
lab7015,percent005_day1_case1,VT,tv_ss1__te_ss2ss3,S001,ss3,Fx,0.1963217598349809,0.7031987700352046
lab7015,percent005_day1_case1,VT,tv_ss1__te_ss2ss3,S001,ss3,Fz,0.1811218158187494,0.8836773224034292
lab7015,percent005_day1_case1,VT,tv_ss1__te_ss2ss3,S002,ss3,Fx,0.1683916809548425,0.7353239800374677
lab7015,percent005_day1_case1,VT,tv_ss1__te_ss2ss3,S002,ss3,Fz,0.1755313457735557,0.8735678181021062
lab7015,percent005_day1_case1,VT,tv_ss1__te_ss2ss3,S003,ss3,Fx,0.1988831299747787,0.621834651770734
lab7015,percent005_day1_case1,VT,tv_ss1__te_ss2ss3,S003,ss3,Fz,0.1378796763782983,0.908355176100113
lab7015,percent005_day1_case1,VT,tv_ss1__te_ss2ss3,S004,ss3,Fx,0.2082878072385962,0.5870520622601926
lab7015,percent005_day1_case1,VT,tv_ss1__te_ss2ss3,S004,ss3,Fz,0.164733483364323,0.8753443821724428
lab7015,percent005_day1_case1,VT,tv_ss1__te_ss2ss3,S005,ss3,Fx,0.2047189713104093,0.5665088283037455
lab7015,percent005_day1_case1,VT,tv_ss1__te_ss2ss3,S005,ss3,Fz,0.1497001212177001,0.8947233843211047
lab7015,percent005_day1_case1,VT,tv_ss1__te_ss2ss3,S006,ss3,Fx,0.2020630952007933,0.7349318322875434
lab7015,percent005_day1_case1,VT,tv_ss1__te_ss2ss3,S006,ss3,Fz,0.1390717654887886,0.9009173147320948
lab7015,percent005_day1_case1,VT,tv_ss1__te_ss2ss3,S007,ss3,Fx,0.1420517148736761,0.8798829679844196
lab7015,percent005_day1_case1,VT,tv_ss1__te_ss2ss3,S007,ss3,Fz,0.1588623419161843,0.8682973366073949
lab7015,percent005_day1_case1,VT,tv_ss1__te_ss2ss3,S008,ss3,Fx,0.1803282540330426,0.8390411653696604
lab7015,percent005_day1_case1,VT,tv_ss1__te_ss2ss3,S008,ss3,Fz,0.1810228535574508,0.8652517170892328
lab7015,percent005_day1_case1,VT,tv_ss1__te_ss2ss3,S009,ss3,Fx,0.266959367623303,0.1991379642876587
lab7015,percent005_day1_case1,VT,tv_ss1__te_ss2ss3,S009,ss3,Fz,0.1748711470238655,0.8514673379164236
lab7015,percent005_day1_case1,VT,tv_ss1__te_ss2ss3,S010,ss3,Fx,0.1500204146160461,0.9246250723127636
lab7015,percent005_day1_case1,VT,tv_ss1__te_ss2ss3,S010,ss3,Fz,0.1194277957640526,0.9325621399454608
lab7015,percent005_day1_case1,VT,tv_ss1__te_ss2ss3,S012,ss3,Fx,0.1814269633590631,0.766845343144274
lab7015,percent005_day1_case1,VT,tv_ss1__te_ss2ss3,S012,ss3,Fz,0.1096065881376718,0.9578053203684316
lab7015,percent005_day1_case1,VT,tv_ss1__te_ss2ss3,S013,ss3,Fx,0.1614379127217985,0.8380923968158512
lab7015,percent005_day1_case1,VT,tv_ss1__te_ss2ss3,S013,ss3,Fz,0.1365049868456475,0.9029478968877788
lab7015,percent005_day1_case1,VT,tv_ss1__te_ss2ss3,S014,ss3,Fx,0.2616942622122039,0.1395279964781182
lab7015,percent005_day1_case1,VT,tv_ss1__te_ss2ss3,S014,ss3,Fz,0.1950231147670876,0.7747713772981757
lab7015,percent005_day1_case1,VT,tv_ss1__te_ss2ss3,S015,ss3,Fx,0.2104827690008721,0.5791265009000361
lab7015,percent005_day1_case1,VT,tv_ss1__te_ss2ss3,S015,ss3,Fz,0.129183006112618,0.9018339956499448
lab7015,percent005_day1_case1,VT,tv_ss1__te_ss2ss3,S016,ss3,Fx,0.1354993089235307,0.8714810742438596
lab7015,percent005_day1_case1,VT,tv_ss1__te_ss2ss3,S016,ss3,Fz,0.1709347320781377,0.8126284075150224
lab7015,percent005_day1_case1,VT,tv_ss1__te_ss2ss3,S017,ss3,Fx,0.2063287568875128,0.6504560512188363
lab7015,percent005_day1_case1,VT,tv_ss1__te_ss2ss3,S017,ss3,Fz,0.1516155707428329,0.8594363715080275
lab7015,percent005_day1_case1,VT,tv_ss1__te_ss2ss3,S018,ss3,Fx,0.1703272809515747,0.8168001955150214
lab7015,percent005_day1_case1,VT,tv_ss1__te_ss2ss3,S018,ss3,Fz,0.1623078575971196,0.8714189400790543
lab7015,percent005_day1_case1,VT,tv_ss1__te_ss2ss3,S019,ss3,Fx,0.191467142514124,0.7431128491017162
lab7015,percent005_day1_case1,VT,tv_ss1__te_ss2ss3,S019,ss3,Fz,0.138138050858064,0.8974079300242632
lab7015,percent005_day1_case1,APVT,tv_ss2__te_ss1ss3,S001,ss1,Fx,0.1444841849201095,0.8758181312082726
lab7015,percent005_day1_case1,APVT,tv_ss2__te_ss1ss3,S001,ss1,Fz,0.1353845979678459,0.8750966464775436
lab7015,percent005_day1_case1,APVT,tv_ss2__te_ss1ss3,S002,ss1,Fx,0.2191739457549811,0.6730955615819368
lab7015,percent005_day1_case1,APVT,tv_ss2__te_ss1ss3,S002,ss1,Fz,0.2149573559483013,0.8458814641820904
lab7015,percent005_day1_case1,APVT,tv_ss2__te_ss1ss3,S003,ss1,Fx,0.1146028389150902,0.9457523467256606
lab7015,percent005_day1_case1,APVT,tv_ss2__te_ss1ss3,S003,ss1,Fz,0.1529324966489113,0.8875294870461724
lab7015,percent005_day1_case1,APVT,tv_ss2__te_ss1ss3,S004,ss1,Fx,0.1257065775827655,0.8644579152875803
lab7015,percent005_day1_case1,APVT,tv_ss2__te_ss1ss3,S004,ss1,Fz,0.1000335702510922,0.9386846671417785
lab7015,percent005_day1_case1,APVT,tv_ss2__te_ss1ss3,S005,ss1,Fx,0.1654958113854568,0.8741945331849852
lab7015,percent005_day1_case1,APVT,tv_ss2__te_ss1ss3,S005,ss1,Fz,0.1870911643513363,0.833770299421109
lab7015,percent005_day1_case1,APVT,tv_ss2__te_ss1ss3,S006,ss1,Fx,0.119036827780558,0.9116494862259824
lab7015,percent005_day1_case1,APVT,tv_ss2__te_ss1ss3,S006,ss1,Fz,0.0911331170941686,0.9403757382627416
lab7015,percent005_day1_case1,APVT,tv_ss2__te_ss1ss3,S007,ss1,Fx,0.1191177094917077,0.9022194904911176
lab7015,percent005_day1_case1,APVT,tv_ss2__te_ss1ss3,S007,ss1,Fz,0.1270334778067873,0.896214476549004
lab7015,percent005_day1_case1,APVT,tv_ss2__te_ss1ss3,S008,ss1,Fx,0.0920771390512659,0.96145393429319
lab7015,percent005_day1_case1,APVT,tv_ss2__te_ss1ss3,S008,ss1,Fz,0.1648536886514549,0.9381017533480168
lab7015,percent005_day1_case1,APVT,tv_ss2__te_ss1ss3,S009,ss1,Fx,0.2336799555508152,0.7766108266031443
lab7015,percent005_day1_case1,APVT,tv_ss2__te_ss1ss3,S009,ss1,Fz,0.1953314266608796,0.7845754000939771
lab7015,percent005_day1_case1,APVT,tv_ss2__te_ss1ss3,S010,ss1,Fx,0.1749946019156873,0.8365388250696879
lab7015,percent005_day1_case1,APVT,tv_ss2__te_ss1ss3,S010,ss1,Fz,0.1070056830873042,0.8893041759455892
lab7015,percent005_day1_case1,APVT,tv_ss2__te_ss1ss3,S011,ss1,Fx,0.2323382003161819,0.820992153210786
lab7015,percent005_day1_case1,APVT,tv_ss2__te_ss1ss3,S011,ss1,Fz,0.1449010880652384,0.9282709676169624
lab7015,percent005_day1_case1,APVT,tv_ss2__te_ss1ss3,S012,ss1,Fx,0.1167755432214255,0.9293929317730272
lab7015,percent005_day1_case1,APVT,tv_ss2__te_ss1ss3,S012,ss1,Fz,0.12523276631295,0.9362300983004314
lab7015,percent005_day1_case1,APVT,tv_ss2__te_ss1ss3,S013,ss1,Fx,0.1653300104764638,0.8244575496960632
lab7015,percent005_day1_case1,APVT,tv_ss2__te_ss1ss3,S013,ss1,Fz,0.1994924215013506,0.908425882875149
lab7015,percent005_day1_case1,APVT,tv_ss2__te_ss1ss3,S015,ss1,Fx,0.1516845201335113,0.8680079410315462
lab7015,percent005_day1_case1,APVT,tv_ss2__te_ss1ss3,S015,ss1,Fz,0.1057940872469677,0.9128234475446888
lab7015,percent005_day1_case1,APVT,tv_ss2__te_ss1ss3,S016,ss1,Fx,0.3343508960973962,0.3958134658734798
lab7015,percent005_day1_case1,APVT,tv_ss2__te_ss1ss3,S016,ss1,Fz,0.1545660208304578,0.8442426617774181
lab7015,percent005_day1_case1,APVT,tv_ss2__te_ss1ss3,S017,ss1,Fx,0.1607070122957668,0.8737123125390042
lab7015,percent005_day1_case1,APVT,tv_ss2__te_ss1ss3,S017,ss1,Fz,0.0725254077192907,0.9532549037829596
lab7015,percent005_day1_case1,APVT,tv_ss2__te_ss1ss3,S018,ss1,Fx,0.1553167896814272,0.8557282259902155
lab7015,percent005_day1_case1,APVT,tv_ss2__te_ss1ss3,S018,ss1,Fz,0.0958703235011932,0.9496764608563936
lab7015,percent005_day1_case1,APVT,tv_ss2__te_ss1ss3,S019,ss1,Fx,0.1825171512305506,0.7773175454836019
lab7015,percent005_day1_case1,APVT,tv_ss2__te_ss1ss3,S019,ss1,Fz,0.1000180038637879,0.928886124364698
lab7015,percent005_day1_case1,APVT,tv_ss2__te_ss1ss3,S001,ss3,Fx,0.1167868402545374,0.908465681000086
lab7015,percent005_day1_case1,APVT,tv_ss2__te_ss1ss3,S001,ss3,Fz,0.1098207176562776,0.94478171061505
lab7015,percent005_day1_case1,APVT,tv_ss2__te_ss1ss3,S002,ss3,Fx,0.108269084081131,0.8920187949718117
lab7015,percent005_day1_case1,APVT,tv_ss2__te_ss1ss3,S002,ss3,Fz,0.1049443285637522,0.9485632110917404
lab7015,percent005_day1_case1,APVT,tv_ss2__te_ss1ss3,S003,ss3,Fx,0.1335218075282796,0.8460955417406503
lab7015,percent005_day1_case1,APVT,tv_ss2__te_ss1ss3,S003,ss3,Fz,0.0726453493568297,0.9724009965437368
lab7015,percent005_day1_case1,APVT,tv_ss2__te_ss1ss3,S004,ss3,Fx,0.1252731932395966,0.8919776752299784
lab7015,percent005_day1_case1,APVT,tv_ss2__te_ss1ss3,S004,ss3,Fz,0.1153012106011563,0.9458455043553
lab7015,percent005_day1_case1,APVT,tv_ss2__te_ss1ss3,S005,ss3,Fx,0.1441039064378781,0.8226112962297094
lab7015,percent005_day1_case1,APVT,tv_ss2__te_ss1ss3,S005,ss3,Fz,0.1111678752906085,0.940555051561543
lab7015,percent005_day1_case1,APVT,tv_ss2__te_ss1ss3,S006,ss3,Fx,0.1519984819366444,0.8388034502580689
lab7015,percent005_day1_case1,APVT,tv_ss2__te_ss1ss3,S006,ss3,Fz,0.1159596058979191,0.9377824208522176
lab7015,percent005_day1_case1,APVT,tv_ss2__te_ss1ss3,S007,ss3,Fx,0.1166867085903784,0.9021435831851452
lab7015,percent005_day1_case1,APVT,tv_ss2__te_ss1ss3,S007,ss3,Fz,0.0917910169211422,0.9494765137594792
lab7015,percent005_day1_case1,APVT,tv_ss2__te_ss1ss3,S008,ss3,Fx,0.1595093329142963,0.8294059616717042
lab7015,percent005_day1_case1,APVT,tv_ss2__te_ss1ss3,S008,ss3,Fz,0.1518065047742494,0.9302560409289378
lab7015,percent005_day1_case1,APVT,tv_ss2__te_ss1ss3,S009,ss3,Fx,0.1993868929295567,0.6587317989454041
lab7015,percent005_day1_case1,APVT,tv_ss2__te_ss1ss3,S009,ss3,Fz,0.169119034970296,0.8315559967935489
lab7015,percent005_day1_case1,APVT,tv_ss2__te_ss1ss3,S010,ss3,Fx,0.0775212703838716,0.9678282172566705
lab7015,percent005_day1_case1,APVT,tv_ss2__te_ss1ss3,S010,ss3,Fz,0.060649969494066,0.976296212222342
lab7015,percent005_day1_case1,APVT,tv_ss2__te_ss1ss3,S012,ss3,Fx,0.1498825593853863,0.8231183706125779
lab7015,percent005_day1_case1,APVT,tv_ss2__te_ss1ss3,S012,ss3,Fz,0.0890928852039444,0.9633820684447324
lab7015,percent005_day1_case1,APVT,tv_ss2__te_ss1ss3,S013,ss3,Fx,0.1110180065275264,0.9315745995855677
lab7015,percent005_day1_case1,APVT,tv_ss2__te_ss1ss3,S013,ss3,Fz,0.080451816721294,0.9677679329467068
lab7015,percent005_day1_case1,APVT,tv_ss2__te_ss1ss3,S015,ss3,Fx,0.1333545083460821,0.854976261332116
lab7015,percent005_day1_case1,APVT,tv_ss2__te_ss1ss3,S015,ss3,Fz,0.0980661105528388,0.9598019043409458
lab7015,percent005_day1_case1,APVT,tv_ss2__te_ss1ss3,S016,ss3,Fx,0.1280213918631059,0.8733136490126695
lab7015,percent005_day1_case1,APVT,tv_ss2__te_ss1ss3,S016,ss3,Fz,0.139065877332932,0.9503506688448417
lab7015,percent005_day1_case1,APVT,tv_ss2__te_ss1ss3,S017,ss3,Fx,0.1104766924219769,0.9036567068960284
lab7015,percent005_day1_case1,APVT,tv_ss2__te_ss1ss3,S017,ss3,Fz,0.1198065449244442,0.9009419796221252
lab7015,percent005_day1_case1,APVT,tv_ss2__te_ss1ss3,S018,ss3,Fx,0.1219986053628407,0.8762138883361225
lab7015,percent005_day1_case1,APVT,tv_ss2__te_ss1ss3,S018,ss3,Fz,0.1035055560167355,0.9394562644874364
lab7015,percent005_day1_case1,APVT,tv_ss2__te_ss1ss3,S019,ss3,Fx,0.1407693842927857,0.8564255532137187
lab7015,percent005_day1_case1,APVT,tv_ss2__te_ss1ss3,S019,ss3,Fz,0.0968558799577115,0.9534331914518792
lab7015,percent005_day1_case1,VT,tv_te_ss1,S001,ss1,Fx,0.1669078148214812,0.7575701926125747
lab7015,percent005_day1_case1,VT,tv_te_ss1,S001,ss1,Fz,0.1806411073291253,0.7244438072266917
lab7015,percent005_day1_case1,VT,tv_te_ss1,S002,ss1,Fx,0.1506570824993169,0.7707999722143649
lab7015,percent005_day1_case1,VT,tv_te_ss1,S002,ss1,Fz,0.1163705570764493,0.8943447992880782
lab7015,percent005_day1_case1,VT,tv_te_ss1,S003,ss1,Fx,0.0883617598369105,0.9337796415890912
lab7015,percent005_day1_case1,VT,tv_te_ss1,S003,ss1,Fz,0.0941583270208205,0.9490609313193016
lab7015,percent005_day1_case1,VT,tv_te_ss1,S004,ss1,Fx,0.1117436242587339,0.8936702563427211
lab7015,percent005_day1_case1,VT,tv_te_ss1,S004,ss1,Fz,0.1181509883289509,0.923551872932583
lab7015,percent005_day1_case1,VT,tv_te_ss1,S005,ss1,Fx,0.1522126329976739,0.8076458191002078
lab7015,percent005_day1_case1,VT,tv_te_ss1,S005,ss1,Fz,0.1562497255099085,0.8280814044759545
lab7015,percent005_day1_case1,VT,tv_te_ss1,S006,ss1,Fx,0.1026208752917762,0.9234726420829816
lab7015,percent005_day1_case1,VT,tv_te_ss1,S006,ss1,Fz,0.0744833149965683,0.9527807988004596
lab7015,percent005_day1_case1,VT,tv_te_ss1,S007,ss1,Fx,0.1060171329510028,0.9044105060610238
lab7015,percent005_day1_case1,VT,tv_te_ss1,S007,ss1,Fz,0.1046969175126292,0.9006959490088865
lab7015,percent005_day1_case1,VT,tv_te_ss1,S008,ss1,Fx,0.1071709246262922,0.9186636605540476
lab7015,percent005_day1_case1,VT,tv_te_ss1,S008,ss1,Fz,0.1446692974973791,0.9214113551605466
lab7015,percent005_day1_case1,VT,tv_te_ss1,S009,ss1,Fx,0.1280107239783101,0.8628377719594061
lab7015,percent005_day1_case1,VT,tv_te_ss1,S009,ss1,Fz,0.1370907697983855,0.8467291209041081
lab7015,percent005_day1_case1,VT,tv_te_ss1,S010,ss1,Fx,0.1003101306061498,0.9052916978681252
lab7015,percent005_day1_case1,VT,tv_te_ss1,S010,ss1,Fz,0.0801764546993912,0.9332877756718232
lab7015,percent005_day1_case1,VT,tv_te_ss1,S011,ss1,Fx,0.1207830807758697,0.9075499198605804
lab7015,percent005_day1_case1,VT,tv_te_ss1,S011,ss1,Fz,0.1655233180143588,0.918470233925112
lab7015,percent005_day1_case1,VT,tv_te_ss1,S012,ss1,Fx,0.1136760711244176,0.9131078494644356
lab7015,percent005_day1_case1,VT,tv_te_ss1,S012,ss1,Fz,0.1017190417786149,0.9456940124907076
lab7015,percent005_day1_case1,VT,tv_te_ss1,S013,ss1,Fx,0.1138118488549606,0.8921023124355043
lab7015,percent005_day1_case1,VT,tv_te_ss1,S013,ss1,Fz,0.1205936067042304,0.8963015024871356
lab7015,percent005_day1_case1,VT,tv_te_ss1,S014,ss1,Fx,0.1320288383760106,0.8512856206913921
lab7015,percent005_day1_case1,VT,tv_te_ss1,S014,ss1,Fz,0.1814629654683992,0.7372520319910342
lab7015,percent005_day1_case1,VT,tv_te_ss1,S015,ss1,Fx,0.1059409365382388,0.9188647328201126
lab7015,percent005_day1_case1,VT,tv_te_ss1,S015,ss1,Fz,0.0901364214370797,0.940028818616983
lab7015,percent005_day1_case1,VT,tv_te_ss1,S016,ss1,Fx,0.249638169254437,0.5077649205887566
lab7015,percent005_day1_case1,VT,tv_te_ss1,S016,ss1,Fz,0.1945255312107815,0.7329073058009979
lab7015,percent005_day1_case1,VT,tv_te_ss1,S017,ss1,Fx,0.0909412997334376,0.9372513145995957
lab7015,percent005_day1_case1,VT,tv_te_ss1,S017,ss1,Fz,0.0695746653681589,0.9634018365735252
lab7015,percent005_day1_case1,VT,tv_te_ss1,S018,ss1,Fx,0.111359974910942,0.9168229048307368
lab7015,percent005_day1_case1,VT,tv_te_ss1,S018,ss1,Fz,0.0889733094570208,0.9403278997127328
lab7015,percent005_day1_case1,VT,tv_te_ss1,S019,ss1,Fx,0.1591034477514736,0.7899791824104514
lab7015,percent005_day1_case1,VT,tv_te_ss1,S019,ss1,Fz,0.1194345740363961,0.916425559177989
lab7015,percent005_day1_case1,APVT,tv_te_ss123,S001,ss1,Fx,0.1477934460261939,0.8941651671333438
lab7015,percent005_day1_case1,APVT,tv_te_ss123,S001,ss1,Fz,0.1053804444292756,0.9209159098307392
lab7015,percent005_day1_case1,APVT,tv_te_ss123,S002,ss1,Fx,0.1357318473249283,0.8066233897427991
lab7015,percent005_day1_case1,APVT,tv_te_ss123,S002,ss1,Fz,0.1054831081369558,0.9233328604065204
lab7015,percent005_day1_case1,APVT,tv_te_ss123,S003,ss1,Fx,0.0770479152301099,0.9572727097993748
lab7015,percent005_day1_case1,APVT,tv_te_ss123,S003,ss1,Fz,0.1326508154175599,0.9274063243490576
lab7015,percent005_day1_case1,APVT,tv_te_ss123,S004,ss1,Fx,0.1003370378091998,0.9118770159635832
lab7015,percent005_day1_case1,APVT,tv_te_ss123,S004,ss1,Fz,0.0769487579829383,0.9742091359764512
lab7015,percent005_day1_case1,APVT,tv_te_ss123,S005,ss1,Fx,0.1109687355199462,0.9205231783003452
lab7015,percent005_day1_case1,APVT,tv_te_ss123,S005,ss1,Fz,0.106387016945816,0.924580464561236
lab7015,percent005_day1_case1,APVT,tv_te_ss123,S006,ss1,Fx,0.085691646994219,0.9507943593961526
lab7015,percent005_day1_case1,APVT,tv_te_ss123,S006,ss1,Fz,0.0658144361596212,0.9629870555096935
lab7015,percent005_day1_case1,APVT,tv_te_ss123,S007,ss1,Fx,0.0867246160209121,0.9383183344754732
lab7015,percent005_day1_case1,APVT,tv_te_ss123,S007,ss1,Fz,0.0868341082813354,0.9329882696355934
lab7015,percent005_day1_case1,APVT,tv_te_ss123,S008,ss1,Fx,0.0771177616641154,0.9586300946162438
lab7015,percent005_day1_case1,APVT,tv_te_ss123,S008,ss1,Fz,0.132015989824111,0.9481057536243376
lab7015,percent005_day1_case1,APVT,tv_te_ss123,S009,ss1,Fx,0.1268081002963163,0.8857993532551458
lab7015,percent005_day1_case1,APVT,tv_te_ss123,S009,ss1,Fz,0.1475991208448894,0.8454047681924
lab7015,percent005_day1_case1,APVT,tv_te_ss123,S010,ss1,Fx,0.1054807266027625,0.9015243256796946
lab7015,percent005_day1_case1,APVT,tv_te_ss123,S010,ss1,Fz,0.0816899260396198,0.9227789509577808
lab7015,percent005_day1_case1,APVT,tv_te_ss123,S011,ss1,Fx,0.1036487451790383,0.9397822191763068
lab7015,percent005_day1_case1,APVT,tv_te_ss123,S011,ss1,Fz,0.1122898240236239,0.9555112580442808
lab7015,percent005_day1_case1,APVT,tv_te_ss123,S012,ss1,Fx,0.0775312049841817,0.9641777150248704
lab7015,percent005_day1_case1,APVT,tv_te_ss123,S012,ss1,Fz,0.0985817349035712,0.9299967347242684
lab7015,percent005_day1_case1,APVT,tv_te_ss123,S013,ss1,Fx,0.1035757070669057,0.9061758673646292
lab7015,percent005_day1_case1,APVT,tv_te_ss123,S013,ss1,Fz,0.1492177953248842,0.8641002093295649
lab7015,percent005_day1_case1,APVT,tv_te_ss123,S014,ss1,Fx,0.1189258450078574,0.8975554505175646
lab7015,percent005_day1_case1,APVT,tv_te_ss123,S014,ss1,Fz,0.1823933513192035,0.7943151773467095
lab7015,percent005_day1_case1,APVT,tv_te_ss123,S015,ss1,Fx,0.1058034329755364,0.9214413857079794
lab7015,percent005_day1_case1,APVT,tv_te_ss123,S015,ss1,Fz,0.0782333451398755,0.9529732190630676
lab7015,percent005_day1_case1,APVT,tv_te_ss123,S016,ss1,Fx,0.2886028311977474,0.4878750671263465
lab7015,percent005_day1_case1,APVT,tv_te_ss123,S016,ss1,Fz,0.1578293444494448,0.8300010468109535
lab7015,percent005_day1_case1,APVT,tv_te_ss123,S017,ss1,Fx,0.1120796922038526,0.9240090601522616
lab7015,percent005_day1_case1,APVT,tv_te_ss123,S017,ss1,Fz,0.0724616622611186,0.9547868516937966
lab7015,percent005_day1_case1,APVT,tv_te_ss123,S018,ss1,Fx,0.0895886661881976,0.9400709901534386
lab7015,percent005_day1_case1,APVT,tv_te_ss123,S018,ss1,Fz,0.074120315804995,0.9638185729377616
lab7015,percent005_day1_case1,APVT,tv_te_ss123,S019,ss1,Fx,0.1485618261553508,0.8328998819352347
lab7015,percent005_day1_case1,APVT,tv_te_ss123,S019,ss1,Fz,0.0912794636799703,0.945034280449544
lab7015,percent005_day1_case1,APVT,tv_te_ss123,S001,ss2,Fx,0.1095161207171545,0.9196153694325854
lab7015,percent005_day1_case1,APVT,tv_te_ss123,S001,ss2,Fz,0.0826725900307556,0.9604537133154482
lab7015,percent005_day1_case1,APVT,tv_te_ss123,S002,ss2,Fx,0.1485607886249282,0.7691361963051749
lab7015,percent005_day1_case1,APVT,tv_te_ss123,S002,ss2,Fz,0.0883233861724981,0.949043183118238
lab7015,percent005_day1_case1,APVT,tv_te_ss123,S003,ss2,Fx,0.0779049858132754,0.9694299390236488
lab7015,percent005_day1_case1,APVT,tv_te_ss123,S003,ss2,Fz,0.0786881653459623,0.9694480924437286
lab7015,percent005_day1_case1,APVT,tv_te_ss123,S004,ss2,Fx,0.0998822375598541,0.9213982866779802
lab7015,percent005_day1_case1,APVT,tv_te_ss123,S004,ss2,Fz,0.0945250400615373,0.9497428403228144
lab7015,percent005_day1_case1,APVT,tv_te_ss123,S005,ss2,Fx,0.0919442431496746,0.9467704901606924
lab7015,percent005_day1_case1,APVT,tv_te_ss123,S005,ss2,Fz,0.1114012471114322,0.9321831786194738
lab7015,percent005_day1_case1,APVT,tv_te_ss123,S006,ss2,Fx,0.1027856176821366,0.9248218743827614
lab7015,percent005_day1_case1,APVT,tv_te_ss123,S006,ss2,Fz,0.0637799594867626,0.9739326039091044
lab7015,percent005_day1_case1,APVT,tv_te_ss123,S007,ss2,Fx,0.0760520686456771,0.9528363577801632
lab7015,percent005_day1_case1,APVT,tv_te_ss123,S007,ss2,Fz,0.0851875832674775,0.9576891912059732
lab7015,percent005_day1_case1,APVT,tv_te_ss123,S008,ss2,Fx,0.0742733604842207,0.963580833557904
lab7015,percent005_day1_case1,APVT,tv_te_ss123,S008,ss2,Fz,0.118604381096981,0.9629231433218524
lab7015,percent005_day1_case1,APVT,tv_te_ss123,S009,ss2,Fx,0.1616417379101775,0.7845650759579366
lab7015,percent005_day1_case1,APVT,tv_te_ss123,S009,ss2,Fz,0.1526482609429858,0.8437120267334857
lab7015,percent005_day1_case1,APVT,tv_te_ss123,S010,ss2,Fx,0.0982960369835528,0.923066929682675
lab7015,percent005_day1_case1,APVT,tv_te_ss123,S010,ss2,Fz,0.0843665868033679,0.9463312367397396
lab7015,percent005_day1_case1,APVT,tv_te_ss123,S011,ss2,Fx,0.1323805805767965,0.8501504814788025
lab7015,percent005_day1_case1,APVT,tv_te_ss123,S011,ss2,Fz,0.1059880567542372,0.9696934447322474
lab7015,percent005_day1_case1,APVT,tv_te_ss123,S012,ss2,Fx,0.080653177624176,0.9569771159945034
lab7015,percent005_day1_case1,APVT,tv_te_ss123,S012,ss2,Fz,0.0869143183218977,0.963630014889642
lab7015,percent005_day1_case1,APVT,tv_te_ss123,S013,ss2,Fx,0.1038312717891206,0.9143467981623764
lab7015,percent005_day1_case1,APVT,tv_te_ss123,S013,ss2,Fz,0.1146253855746507,0.9230877210013072
lab7015,percent005_day1_case1,APVT,tv_te_ss123,S015,ss2,Fx,0.090283591400025,0.9416460896271096
lab7015,percent005_day1_case1,APVT,tv_te_ss123,S015,ss2,Fz,0.0616213427759615,0.9809951980229092
lab7015,percent005_day1_case1,APVT,tv_te_ss123,S016,ss2,Fx,0.1034626638328978,0.9440369027523812
lab7015,percent005_day1_case1,APVT,tv_te_ss123,S016,ss2,Fz,0.0843848206451609,0.9637390657550912
lab7015,percent005_day1_case1,APVT,tv_te_ss123,S017,ss2,Fx,0.0631528508964153,0.9701244769720564
lab7015,percent005_day1_case1,APVT,tv_te_ss123,S017,ss2,Fz,0.0602018971802999,0.980120390522772
lab7015,percent005_day1_case1,APVT,tv_te_ss123,S018,ss2,Fx,0.1145776169534708,0.8948821724344234
lab7015,percent005_day1_case1,APVT,tv_te_ss123,S018,ss2,Fz,0.0869828472373909,0.9700929122016296
lab7015,percent005_day1_case1,APVT,tv_te_ss123,S019,ss2,Fx,0.148124623990601,0.8437181386808597
lab7015,percent005_day1_case1,APVT,tv_te_ss123,S019,ss2,Fz,0.0897565868826164,0.9508094345714496
lab7015,percent005_day1_case1,APVT,tv_te_ss123,S001,ss3,Fx,0.0840386333161792,0.9438260218684714
lab7015,percent005_day1_case1,APVT,tv_te_ss123,S001,ss3,Fz,0.0752700998409833,0.9712291125927358
lab7015,percent005_day1_case1,APVT,tv_te_ss123,S002,ss3,Fx,0.1406823153764475,0.8008424411885248
lab7015,percent005_day1_case1,APVT,tv_te_ss123,S002,ss3,Fz,0.0854407892708925,0.9590552751494248
lab7015,percent005_day1_case1,APVT,tv_te_ss123,S003,ss3,Fx,0.0573234650950857,0.9866292935944904
lab7015,percent005_day1_case1,APVT,tv_te_ss123,S003,ss3,Fz,0.0722417997424647,0.975412801514308
lab7015,percent005_day1_case1,APVT,tv_te_ss123,S004,ss3,Fx,0.0707205243854243,0.9616891156898156
lab7015,percent005_day1_case1,APVT,tv_te_ss123,S004,ss3,Fz,0.0642176826424719,0.9782719745644508
lab7015,percent005_day1_case1,APVT,tv_te_ss123,S005,ss3,Fx,0.1136035322972166,0.8941143991019684
lab7015,percent005_day1_case1,APVT,tv_te_ss123,S005,ss3,Fz,0.0966789690205339,0.9525561726886932
lab7015,percent005_day1_case1,APVT,tv_te_ss123,S006,ss3,Fx,0.1270598128480239,0.8870468858752213
lab7015,percent005_day1_case1,APVT,tv_te_ss123,S006,ss3,Fz,0.0858949191230396,0.9712058155407642
lab7015,percent005_day1_case1,APVT,tv_te_ss123,S007,ss3,Fx,0.0665024450587573,0.973881857174975
lab7015,percent005_day1_case1,APVT,tv_te_ss123,S007,ss3,Fz,0.083886271275005,0.969659747002234
lab7015,percent005_day1_case1,APVT,tv_te_ss123,S008,ss3,Fx,0.141564337829584,0.8493217631551737
lab7015,percent005_day1_case1,APVT,tv_te_ss123,S008,ss3,Fz,0.1258448653271682,0.9584315086621898
lab7015,percent005_day1_case1,APVT,tv_te_ss123,S009,ss3,Fx,0.1423377888890841,0.7963347987894652
lab7015,percent005_day1_case1,APVT,tv_te_ss123,S009,ss3,Fz,0.1515221286825534,0.8804307252393858
lab7015,percent005_day1_case1,APVT,tv_te_ss123,S010,ss3,Fx,0.0693613589049192,0.9643154869508636
lab7015,percent005_day1_case1,APVT,tv_te_ss123,S010,ss3,Fz,0.059811366569142,0.9774526561410712
lab7015,percent005_day1_case1,APVT,tv_te_ss123,S012,ss3,Fx,0.0623026132129164,0.9720941911570604
lab7015,percent005_day1_case1,APVT,tv_te_ss123,S012,ss3,Fz,0.0642356382674345,0.9806487377594508
lab7015,percent005_day1_case1,APVT,tv_te_ss123,S013,ss3,Fx,0.0735322048567872,0.9678621520562222
lab7015,percent005_day1_case1,APVT,tv_te_ss123,S013,ss3,Fz,0.0754110130792472,0.9712194531233668
lab7015,percent005_day1_case1,APVT,tv_te_ss123,S014,ss3,Fx,0.2067887935853655,0.5837391177027699
lab7015,percent005_day1_case1,APVT,tv_te_ss123,S014,ss3,Fz,0.125422183165751,0.919797960151914
lab7015,percent005_day1_case1,APVT,tv_te_ss123,S015,ss3,Fx,0.0779766475181397,0.9601340673166354
lab7015,percent005_day1_case1,APVT,tv_te_ss123,S015,ss3,Fz,0.0509534218480359,0.9856238019215784
lab7015,percent005_day1_case1,APVT,tv_te_ss123,S016,ss3,Fx,0.1837474797799796,0.7903251176017595
lab7015,percent005_day1_case1,APVT,tv_te_ss123,S016,ss3,Fz,0.0977200835940692,0.9593815193136576
lab7015,percent005_day1_case1,APVT,tv_te_ss123,S017,ss3,Fx,0.0621942470067876,0.9685460938239268
lab7015,percent005_day1_case1,APVT,tv_te_ss123,S017,ss3,Fz,0.0863360111180537,0.959240107072946
lab7015,percent005_day1_case1,APVT,tv_te_ss123,S018,ss3,Fx,0.0664606496463085,0.9645365188765525
lab7015,percent005_day1_case1,APVT,tv_te_ss123,S018,ss3,Fz,0.062389822541521,0.9826723809194337
lab7015,percent005_day1_case1,APVT,tv_te_ss123,S019,ss3,Fx,0.080096480257007,0.9541575017947812
lab7015,percent005_day1_case1,APVT,tv_te_ss123,S019,ss3,Fz,0.0644937424806336,0.9770609985795192
lab7015,percent005_day1_case1,APVT,tv_te_ss2,S001,ss2,Fx,0.1130664177477695,0.8887697472326227
lab7015,percent005_day1_case1,APVT,tv_te_ss2,S001,ss2,Fz,0.1176087303140082,0.9056202122180153
lab7015,percent005_day1_case1,APVT,tv_te_ss2,S002,ss2,Fx,0.126477751607362,0.8640956134169532
lab7015,percent005_day1_case1,APVT,tv_te_ss2,S002,ss2,Fz,0.1051977846321329,0.9249665439995708
lab7015,percent005_day1_case1,APVT,tv_te_ss2,S003,ss2,Fx,0.0893521209005299,0.93463565113601
lab7015,percent005_day1_case1,APVT,tv_te_ss2,S003,ss2,Fz,0.085491469007945,0.9625735046885282
lab7015,percent005_day1_case1,APVT,tv_te_ss2,S004,ss2,Fx,0.1047953715419434,0.9130325235224486
lab7015,percent005_day1_case1,APVT,tv_te_ss2,S004,ss2,Fz,0.1244130303201236,0.8999411947394839
lab7015,percent005_day1_case1,APVT,tv_te_ss2,S005,ss2,Fx,0.1212477927517147,0.911191163860518
lab7015,percent005_day1_case1,APVT,tv_te_ss2,S005,ss2,Fz,0.1383373497360916,0.8917178174681529
lab7015,percent005_day1_case1,APVT,tv_te_ss2,S006,ss2,Fx,0.1181060089262882,0.898921230462026
lab7015,percent005_day1_case1,APVT,tv_te_ss2,S006,ss2,Fz,0.0949686026012043,0.9389467896021312
lab7015,percent005_day1_case1,APVT,tv_te_ss2,S007,ss2,Fx,0.0841685958843345,0.936509314258882
lab7015,percent005_day1_case1,APVT,tv_te_ss2,S007,ss2,Fz,0.0871144191233748,0.9439199512469733
lab7015,percent005_day1_case1,APVT,tv_te_ss2,S008,ss2,Fx,0.120444192316668,0.8898356293967202
lab7015,percent005_day1_case1,APVT,tv_te_ss2,S008,ss2,Fz,0.1344024598506144,0.9536256176707508
lab7015,percent005_day1_case1,APVT,tv_te_ss2,S009,ss2,Fx,0.1763251736979043,0.7259730310487065
lab7015,percent005_day1_case1,APVT,tv_te_ss2,S009,ss2,Fz,0.1504691271384447,0.8460543649678477
lab7015,percent005_day1_case1,APVT,tv_te_ss2,S010,ss2,Fx,0.1490404730820103,0.8530777564258224
lab7015,percent005_day1_case1,APVT,tv_te_ss2,S010,ss2,Fz,0.1026522008653819,0.9269640562571092
lab7015,percent005_day1_case1,APVT,tv_te_ss2,S011,ss2,Fx,0.1787058561966256,0.697037406072046
lab7015,percent005_day1_case1,APVT,tv_te_ss2,S011,ss2,Fz,0.1055945806849558,0.9611520370163976
lab7015,percent005_day1_case1,APVT,tv_te_ss2,S012,ss2,Fx,0.1332686058128201,0.8755122545512085
lab7015,percent005_day1_case1,APVT,tv_te_ss2,S012,ss2,Fz,0.093125514152311,0.9634207193223702
lab7015,percent005_day1_case1,APVT,tv_te_ss2,S013,ss2,Fx,0.1040787614617697,0.917009878957874
lab7015,percent005_day1_case1,APVT,tv_te_ss2,S013,ss2,Fz,0.1050867996125897,0.9272760065162432
lab7015,percent005_day1_case1,APVT,tv_te_ss2,S015,ss2,Fx,0.09514898532809,0.9251235235372496
lab7015,percent005_day1_case1,APVT,tv_te_ss2,S015,ss2,Fz,0.0736040495768629,0.9649000661866224
lab7015,percent005_day1_case1,APVT,tv_te_ss2,S016,ss2,Fx,0.1370885167070129,0.8946096525795033
lab7015,percent005_day1_case1,APVT,tv_te_ss2,S016,ss2,Fz,0.1341495795755391,0.933771672199192
lab7015,percent005_day1_case1,APVT,tv_te_ss2,S017,ss2,Fx,0.0671666837805479,0.9691753058626804
lab7015,percent005_day1_case1,APVT,tv_te_ss2,S017,ss2,Fz,0.0615844480303495,0.9692095798921064
lab7015,percent005_day1_case1,APVT,tv_te_ss2,S018,ss2,Fx,0.1213202163884828,0.8814139541522948
lab7015,percent005_day1_case1,APVT,tv_te_ss2,S018,ss2,Fz,0.1017410597424559,0.95086364623369
lab7015,percent005_day1_case1,APVT,tv_te_ss2,S019,ss2,Fx,0.1321522166471713,0.8685718021345795
lab7015,percent005_day1_case1,APVT,tv_te_ss2,S019,ss2,Fz,0.0954006344510896,0.9420454233663396
lab7015,percent005_day1_case1,AP,tv_te_ss3,S001,ss3,Fx,0.0795047116095298,0.9457105092523008
lab7015,percent005_day1_case1,AP,tv_te_ss3,S001,ss3,Fz,0.0852675271673743,0.9677032437597148
lab7015,percent005_day1_case1,AP,tv_te_ss3,S002,ss3,Fx,0.1110178886821446,0.8837846090753515
lab7015,percent005_day1_case1,AP,tv_te_ss3,S002,ss3,Fz,0.0964485008856169,0.9542367155473888
lab7015,percent005_day1_case1,AP,tv_te_ss3,S003,ss3,Fx,0.0706176971471491,0.959995594407682
lab7015,percent005_day1_case1,AP,tv_te_ss3,S003,ss3,Fz,0.0707874663449206,0.9760834824058442
lab7015,percent005_day1_case1,AP,tv_te_ss3,S004,ss3,Fx,0.0784699832213196,0.9499744610659332
lab7015,percent005_day1_case1,AP,tv_te_ss3,S004,ss3,Fz,0.0594365341927339,0.9813666129175116
lab7015,percent005_day1_case1,AP,tv_te_ss3,S005,ss3,Fx,0.1175213193813285,0.8749813017324921
lab7015,percent005_day1_case1,AP,tv_te_ss3,S005,ss3,Fz,0.0999325200020055,0.94769726108744
lab7015,percent005_day1_case1,AP,tv_te_ss3,S006,ss3,Fx,0.1112132342966446,0.9153685680815355
lab7015,percent005_day1_case1,AP,tv_te_ss3,S006,ss3,Fz,0.0780588792135371,0.9687490879726722
lab7015,percent005_day1_case1,AP,tv_te_ss3,S007,ss3,Fx,0.0573492609017419,0.9769675507587464
lab7015,percent005_day1_case1,AP,tv_te_ss3,S007,ss3,Fz,0.0974775729463513,0.9593754408202744
lab7015,percent005_day1_case1,AP,tv_te_ss3,S008,ss3,Fx,0.11886927010156,0.9113015139720386
lab7015,percent005_day1_case1,AP,tv_te_ss3,S008,ss3,Fz,0.1337060653243543,0.9371987043873672
lab7015,percent005_day1_case1,AP,tv_te_ss3,S009,ss3,Fx,0.1251037392039562,0.875139827470187
lab7015,percent005_day1_case1,AP,tv_te_ss3,S009,ss3,Fz,0.1264195816372778,0.9294157489075427
lab7015,percent005_day1_case1,AP,tv_te_ss3,S010,ss3,Fx,0.0768359241326102,0.9500392105195758
lab7015,percent005_day1_case1,AP,tv_te_ss3,S010,ss3,Fz,0.0706371544743618,0.9716815170358468
lab7015,percent005_day1_case1,AP,tv_te_ss3,S012,ss3,Fx,0.0755453344411574,0.9660234655749832
lab7015,percent005_day1_case1,AP,tv_te_ss3,S012,ss3,Fz,0.0779863568322355,0.9702427000124944
lab7015,percent005_day1_case1,AP,tv_te_ss3,S013,ss3,Fx,0.0924799597922359,0.9389924137626544
lab7015,percent005_day1_case1,AP,tv_te_ss3,S013,ss3,Fz,0.0896510618902875,0.9489961077583232
lab7015,percent005_day1_case1,AP,tv_te_ss3,S014,ss3,Fx,0.1907705969723923,0.6561196146176088
lab7015,percent005_day1_case1,AP,tv_te_ss3,S014,ss3,Fz,0.1596409504761032,0.8989152653559165
lab7015,percent005_day1_case1,AP,tv_te_ss3,S015,ss3,Fx,0.0799590744976365,0.9529350208650036
lab7015,percent005_day1_case1,AP,tv_te_ss3,S015,ss3,Fz,0.0504086045728654,0.9819692946777606
lab7015,percent005_day1_case1,AP,tv_te_ss3,S016,ss3,Fx,0.1131276674415399,0.9155599123773412
lab7015,percent005_day1_case1,AP,tv_te_ss3,S016,ss3,Fz,0.0957959280701812,0.9546167484263924
lab7015,percent005_day1_case1,AP,tv_te_ss3,S017,ss3,Fx,0.0635257470771929,0.9699181111518852
lab7015,percent005_day1_case1,AP,tv_te_ss3,S017,ss3,Fz,0.0855873885622193,0.9532675377208196
lab7015,percent005_day1_case1,AP,tv_te_ss3,S018,ss3,Fx,0.074755836079287,0.9519069252030556
lab7015,percent005_day1_case1,AP,tv_te_ss3,S018,ss3,Fz,0.0795451647903225,0.973482753077545
lab7015,percent005_day1_case1,AP,tv_te_ss3,S019,ss3,Fx,0.0786900023386926,0.9572594321603294
lab7015,percent005_day1_case1,AP,tv_te_ss3,S019,ss3,Fz,0.0638725663428177,0.9747134607505692
lab7015,percent005_day1_case1,VT,tv_te_ss3,S001,ss3,Fx,0.0797536986119359,0.9487471297200336
lab7015,percent005_day1_case1,VT,tv_te_ss3,S001,ss3,Fz,0.0797964943437176,0.964832682288138
lab7015,percent005_day1_case1,VT,tv_te_ss3,S002,ss3,Fx,0.1304345986351147,0.8344058157710177
lab7015,percent005_day1_case1,VT,tv_te_ss3,S002,ss3,Fz,0.1160722609993433,0.9282196576291504
lab7015,percent005_day1_case1,VT,tv_te_ss3,S003,ss3,Fx,0.0949149224453983,0.928859615856819
lab7015,percent005_day1_case1,VT,tv_te_ss3,S003,ss3,Fz,0.0646592560193669,0.9782455109385194
lab7015,percent005_day1_case1,VT,tv_te_ss3,S004,ss3,Fx,0.0873426863449327,0.9384437543075284
lab7015,percent005_day1_case1,VT,tv_te_ss3,S004,ss3,Fz,0.068219850486397,0.973394651632814
lab7015,percent005_day1_case1,VT,tv_te_ss3,S005,ss3,Fx,0.1160467901975926,0.8961020278992864
lab7015,percent005_day1_case1,VT,tv_te_ss3,S005,ss3,Fz,0.0963182041597468,0.9560728222354308
lab7015,percent005_day1_case1,VT,tv_te_ss3,S006,ss3,Fx,0.1123456804501355,0.9199099679631012
lab7015,percent005_day1_case1,VT,tv_te_ss3,S006,ss3,Fz,0.0805050685436236,0.9669091574474834
lab7015,percent005_day1_case1,VT,tv_te_ss3,S007,ss3,Fx,0.0713576661083202,0.9598914764660228
lab7015,percent005_day1_case1,VT,tv_te_ss3,S007,ss3,Fz,0.0927845613483901,0.959783345839208
lab7015,percent005_day1_case1,VT,tv_te_ss3,S008,ss3,Fx,0.1053702852193402,0.9306754295571436
lab7015,percent005_day1_case1,VT,tv_te_ss3,S008,ss3,Fz,0.1048044844008287,0.9532234714138929
lab7015,percent005_day1_case1,VT,tv_te_ss3,S009,ss3,Fx,0.1348032840673022,0.8633559919139083
lab7015,percent005_day1_case1,VT,tv_te_ss3,S009,ss3,Fz,0.1057132565574417,0.9381532743531574
lab7015,percent005_day1_case1,VT,tv_te_ss3,S010,ss3,Fx,0.0929769193031523,0.9318783339033336
lab7015,percent005_day1_case1,VT,tv_te_ss3,S010,ss3,Fz,0.0646007297381857,0.9722850252076484
lab7015,percent005_day1_case1,VT,tv_te_ss3,S012,ss3,Fx,0.0697407229213375,0.9693179668307478
lab7015,percent005_day1_case1,VT,tv_te_ss3,S012,ss3,Fz,0.0888526162711197,0.972997403379782
lab7015,percent005_day1_case1,VT,tv_te_ss3,S013,ss3,Fx,0.0868137955244474,0.9430916241257618
lab7015,percent005_day1_case1,VT,tv_te_ss3,S013,ss3,Fz,0.0780000586253797,0.9625100565758372
lab7015,percent005_day1_case1,VT,tv_te_ss3,S014,ss3,Fx,0.1840549213540946,0.6886368190529332
lab7015,percent005_day1_case1,VT,tv_te_ss3,S014,ss3,Fz,0.1452901258932244,0.8854778015757314
lab7015,percent005_day1_case1,VT,tv_te_ss3,S015,ss3,Fx,0.0818737569717466,0.9501925483746864
lab7015,percent005_day1_case1,VT,tv_te_ss3,S015,ss3,Fz,0.0510279579367683,0.981979165913539
lab7015,percent005_day1_case1,VT,tv_te_ss3,S016,ss3,Fx,0.1382173426832545,0.8911483188822031
lab7015,percent005_day1_case1,VT,tv_te_ss3,S016,ss3,Fz,0.1030606589232722,0.9658589004934148
lab7015,percent005_day1_case1,VT,tv_te_ss3,S017,ss3,Fx,0.0701312368058462,0.9632189800649908
lab7015,percent005_day1_case1,VT,tv_te_ss3,S017,ss3,Fz,0.0817953564796996,0.962354419256666
lab7015,percent005_day1_case1,VT,tv_te_ss3,S018,ss3,Fx,0.0551558687436482,0.9779927539458017
lab7015,percent005_day1_case1,VT,tv_te_ss3,S018,ss3,Fz,0.0522658088485542,0.9853550233888724
lab7015,percent005_day1_case1,VT,tv_te_ss3,S019,ss3,Fx,0.0902041318822874,0.9440924026511168
lab7015,percent005_day1_case1,VT,tv_te_ss3,S019,ss3,Fz,0.0624534127414636,0.9751476477734388
lab7015,percent010_day1_case1,VT,tv_ss1__te_ss2ss3,S001,ss2,Fx,0.1449052173803761,0.8223241374829584
lab7015,percent010_day1_case1,VT,tv_ss1__te_ss2ss3,S001,ss2,Fz,0.1291172379309595,0.9250589870769104
lab7015,percent010_day1_case1,VT,tv_ss1__te_ss2ss3,S002,ss2,Fx,0.1172368542505243,0.8823024437766888
lab7015,percent010_day1_case1,VT,tv_ss1__te_ss2ss3,S002,ss2,Fz,0.1067435238528784,0.932805059143056
lab7015,percent010_day1_case1,VT,tv_ss1__te_ss2ss3,S003,ss2,Fx,0.1641726845452365,0.7947762317563064
lab7015,percent010_day1_case1,VT,tv_ss1__te_ss2ss3,S003,ss2,Fz,0.0898247319341365,0.9532201721323568
lab7015,percent010_day1_case1,VT,tv_ss1__te_ss2ss3,S004,ss2,Fx,0.1375899274120913,0.9134915200934032
lab7015,percent010_day1_case1,VT,tv_ss1__te_ss2ss3,S004,ss2,Fz,0.1282501988093501,0.9039841369740884
lab7015,percent010_day1_case1,VT,tv_ss1__te_ss2ss3,S005,ss2,Fx,0.1366434849371227,0.8762824641119913
lab7015,percent010_day1_case1,VT,tv_ss1__te_ss2ss3,S005,ss2,Fz,0.1381453570849213,0.894745537084144
lab7015,percent010_day1_case1,VT,tv_ss1__te_ss2ss3,S006,ss2,Fx,0.1358555990401972,0.889409328738738
lab7015,percent010_day1_case1,VT,tv_ss1__te_ss2ss3,S006,ss2,Fz,0.0940115600703669,0.9515246923781642
lab7015,percent010_day1_case1,VT,tv_ss1__te_ss2ss3,S007,ss2,Fx,0.1057043912611865,0.9199993524563034
lab7015,percent010_day1_case1,VT,tv_ss1__te_ss2ss3,S007,ss2,Fz,0.1183330127254681,0.924818457050796
lab7015,percent010_day1_case1,VT,tv_ss1__te_ss2ss3,S008,ss2,Fx,0.1582784032832709,0.831720367731904
lab7015,percent010_day1_case1,VT,tv_ss1__te_ss2ss3,S008,ss2,Fz,0.1198558342403385,0.92686817369191
lab7015,percent010_day1_case1,VT,tv_ss1__te_ss2ss3,S009,ss2,Fx,0.1575577029493559,0.8255536988348282
lab7015,percent010_day1_case1,VT,tv_ss1__te_ss2ss3,S009,ss2,Fz,0.1796070713275089,0.8029860700385871
lab7015,percent010_day1_case1,VT,tv_ss1__te_ss2ss3,S010,ss2,Fx,0.1234534637729116,0.9529396192452112
lab7015,percent010_day1_case1,VT,tv_ss1__te_ss2ss3,S010,ss2,Fz,0.1002586686443397,0.9298958640958572
lab7015,percent010_day1_case1,VT,tv_ss1__te_ss2ss3,S011,ss2,Fx,0.1994107024809929,0.5944975006849629
lab7015,percent010_day1_case1,VT,tv_ss1__te_ss2ss3,S011,ss2,Fz,0.1439757099687949,0.911495906208488
lab7015,percent010_day1_case1,VT,tv_ss1__te_ss2ss3,S012,ss2,Fx,0.1308528782668817,0.9057647948568058
lab7015,percent010_day1_case1,VT,tv_ss1__te_ss2ss3,S012,ss2,Fz,0.0996793228299431,0.9418019311888868
lab7015,percent010_day1_case1,VT,tv_ss1__te_ss2ss3,S013,ss2,Fx,0.1024210620613866,0.9434864960768972
lab7015,percent010_day1_case1,VT,tv_ss1__te_ss2ss3,S013,ss2,Fz,0.1109143030718335,0.9074598276000052
lab7015,percent010_day1_case1,VT,tv_ss1__te_ss2ss3,S015,ss2,Fx,0.1787578262957565,0.7101324024505867
lab7015,percent010_day1_case1,VT,tv_ss1__te_ss2ss3,S015,ss2,Fz,0.0963895695611375,0.9383025241675376
lab7015,percent010_day1_case1,VT,tv_ss1__te_ss2ss3,S016,ss2,Fx,0.1292899933537579,0.8847111786356493
lab7015,percent010_day1_case1,VT,tv_ss1__te_ss2ss3,S016,ss2,Fz,0.1318284257837274,0.8971420291449431
lab7015,percent010_day1_case1,VT,tv_ss1__te_ss2ss3,S017,ss2,Fx,0.0990664868764724,0.9299273845487236
lab7015,percent010_day1_case1,VT,tv_ss1__te_ss2ss3,S017,ss2,Fz,0.0795275185253321,0.9631569000135922
lab7015,percent010_day1_case1,VT,tv_ss1__te_ss2ss3,S018,ss2,Fx,0.1235909519723855,0.906963490059194
lab7015,percent010_day1_case1,VT,tv_ss1__te_ss2ss3,S018,ss2,Fz,0.1073740276649227,0.9370673989400372
lab7015,percent010_day1_case1,VT,tv_ss1__te_ss2ss3,S019,ss2,Fx,0.1370598684475814,0.8733193389004097
lab7015,percent010_day1_case1,VT,tv_ss1__te_ss2ss3,S019,ss2,Fz,0.1075264499051698,0.934814618646694
lab7015,percent010_day1_case1,VT,tv_ss1__te_ss2ss3,S001,ss3,Fx,0.2004726240159417,0.5638442565735108
lab7015,percent010_day1_case1,VT,tv_ss1__te_ss2ss3,S001,ss3,Fz,0.1640967793007471,0.8959168142156101
lab7015,percent010_day1_case1,VT,tv_ss1__te_ss2ss3,S002,ss3,Fx,0.1412291286842895,0.8548425315684226
lab7015,percent010_day1_case1,VT,tv_ss1__te_ss2ss3,S002,ss3,Fz,0.1346533362228444,0.9292696540524852
lab7015,percent010_day1_case1,VT,tv_ss1__te_ss2ss3,S003,ss3,Fx,0.2111665102263331,0.6003153989672797
lab7015,percent010_day1_case1,VT,tv_ss1__te_ss2ss3,S003,ss3,Fz,0.1078749211417587,0.9611151565126644
lab7015,percent010_day1_case1,VT,tv_ss1__te_ss2ss3,S004,ss3,Fx,0.1616288895475475,0.873044569517381
lab7015,percent010_day1_case1,VT,tv_ss1__te_ss2ss3,S004,ss3,Fz,0.1205807260053702,0.921153668545634
lab7015,percent010_day1_case1,VT,tv_ss1__te_ss2ss3,S005,ss3,Fx,0.2096886418012964,0.5593019210204956
lab7015,percent010_day1_case1,VT,tv_ss1__te_ss2ss3,S005,ss3,Fz,0.1569464543815483,0.869010371680502
lab7015,percent010_day1_case1,VT,tv_ss1__te_ss2ss3,S006,ss3,Fx,0.1876046017648074,0.7564556282053033
lab7015,percent010_day1_case1,VT,tv_ss1__te_ss2ss3,S006,ss3,Fz,0.1278901006117226,0.9433440164198484
lab7015,percent010_day1_case1,VT,tv_ss1__te_ss2ss3,S007,ss3,Fx,0.1467216585184542,0.8456714034188594
lab7015,percent010_day1_case1,VT,tv_ss1__te_ss2ss3,S007,ss3,Fz,0.1427095516745093,0.9338039874623356
lab7015,percent010_day1_case1,VT,tv_ss1__te_ss2ss3,S008,ss3,Fx,0.1976145172363657,0.7189251277858654
lab7015,percent010_day1_case1,VT,tv_ss1__te_ss2ss3,S008,ss3,Fz,0.1381379893078447,0.9351369467858396
lab7015,percent010_day1_case1,VT,tv_ss1__te_ss2ss3,S009,ss3,Fx,0.1972110982678439,0.7763186436588362
lab7015,percent010_day1_case1,VT,tv_ss1__te_ss2ss3,S009,ss3,Fz,0.2321887870294368,0.7201598345614478
lab7015,percent010_day1_case1,VT,tv_ss1__te_ss2ss3,S010,ss3,Fx,0.1590734755573585,0.9250204250434744
lab7015,percent010_day1_case1,VT,tv_ss1__te_ss2ss3,S010,ss3,Fz,0.1219349987710581,0.9392482567055168
lab7015,percent010_day1_case1,VT,tv_ss1__te_ss2ss3,S012,ss3,Fx,0.1616236725397519,0.8369980053562721
lab7015,percent010_day1_case1,VT,tv_ss1__te_ss2ss3,S012,ss3,Fz,0.1236626567170807,0.941068163432999
lab7015,percent010_day1_case1,VT,tv_ss1__te_ss2ss3,S013,ss3,Fx,0.1779447271120424,0.7489215789169048
lab7015,percent010_day1_case1,VT,tv_ss1__te_ss2ss3,S013,ss3,Fz,0.136512417669978,0.8883223625796053
lab7015,percent010_day1_case1,VT,tv_ss1__te_ss2ss3,S014,ss3,Fx,0.2340180289939369,0.4173222616336431
lab7015,percent010_day1_case1,VT,tv_ss1__te_ss2ss3,S014,ss3,Fz,0.1671309505563916,0.8820584026671381
lab7015,percent010_day1_case1,VT,tv_ss1__te_ss2ss3,S015,ss3,Fx,0.2228743668771556,0.3961256098863278
lab7015,percent010_day1_case1,VT,tv_ss1__te_ss2ss3,S015,ss3,Fz,0.1250301232932366,0.9129184394953186
lab7015,percent010_day1_case1,VT,tv_ss1__te_ss2ss3,S016,ss3,Fx,0.1478206768258588,0.8664276754006348
lab7015,percent010_day1_case1,VT,tv_ss1__te_ss2ss3,S016,ss3,Fz,0.1683203468524226,0.8413737721718153
lab7015,percent010_day1_case1,VT,tv_ss1__te_ss2ss3,S017,ss3,Fx,0.170861919838747,0.8270089158189002
lab7015,percent010_day1_case1,VT,tv_ss1__te_ss2ss3,S017,ss3,Fz,0.1250377437884232,0.9333641130870106
lab7015,percent010_day1_case1,VT,tv_ss1__te_ss2ss3,S018,ss3,Fx,0.1465315637502332,0.8693631982490087
lab7015,percent010_day1_case1,VT,tv_ss1__te_ss2ss3,S018,ss3,Fz,0.1296393735167137,0.9248337879238558
lab7015,percent010_day1_case1,VT,tv_ss1__te_ss2ss3,S019,ss3,Fx,0.1828411923303566,0.8003977187427441
lab7015,percent010_day1_case1,VT,tv_ss1__te_ss2ss3,S019,ss3,Fz,0.1238690482301659,0.9440716575276132
lab7015,percent010_day1_case1,APVT,tv_ss2__te_ss1ss3,S001,ss1,Fx,0.1353976892114139,0.9229913348648878
lab7015,percent010_day1_case1,APVT,tv_ss2__te_ss1ss3,S001,ss1,Fz,0.1062442731579667,0.9283066539275155
lab7015,percent010_day1_case1,APVT,tv_ss2__te_ss1ss3,S002,ss1,Fx,0.2034581174548858,0.714404993635776
lab7015,percent010_day1_case1,APVT,tv_ss2__te_ss1ss3,S002,ss1,Fz,0.1814214582347975,0.8006560220512781
lab7015,percent010_day1_case1,APVT,tv_ss2__te_ss1ss3,S003,ss1,Fx,0.0802923154390094,0.9554270572418336
lab7015,percent010_day1_case1,APVT,tv_ss2__te_ss1ss3,S003,ss1,Fz,0.1045012227260812,0.953976148751818
lab7015,percent010_day1_case1,APVT,tv_ss2__te_ss1ss3,S004,ss1,Fx,0.1289202907791339,0.8880434783616344
lab7015,percent010_day1_case1,APVT,tv_ss2__te_ss1ss3,S004,ss1,Fz,0.1229898881665767,0.9275681510452544
lab7015,percent010_day1_case1,APVT,tv_ss2__te_ss1ss3,S005,ss1,Fx,0.1366090750968285,0.8852267304176633
lab7015,percent010_day1_case1,APVT,tv_ss2__te_ss1ss3,S005,ss1,Fz,0.1709328305380404,0.8946292983096414
lab7015,percent010_day1_case1,APVT,tv_ss2__te_ss1ss3,S006,ss1,Fx,0.0888292289732141,0.9525208034824048
lab7015,percent010_day1_case1,APVT,tv_ss2__te_ss1ss3,S006,ss1,Fz,0.1042444149843283,0.9209971460343904
lab7015,percent010_day1_case1,APVT,tv_ss2__te_ss1ss3,S007,ss1,Fx,0.11466650355611,0.8972188797239744
lab7015,percent010_day1_case1,APVT,tv_ss2__te_ss1ss3,S007,ss1,Fz,0.1365584137223853,0.8959442473555671
lab7015,percent010_day1_case1,APVT,tv_ss2__te_ss1ss3,S008,ss1,Fx,0.0912625759281085,0.9565501414499048
lab7015,percent010_day1_case1,APVT,tv_ss2__te_ss1ss3,S008,ss1,Fz,0.1412118593217911,0.9381150939934464
lab7015,percent010_day1_case1,APVT,tv_ss2__te_ss1ss3,S009,ss1,Fx,0.1852154618646836,0.8185576022138894
lab7015,percent010_day1_case1,APVT,tv_ss2__te_ss1ss3,S009,ss1,Fz,0.1799554006211869,0.7739543893969749
lab7015,percent010_day1_case1,APVT,tv_ss2__te_ss1ss3,S010,ss1,Fx,0.174672433264719,0.7709806404819158
lab7015,percent010_day1_case1,APVT,tv_ss2__te_ss1ss3,S010,ss1,Fz,0.129289897330457,0.8459017422011089
lab7015,percent010_day1_case1,APVT,tv_ss2__te_ss1ss3,S011,ss1,Fx,0.1754341628932113,0.893193407760941
lab7015,percent010_day1_case1,APVT,tv_ss2__te_ss1ss3,S011,ss1,Fz,0.1168641957208813,0.9351592591684984
lab7015,percent010_day1_case1,APVT,tv_ss2__te_ss1ss3,S012,ss1,Fx,0.0849480118034274,0.964469951212516
lab7015,percent010_day1_case1,APVT,tv_ss2__te_ss1ss3,S012,ss1,Fz,0.1294222367250797,0.8922793377806897
lab7015,percent010_day1_case1,APVT,tv_ss2__te_ss1ss3,S013,ss1,Fx,0.1323808005814691,0.8713125646639338
lab7015,percent010_day1_case1,APVT,tv_ss2__te_ss1ss3,S013,ss1,Fz,0.1289141122204115,0.8966981431504515
lab7015,percent010_day1_case1,APVT,tv_ss2__te_ss1ss3,S015,ss1,Fx,0.1443061906477522,0.9046573560983552
lab7015,percent010_day1_case1,APVT,tv_ss2__te_ss1ss3,S015,ss1,Fz,0.0867311973832833,0.9417843105939172
lab7015,percent010_day1_case1,APVT,tv_ss2__te_ss1ss3,S016,ss1,Fx,0.3065683044097809,0.4726042149896919
lab7015,percent010_day1_case1,APVT,tv_ss2__te_ss1ss3,S016,ss1,Fz,0.144611412126684,0.8578074179944049
lab7015,percent010_day1_case1,APVT,tv_ss2__te_ss1ss3,S017,ss1,Fx,0.1615636014255536,0.9175426466978512
lab7015,percent010_day1_case1,APVT,tv_ss2__te_ss1ss3,S017,ss1,Fz,0.0831022938853836,0.9514343470888106
lab7015,percent010_day1_case1,APVT,tv_ss2__te_ss1ss3,S018,ss1,Fx,0.1585823418019501,0.8104618571500524
lab7015,percent010_day1_case1,APVT,tv_ss2__te_ss1ss3,S018,ss1,Fz,0.0870025899803189,0.9514051403117668
lab7015,percent010_day1_case1,APVT,tv_ss2__te_ss1ss3,S019,ss1,Fx,0.15078102670587,0.8672219962833149
lab7015,percent010_day1_case1,APVT,tv_ss2__te_ss1ss3,S019,ss1,Fz,0.0869636533041001,0.9469795806886532
lab7015,percent010_day1_case1,APVT,tv_ss2__te_ss1ss3,S001,ss3,Fx,0.1190508914841133,0.8738478821217579
lab7015,percent010_day1_case1,APVT,tv_ss2__te_ss1ss3,S001,ss3,Fz,0.1019219609635476,0.9574139202306096
lab7015,percent010_day1_case1,APVT,tv_ss2__te_ss1ss3,S002,ss3,Fx,0.1127421790032608,0.8833193287861221
lab7015,percent010_day1_case1,APVT,tv_ss2__te_ss1ss3,S002,ss3,Fz,0.0894596381940728,0.9604966968485572
lab7015,percent010_day1_case1,APVT,tv_ss2__te_ss1ss3,S003,ss3,Fx,0.1038856093956073,0.9201868627166296
lab7015,percent010_day1_case1,APVT,tv_ss2__te_ss1ss3,S003,ss3,Fz,0.0695015598300989,0.9766698491241949
lab7015,percent010_day1_case1,APVT,tv_ss2__te_ss1ss3,S004,ss3,Fx,0.1206868002094918,0.9033233328191578
lab7015,percent010_day1_case1,APVT,tv_ss2__te_ss1ss3,S004,ss3,Fz,0.0881864274369405,0.956176544255056
lab7015,percent010_day1_case1,APVT,tv_ss2__te_ss1ss3,S005,ss3,Fx,0.1301823479412721,0.8684175554353867
lab7015,percent010_day1_case1,APVT,tv_ss2__te_ss1ss3,S005,ss3,Fz,0.108787987911463,0.934417833403717
lab7015,percent010_day1_case1,APVT,tv_ss2__te_ss1ss3,S006,ss3,Fx,0.1405442769783999,0.8516911430880815
lab7015,percent010_day1_case1,APVT,tv_ss2__te_ss1ss3,S006,ss3,Fz,0.0981707611374135,0.9652106736673628
lab7015,percent010_day1_case1,APVT,tv_ss2__te_ss1ss3,S007,ss3,Fx,0.0901317832253845,0.9414632163699224
lab7015,percent010_day1_case1,APVT,tv_ss2__te_ss1ss3,S007,ss3,Fz,0.088894684361262,0.9643323072770876
lab7015,percent010_day1_case1,APVT,tv_ss2__te_ss1ss3,S008,ss3,Fx,0.1300078554510574,0.9033261832127756
lab7015,percent010_day1_case1,APVT,tv_ss2__te_ss1ss3,S008,ss3,Fz,0.1226031432394025,0.9494877152644816
lab7015,percent010_day1_case1,APVT,tv_ss2__te_ss1ss3,S009,ss3,Fx,0.1685807805377913,0.7742081939800441
lab7015,percent010_day1_case1,APVT,tv_ss2__te_ss1ss3,S009,ss3,Fz,0.1489525512203875,0.9071048937874572
lab7015,percent010_day1_case1,APVT,tv_ss2__te_ss1ss3,S010,ss3,Fx,0.0788601722498444,0.9629011590695172
lab7015,percent010_day1_case1,APVT,tv_ss2__te_ss1ss3,S010,ss3,Fz,0.0879355947671901,0.9574140075412484
lab7015,percent010_day1_case1,APVT,tv_ss2__te_ss1ss3,S012,ss3,Fx,0.098069522350004,0.9389528384469804
lab7015,percent010_day1_case1,APVT,tv_ss2__te_ss1ss3,S012,ss3,Fz,0.0755726279704058,0.9691334723449252
lab7015,percent010_day1_case1,APVT,tv_ss2__te_ss1ss3,S013,ss3,Fx,0.1330115749332657,0.8601716087379304
lab7015,percent010_day1_case1,APVT,tv_ss2__te_ss1ss3,S013,ss3,Fz,0.0924335722961573,0.9556604159584574
lab7015,percent010_day1_case1,APVT,tv_ss2__te_ss1ss3,S015,ss3,Fx,0.1223615947476709,0.8601866914933463
lab7015,percent010_day1_case1,APVT,tv_ss2__te_ss1ss3,S015,ss3,Fz,0.0859122835380556,0.9617017901544048
lab7015,percent010_day1_case1,APVT,tv_ss2__te_ss1ss3,S016,ss3,Fx,0.1639050461996186,0.8117989698852712
lab7015,percent010_day1_case1,APVT,tv_ss2__te_ss1ss3,S016,ss3,Fz,0.1193456318820403,0.9570703340191644
lab7015,percent010_day1_case1,APVT,tv_ss2__te_ss1ss3,S017,ss3,Fx,0.1050983578624616,0.9049957280492414
lab7015,percent010_day1_case1,APVT,tv_ss2__te_ss1ss3,S017,ss3,Fz,0.1118303487151377,0.9403166210429288
lab7015,percent010_day1_case1,APVT,tv_ss2__te_ss1ss3,S018,ss3,Fx,0.1071734604035322,0.9121967269803456
lab7015,percent010_day1_case1,APVT,tv_ss2__te_ss1ss3,S018,ss3,Fz,0.0870734249490807,0.9640675734496478
lab7015,percent010_day1_case1,APVT,tv_ss2__te_ss1ss3,S019,ss3,Fx,0.1259092202061037,0.8857921779346568
lab7015,percent010_day1_case1,APVT,tv_ss2__te_ss1ss3,S019,ss3,Fz,0.083242088433152,0.9741636190408164
lab7015,percent010_day1_case1,VT,tv_te_ss1,S001,ss1,Fx,0.1326548888358937,0.8397187436324214
lab7015,percent010_day1_case1,VT,tv_te_ss1,S001,ss1,Fz,0.121987793447429,0.9045754628211218
lab7015,percent010_day1_case1,VT,tv_te_ss1,S002,ss1,Fx,0.1174975521152489,0.8797666795492082
lab7015,percent010_day1_case1,VT,tv_te_ss1,S002,ss1,Fz,0.1178376767474782,0.8837914609041572
lab7015,percent010_day1_case1,VT,tv_te_ss1,S003,ss1,Fx,0.1065764864954203,0.9112191545872133
lab7015,percent010_day1_case1,VT,tv_te_ss1,S003,ss1,Fz,0.0913064024128883,0.9342218625628662
lab7015,percent010_day1_case1,VT,tv_te_ss1,S004,ss1,Fx,0.0952774914232785,0.926557317698202
lab7015,percent010_day1_case1,VT,tv_te_ss1,S004,ss1,Fz,0.0919917130450854,0.947900658235243
lab7015,percent010_day1_case1,VT,tv_te_ss1,S005,ss1,Fx,0.0998546914825539,0.9220789666127602
lab7015,percent010_day1_case1,VT,tv_te_ss1,S005,ss1,Fz,0.1400652588237486,0.9098083641883906
lab7015,percent010_day1_case1,VT,tv_te_ss1,S006,ss1,Fx,0.0901027818380792,0.9463358239793308
lab7015,percent010_day1_case1,VT,tv_te_ss1,S006,ss1,Fz,0.0829963201020504,0.9357683253882249
lab7015,percent010_day1_case1,VT,tv_te_ss1,S007,ss1,Fx,0.1020895883091611,0.9121048667880453
lab7015,percent010_day1_case1,VT,tv_te_ss1,S007,ss1,Fz,0.1280102742402439,0.8940237135522222
lab7015,percent010_day1_case1,VT,tv_te_ss1,S008,ss1,Fx,0.0833561996483314,0.9520141501396766
lab7015,percent010_day1_case1,VT,tv_te_ss1,S008,ss1,Fz,0.1288416409141816,0.9170559072150845
lab7015,percent010_day1_case1,VT,tv_te_ss1,S009,ss1,Fx,0.1666472797165187,0.7543620942970151
lab7015,percent010_day1_case1,VT,tv_te_ss1,S009,ss1,Fz,0.1974705798022929,0.7138523527731547
lab7015,percent010_day1_case1,VT,tv_te_ss1,S010,ss1,Fx,0.1139016739196509,0.906433071808798
lab7015,percent010_day1_case1,VT,tv_te_ss1,S010,ss1,Fz,0.0984985063203781,0.9119923172533966
lab7015,percent010_day1_case1,VT,tv_te_ss1,S011,ss1,Fx,0.1170310147537346,0.9187136728172112
lab7015,percent010_day1_case1,VT,tv_te_ss1,S011,ss1,Fz,0.1327713380104838,0.9426743304381896
lab7015,percent010_day1_case1,VT,tv_te_ss1,S012,ss1,Fx,0.0893339811898669,0.9561739858604816
lab7015,percent010_day1_case1,VT,tv_te_ss1,S012,ss1,Fz,0.0948209840711088,0.9413483547261
lab7015,percent010_day1_case1,VT,tv_te_ss1,S013,ss1,Fx,0.0995184322506438,0.929399480856446
lab7015,percent010_day1_case1,VT,tv_te_ss1,S013,ss1,Fz,0.1221667486115543,0.905626701293712
lab7015,percent010_day1_case1,VT,tv_te_ss1,S014,ss1,Fx,0.1069276777621224,0.9076175273499634
lab7015,percent010_day1_case1,VT,tv_te_ss1,S014,ss1,Fz,0.1237704563404012,0.8778008490590176
lab7015,percent010_day1_case1,VT,tv_te_ss1,S015,ss1,Fx,0.1118085559189514,0.8945577041251287
lab7015,percent010_day1_case1,VT,tv_te_ss1,S015,ss1,Fz,0.0966216878020809,0.9340472975949392
lab7015,percent010_day1_case1,VT,tv_te_ss1,S016,ss1,Fx,0.2203908454598931,0.6438300454735765
lab7015,percent010_day1_case1,VT,tv_te_ss1,S016,ss1,Fz,0.1790150850557291,0.7749132678380852
lab7015,percent010_day1_case1,VT,tv_te_ss1,S017,ss1,Fx,0.1023769137837211,0.9438397711468892
lab7015,percent010_day1_case1,VT,tv_te_ss1,S017,ss1,Fz,0.0857747356309067,0.9449588220460752
lab7015,percent010_day1_case1,VT,tv_te_ss1,S018,ss1,Fx,0.110640769067703,0.9081461150181376
lab7015,percent010_day1_case1,VT,tv_te_ss1,S018,ss1,Fz,0.0792870118119105,0.9573049761147616
lab7015,percent010_day1_case1,VT,tv_te_ss1,S019,ss1,Fx,0.1242355724002856,0.8866775859515371
lab7015,percent010_day1_case1,VT,tv_te_ss1,S019,ss1,Fz,0.0945862187921274,0.9325263117741588
lab7015,percent010_day1_case1,APVT,tv_te_ss123,S001,ss1,Fx,0.127311664305659,0.9042156747069552
lab7015,percent010_day1_case1,APVT,tv_te_ss123,S001,ss1,Fz,0.1046093645303562,0.9464338014297804
lab7015,percent010_day1_case1,APVT,tv_te_ss123,S002,ss1,Fx,0.1472698326506057,0.8123763371414547
lab7015,percent010_day1_case1,APVT,tv_te_ss123,S002,ss1,Fz,0.1001503245920083,0.9279247560190876
lab7015,percent010_day1_case1,APVT,tv_te_ss123,S003,ss1,Fx,0.0920599704016733,0.9298942218889256
lab7015,percent010_day1_case1,APVT,tv_te_ss123,S003,ss1,Fz,0.086085680729345,0.94781065061204
lab7015,percent010_day1_case1,APVT,tv_te_ss123,S004,ss1,Fx,0.0818794085106634,0.9515190700265332
lab7015,percent010_day1_case1,APVT,tv_te_ss123,S004,ss1,Fz,0.0874161983241067,0.9610304559437408
lab7015,percent010_day1_case1,APVT,tv_te_ss123,S005,ss1,Fx,0.0972359319563873,0.9387331592830306
lab7015,percent010_day1_case1,APVT,tv_te_ss123,S005,ss1,Fz,0.1145464409261415,0.9430322399897928
lab7015,percent010_day1_case1,APVT,tv_te_ss123,S006,ss1,Fx,0.0895527581473346,0.9454791912931492
lab7015,percent010_day1_case1,APVT,tv_te_ss123,S006,ss1,Fz,0.0868881257222065,0.94113006537717
lab7015,percent010_day1_case1,APVT,tv_te_ss123,S007,ss1,Fx,0.0780420038780476,0.9531813315341588
lab7015,percent010_day1_case1,APVT,tv_te_ss123,S007,ss1,Fz,0.1099754395524792,0.9256312928219884
lab7015,percent010_day1_case1,APVT,tv_te_ss123,S008,ss1,Fx,0.0637205496485474,0.9659818090256233
lab7015,percent010_day1_case1,APVT,tv_te_ss123,S008,ss1,Fz,0.1433179731041566,0.944352104714248
lab7015,percent010_day1_case1,APVT,tv_te_ss123,S009,ss1,Fx,0.1577310416460509,0.8020231144275397
lab7015,percent010_day1_case1,APVT,tv_te_ss123,S009,ss1,Fz,0.1551846186677396,0.8372360998675362
lab7015,percent010_day1_case1,APVT,tv_te_ss123,S010,ss1,Fx,0.1230053881348617,0.881062208180056
lab7015,percent010_day1_case1,APVT,tv_te_ss123,S010,ss1,Fz,0.0950429697220402,0.908554509724786
lab7015,percent010_day1_case1,APVT,tv_te_ss123,S011,ss1,Fx,0.1055468894714127,0.954962591502048
lab7015,percent010_day1_case1,APVT,tv_te_ss123,S011,ss1,Fz,0.1246053715161522,0.9688089453910548
lab7015,percent010_day1_case1,APVT,tv_te_ss123,S012,ss1,Fx,0.0926188331727463,0.946626446017383
lab7015,percent010_day1_case1,APVT,tv_te_ss123,S012,ss1,Fz,0.0948015291877029,0.9365965156105232
lab7015,percent010_day1_case1,APVT,tv_te_ss123,S013,ss1,Fx,0.0940669384078005,0.9341249247450112
lab7015,percent010_day1_case1,APVT,tv_te_ss123,S013,ss1,Fz,0.1014026046224618,0.93061195591286
lab7015,percent010_day1_case1,APVT,tv_te_ss123,S014,ss1,Fx,0.0925324153852009,0.9414524553558912
lab7015,percent010_day1_case1,APVT,tv_te_ss123,S014,ss1,Fz,0.1280381883167001,0.8861768183676539
lab7015,percent010_day1_case1,APVT,tv_te_ss123,S015,ss1,Fx,0.1043846294104662,0.9304752580470272
lab7015,percent010_day1_case1,APVT,tv_te_ss123,S015,ss1,Fz,0.076158013274025,0.9575487541853082
lab7015,percent010_day1_case1,APVT,tv_te_ss123,S016,ss1,Fx,0.2657948738393361,0.5272092842442718
lab7015,percent010_day1_case1,APVT,tv_te_ss123,S016,ss1,Fz,0.1782872415687571,0.8190623529398777
lab7015,percent010_day1_case1,APVT,tv_te_ss123,S017,ss1,Fx,0.0730122326246482,0.9525159369485484
lab7015,percent010_day1_case1,APVT,tv_te_ss123,S017,ss1,Fz,0.0676047347405643,0.9634743324090232
lab7015,percent010_day1_case1,APVT,tv_te_ss123,S018,ss1,Fx,0.1370696301558705,0.8622860621800214
lab7015,percent010_day1_case1,APVT,tv_te_ss123,S018,ss1,Fz,0.0886504526922042,0.9603832696420406
lab7015,percent010_day1_case1,APVT,tv_te_ss123,S019,ss1,Fx,0.1287711842417442,0.8984134329442346
lab7015,percent010_day1_case1,APVT,tv_te_ss123,S019,ss1,Fz,0.0828986990189851,0.953048935844108
lab7015,percent010_day1_case1,APVT,tv_te_ss123,S001,ss2,Fx,0.0707173580243073,0.9606882753419757
lab7015,percent010_day1_case1,APVT,tv_te_ss123,S001,ss2,Fz,0.0760096775655048,0.9789119117695212
lab7015,percent010_day1_case1,APVT,tv_te_ss123,S002,ss2,Fx,0.1125446162373302,0.8731546119938265
lab7015,percent010_day1_case1,APVT,tv_te_ss123,S002,ss2,Fz,0.0728187342610969,0.9683671578777724
lab7015,percent010_day1_case1,APVT,tv_te_ss123,S003,ss2,Fx,0.0778736988583737,0.9613109751963556
lab7015,percent010_day1_case1,APVT,tv_te_ss123,S003,ss2,Fz,0.0708922786087505,0.9761772649289264
lab7015,percent010_day1_case1,APVT,tv_te_ss123,S004,ss2,Fx,0.0921621468451827,0.9423893771807064
lab7015,percent010_day1_case1,APVT,tv_te_ss123,S004,ss2,Fz,0.1006898145858805,0.9493491200888108
lab7015,percent010_day1_case1,APVT,tv_te_ss123,S005,ss2,Fx,0.0977722171443823,0.9187201395710168
lab7015,percent010_day1_case1,APVT,tv_te_ss123,S005,ss2,Fz,0.09925288207305,0.9557621947941946
lab7015,percent010_day1_case1,APVT,tv_te_ss123,S006,ss2,Fx,0.0920545703313294,0.9421116144513492
lab7015,percent010_day1_case1,APVT,tv_te_ss123,S006,ss2,Fz,0.0739245684750042,0.966594853354924
lab7015,percent010_day1_case1,APVT,tv_te_ss123,S007,ss2,Fx,0.0692418064296116,0.9606685498957258
lab7015,percent010_day1_case1,APVT,tv_te_ss123,S007,ss2,Fz,0.0844603856466616,0.9620944497955282
lab7015,percent010_day1_case1,APVT,tv_te_ss123,S008,ss2,Fx,0.08658450223652,0.939918305509648
lab7015,percent010_day1_case1,APVT,tv_te_ss123,S008,ss2,Fz,0.1151130741534913,0.961233509072858
lab7015,percent010_day1_case1,APVT,tv_te_ss123,S009,ss2,Fx,0.1273703001684447,0.8776157619810768
lab7015,percent010_day1_case1,APVT,tv_te_ss123,S009,ss2,Fz,0.1246334070928357,0.9158637191352408
lab7015,percent010_day1_case1,APVT,tv_te_ss123,S010,ss2,Fx,0.0838529817521316,0.9463709958211424
lab7015,percent010_day1_case1,APVT,tv_te_ss123,S010,ss2,Fz,0.0730561068075461,0.9616744424295064
lab7015,percent010_day1_case1,APVT,tv_te_ss123,S011,ss2,Fx,0.1111855066510194,0.917466295224175
lab7015,percent010_day1_case1,APVT,tv_te_ss123,S011,ss2,Fz,0.1169254940564513,0.9729196254862432
lab7015,percent010_day1_case1,APVT,tv_te_ss123,S012,ss2,Fx,0.0872850814023423,0.9534883659583812
lab7015,percent010_day1_case1,APVT,tv_te_ss123,S012,ss2,Fz,0.0729076581600274,0.9712431292763212
lab7015,percent010_day1_case1,APVT,tv_te_ss123,S013,ss2,Fx,0.0800511078784042,0.9536819509702852
lab7015,percent010_day1_case1,APVT,tv_te_ss123,S013,ss2,Fz,0.0939738620700075,0.9348490012812674
lab7015,percent010_day1_case1,APVT,tv_te_ss123,S015,ss2,Fx,0.0922658059284581,0.9577156338694164
lab7015,percent010_day1_case1,APVT,tv_te_ss123,S015,ss2,Fz,0.0597122835746166,0.9832923972869616
lab7015,percent010_day1_case1,APVT,tv_te_ss123,S016,ss2,Fx,0.1004142928614454,0.928066438630125
lab7015,percent010_day1_case1,APVT,tv_te_ss123,S016,ss2,Fz,0.0917845190549665,0.9660003020481294
lab7015,percent010_day1_case1,APVT,tv_te_ss123,S017,ss2,Fx,0.0602254975257911,0.9726213694325868
lab7015,percent010_day1_case1,APVT,tv_te_ss123,S017,ss2,Fz,0.0649825139527178,0.9761571009977664
lab7015,percent010_day1_case1,APVT,tv_te_ss123,S018,ss2,Fx,0.1204404743183225,0.879105598841391
lab7015,percent010_day1_case1,APVT,tv_te_ss123,S018,ss2,Fz,0.0769756270268745,0.9724519577501932
lab7015,percent010_day1_case1,APVT,tv_te_ss123,S019,ss2,Fx,0.1369967030456078,0.8565105601926425
lab7015,percent010_day1_case1,APVT,tv_te_ss123,S019,ss2,Fz,0.0813480342684274,0.9614738853558192
lab7015,percent010_day1_case1,APVT,tv_te_ss123,S001,ss3,Fx,0.0700391288020453,0.9545300226421602
lab7015,percent010_day1_case1,APVT,tv_te_ss123,S001,ss3,Fz,0.0751823982359183,0.9786801571478078
lab7015,percent010_day1_case1,APVT,tv_te_ss123,S002,ss3,Fx,0.0850357855755196,0.9410939555893176
lab7015,percent010_day1_case1,APVT,tv_te_ss123,S002,ss3,Fz,0.076264132189059,0.9725063709770816
lab7015,percent010_day1_case1,APVT,tv_te_ss123,S003,ss3,Fx,0.0653088646517752,0.9740643650451756
lab7015,percent010_day1_case1,APVT,tv_te_ss123,S003,ss3,Fz,0.0596652335429342,0.9848372122349108
lab7015,percent010_day1_case1,APVT,tv_te_ss123,S004,ss3,Fx,0.0760418766385234,0.9581507624718636
lab7015,percent010_day1_case1,APVT,tv_te_ss123,S004,ss3,Fz,0.0730058396880291,0.969365265719468
lab7015,percent010_day1_case1,APVT,tv_te_ss123,S005,ss3,Fx,0.1129832500852112,0.8865174145353087
lab7015,percent010_day1_case1,APVT,tv_te_ss123,S005,ss3,Fz,0.0898083303871641,0.963398983084646
lab7015,percent010_day1_case1,APVT,tv_te_ss123,S006,ss3,Fx,0.120416578254382,0.8957769607064766
lab7015,percent010_day1_case1,APVT,tv_te_ss123,S006,ss3,Fz,0.0770745345586248,0.9741551372619772
lab7015,percent010_day1_case1,APVT,tv_te_ss123,S007,ss3,Fx,0.0700275576004951,0.9585301544766214
lab7015,percent010_day1_case1,APVT,tv_te_ss123,S007,ss3,Fz,0.0656442270194976,0.9726515114338238
lab7015,percent010_day1_case1,APVT,tv_te_ss123,S008,ss3,Fx,0.110194028636619,0.9282488703962276
lab7015,percent010_day1_case1,APVT,tv_te_ss123,S008,ss3,Fz,0.1173941405680911,0.961787270535386
lab7015,percent010_day1_case1,APVT,tv_te_ss123,S009,ss3,Fx,0.1217559829544188,0.8924263512178388
lab7015,percent010_day1_case1,APVT,tv_te_ss123,S009,ss3,Fz,0.1301881404046544,0.9150649392916184
lab7015,percent010_day1_case1,APVT,tv_te_ss123,S010,ss3,Fx,0.0626618104313651,0.9707762336151076
lab7015,percent010_day1_case1,APVT,tv_te_ss123,S010,ss3,Fz,0.0618462626119157,0.9765435328884208
lab7015,percent010_day1_case1,APVT,tv_te_ss123,S012,ss3,Fx,0.0675212751952548,0.9714879265655912
lab7015,percent010_day1_case1,APVT,tv_te_ss123,S012,ss3,Fz,0.0590083228672081,0.982896045445604
lab7015,percent010_day1_case1,APVT,tv_te_ss123,S013,ss3,Fx,0.0933084554897075,0.9388077291131456
lab7015,percent010_day1_case1,APVT,tv_te_ss123,S013,ss3,Fz,0.0855448668949597,0.9575207565194342
lab7015,percent010_day1_case1,APVT,tv_te_ss123,S014,ss3,Fx,0.1034177472987491,0.9184720535289712
lab7015,percent010_day1_case1,APVT,tv_te_ss123,S014,ss3,Fz,0.11112226787128,0.9397926020744596
lab7015,percent010_day1_case1,APVT,tv_te_ss123,S015,ss3,Fx,0.0866925692196639,0.9410547445850066
lab7015,percent010_day1_case1,APVT,tv_te_ss123,S015,ss3,Fz,0.0527511122679245,0.9815066656967786
lab7015,percent010_day1_case1,APVT,tv_te_ss123,S016,ss3,Fx,0.1082427749368935,0.9180183450731102
lab7015,percent010_day1_case1,APVT,tv_te_ss123,S016,ss3,Fz,0.0995749363646874,0.96272652000262
lab7015,percent010_day1_case1,APVT,tv_te_ss123,S017,ss3,Fx,0.071116397720335,0.96191441250913
lab7015,percent010_day1_case1,APVT,tv_te_ss123,S017,ss3,Fz,0.0782800152382415,0.9716755265390684
lab7015,percent010_day1_case1,APVT,tv_te_ss123,S018,ss3,Fx,0.0755156110903308,0.9575533629759208
lab7015,percent010_day1_case1,APVT,tv_te_ss123,S018,ss3,Fz,0.0650024923407294,0.9808491064693214
lab7015,percent010_day1_case1,APVT,tv_te_ss123,S019,ss3,Fx,0.0825923790877873,0.951098956650974
lab7015,percent010_day1_case1,APVT,tv_te_ss123,S019,ss3,Fz,0.0669440386329382,0.9777146754098884
lab7015,percent010_day1_case1,APVT,tv_te_ss2,S001,ss2,Fx,0.0849938616837269,0.9468878988982566
lab7015,percent010_day1_case1,APVT,tv_te_ss2,S001,ss2,Fz,0.0840470148537302,0.9684056897288192
lab7015,percent010_day1_case1,APVT,tv_te_ss2,S002,ss2,Fx,0.1342664754091068,0.8327100034072622
lab7015,percent010_day1_case1,APVT,tv_te_ss2,S002,ss2,Fz,0.1119829659816771,0.934389570112304
lab7015,percent010_day1_case1,APVT,tv_te_ss2,S003,ss2,Fx,0.0737824873149598,0.9596447981096556
lab7015,percent010_day1_case1,APVT,tv_te_ss2,S003,ss2,Fz,0.0734257883884007,0.973162348437291
lab7015,percent010_day1_case1,APVT,tv_te_ss2,S004,ss2,Fx,0.1030287488300142,0.92668008637501
lab7015,percent010_day1_case1,APVT,tv_te_ss2,S004,ss2,Fz,0.1009054256149683,0.943576956860128
lab7015,percent010_day1_case1,APVT,tv_te_ss2,S005,ss2,Fx,0.108938805255392,0.9027352341646668
lab7015,percent010_day1_case1,APVT,tv_te_ss2,S005,ss2,Fz,0.1256757757201192,0.9208987552446992
lab7015,percent010_day1_case1,APVT,tv_te_ss2,S006,ss2,Fx,0.101324043514082,0.9301712519774148
lab7015,percent010_day1_case1,APVT,tv_te_ss2,S006,ss2,Fz,0.0833294929012259,0.959169366071691
lab7015,percent010_day1_case1,APVT,tv_te_ss2,S007,ss2,Fx,0.0686105490091047,0.9612648591518412
lab7015,percent010_day1_case1,APVT,tv_te_ss2,S007,ss2,Fz,0.0825135805586181,0.9542265364878542
lab7015,percent010_day1_case1,APVT,tv_te_ss2,S008,ss2,Fx,0.0866305862487366,0.9381069268425708
lab7015,percent010_day1_case1,APVT,tv_te_ss2,S008,ss2,Fz,0.1008065969424617,0.9611073182772788
lab7015,percent010_day1_case1,APVT,tv_te_ss2,S009,ss2,Fx,0.1237529900583148,0.8969808505447788
lab7015,percent010_day1_case1,APVT,tv_te_ss2,S009,ss2,Fz,0.1262518068244878,0.899524281684824
lab7015,percent010_day1_case1,APVT,tv_te_ss2,S010,ss2,Fx,0.0939262325000038,0.9377093860303332
lab7015,percent010_day1_case1,APVT,tv_te_ss2,S010,ss2,Fz,0.0989758696642128,0.9233404864254128
lab7015,percent010_day1_case1,APVT,tv_te_ss2,S011,ss2,Fx,0.1526722485398653,0.7931511989035009
lab7015,percent010_day1_case1,APVT,tv_te_ss2,S011,ss2,Fz,0.1179831336599467,0.9627348792346488
lab7015,percent010_day1_case1,APVT,tv_te_ss2,S012,ss2,Fx,0.0780354066480242,0.9595266100331482
lab7015,percent010_day1_case1,APVT,tv_te_ss2,S012,ss2,Fz,0.0829562140314664,0.9738175721282356
lab7015,percent010_day1_case1,APVT,tv_te_ss2,S013,ss2,Fx,0.1046524498461272,0.916633210564448
lab7015,percent010_day1_case1,APVT,tv_te_ss2,S013,ss2,Fz,0.0859437578986555,0.9505482407643836
lab7015,percent010_day1_case1,APVT,tv_te_ss2,S015,ss2,Fx,0.0796319428927152,0.9568326465721192
lab7015,percent010_day1_case1,APVT,tv_te_ss2,S015,ss2,Fz,0.0689065971612003,0.968447306468135
lab7015,percent010_day1_case1,APVT,tv_te_ss2,S016,ss2,Fx,0.1340548062575708,0.8787378576728585
lab7015,percent010_day1_case1,APVT,tv_te_ss2,S016,ss2,Fz,0.0853027653413132,0.9597625860970824
lab7015,percent010_day1_case1,APVT,tv_te_ss2,S017,ss2,Fx,0.0802327666899294,0.9680324198033884
lab7015,percent010_day1_case1,APVT,tv_te_ss2,S017,ss2,Fz,0.0712179563174283,0.9691708756458756
lab7015,percent010_day1_case1,APVT,tv_te_ss2,S018,ss2,Fx,0.1369224269240617,0.8407054607074779
lab7015,percent010_day1_case1,APVT,tv_te_ss2,S018,ss2,Fz,0.0766837532740663,0.9644784052488544
lab7015,percent010_day1_case1,APVT,tv_te_ss2,S019,ss2,Fx,0.1262993400473238,0.8793111757240257
lab7015,percent010_day1_case1,APVT,tv_te_ss2,S019,ss2,Fz,0.0879404892544713,0.9546071217311982
lab7015,percent010_day1_case1,AP,tv_te_ss3,S001,ss3,Fx,0.0721961998024152,0.957559649850988
lab7015,percent010_day1_case1,AP,tv_te_ss3,S001,ss3,Fz,0.0723419402874218,0.9748815135093656
lab7015,percent010_day1_case1,AP,tv_te_ss3,S002,ss3,Fx,0.0963634717159512,0.9267540222284558
lab7015,percent010_day1_case1,AP,tv_te_ss3,S002,ss3,Fz,0.0896143722599042,0.9548832817778838
lab7015,percent010_day1_case1,AP,tv_te_ss3,S003,ss3,Fx,0.0665521186375575,0.9655822312272854
lab7015,percent010_day1_case1,AP,tv_te_ss3,S003,ss3,Fz,0.0659028406966501,0.9841268107286214
lab7015,percent010_day1_case1,AP,tv_te_ss3,S004,ss3,Fx,0.0705490173074272,0.9638137595532918
lab7015,percent010_day1_case1,AP,tv_te_ss3,S004,ss3,Fz,0.0737296740987556,0.9749227533876696
lab7015,percent010_day1_case1,AP,tv_te_ss3,S005,ss3,Fx,0.099128939812711,0.9150647442091102
lab7015,percent010_day1_case1,AP,tv_te_ss3,S005,ss3,Fz,0.0975265500196944,0.9557451594008688
lab7015,percent010_day1_case1,AP,tv_te_ss3,S006,ss3,Fx,0.1155521395015893,0.9028661467451824
lab7015,percent010_day1_case1,AP,tv_te_ss3,S006,ss3,Fz,0.0746289936189351,0.9735562520718642
lab7015,percent010_day1_case1,AP,tv_te_ss3,S007,ss3,Fx,0.0683080186579116,0.9646996900920528
lab7015,percent010_day1_case1,AP,tv_te_ss3,S007,ss3,Fz,0.0652190343740053,0.9780540881119688
lab7015,percent010_day1_case1,AP,tv_te_ss3,S008,ss3,Fx,0.1221231582426096,0.908639770382037
lab7015,percent010_day1_case1,AP,tv_te_ss3,S008,ss3,Fz,0.117317556491203,0.9630298602676216
lab7015,percent010_day1_case1,AP,tv_te_ss3,S009,ss3,Fx,0.1354411002735019,0.8615903025259103
lab7015,percent010_day1_case1,AP,tv_te_ss3,S009,ss3,Fz,0.1275787893050277,0.9174255757049024
lab7015,percent010_day1_case1,AP,tv_te_ss3,S010,ss3,Fx,0.057565416725601,0.976570410481293
lab7015,percent010_day1_case1,AP,tv_te_ss3,S010,ss3,Fz,0.0684844081417747,0.9734198162825416
lab7015,percent010_day1_case1,AP,tv_te_ss3,S012,ss3,Fx,0.0729539514998446,0.9645949249952528
lab7015,percent010_day1_case1,AP,tv_te_ss3,S012,ss3,Fz,0.0751099320240684,0.9738299281719124
lab7015,percent010_day1_case1,AP,tv_te_ss3,S013,ss3,Fx,0.0863815340829551,0.9448158612078116
lab7015,percent010_day1_case1,AP,tv_te_ss3,S013,ss3,Fz,0.0884947109165319,0.9519384544542416
lab7015,percent010_day1_case1,AP,tv_te_ss3,S014,ss3,Fx,0.1354840200332657,0.8359674520371657
lab7015,percent010_day1_case1,AP,tv_te_ss3,S014,ss3,Fz,0.1090486476990726,0.9374230634461288
lab7015,percent010_day1_case1,AP,tv_te_ss3,S015,ss3,Fx,0.0864059816055111,0.9444723746879584
lab7015,percent010_day1_case1,AP,tv_te_ss3,S015,ss3,Fz,0.0596453150172799,0.976624915951656
lab7015,percent010_day1_case1,AP,tv_te_ss3,S016,ss3,Fx,0.0976690285893153,0.932875276748156
lab7015,percent010_day1_case1,AP,tv_te_ss3,S016,ss3,Fz,0.11230289096109,0.9561113296463022
lab7015,percent010_day1_case1,AP,tv_te_ss3,S017,ss3,Fx,0.0745612817075974,0.9552158345859906
lab7015,percent010_day1_case1,AP,tv_te_ss3,S017,ss3,Fz,0.0786385112244564,0.9617071448753216
lab7015,percent010_day1_case1,AP,tv_te_ss3,S018,ss3,Fx,0.0710331900090609,0.9567380958962732
lab7015,percent010_day1_case1,AP,tv_te_ss3,S018,ss3,Fz,0.0668019710191448,0.9780728294593536
lab7015,percent010_day1_case1,AP,tv_te_ss3,S019,ss3,Fx,0.0906589417474075,0.9431304302831351
lab7015,percent010_day1_case1,AP,tv_te_ss3,S019,ss3,Fz,0.0683552311426178,0.9750860998305702
lab7015,percent010_day1_case1,VT,tv_te_ss3,S001,ss3,Fx,0.0880260385937294,0.9374513301453048
lab7015,percent010_day1_case1,VT,tv_te_ss3,S001,ss3,Fz,0.084409143571262,0.9710648920432108
lab7015,percent010_day1_case1,VT,tv_te_ss3,S002,ss3,Fx,0.0979554456907547,0.914245423225402
lab7015,percent010_day1_case1,VT,tv_te_ss3,S002,ss3,Fz,0.0785077999433499,0.9636814933356688
lab7015,percent010_day1_case1,VT,tv_te_ss3,S003,ss3,Fx,0.0550703750960661,0.97703486960745
lab7015,percent010_day1_case1,VT,tv_te_ss3,S003,ss3,Fz,0.0653559362840554,0.9791387813851982
lab7015,percent010_day1_case1,VT,tv_te_ss3,S004,ss3,Fx,0.0736225769403542,0.9580237344622242
lab7015,percent010_day1_case1,VT,tv_te_ss3,S004,ss3,Fz,0.0786364572566588,0.9606182752285704
lab7015,percent010_day1_case1,VT,tv_te_ss3,S005,ss3,Fx,0.0876152505199154,0.9390494736298824
lab7015,percent010_day1_case1,VT,tv_te_ss3,S005,ss3,Fz,0.098996585047471,0.951431240541412
lab7015,percent010_day1_case1,VT,tv_te_ss3,S006,ss3,Fx,0.1099099331100055,0.9150577209455693
lab7015,percent010_day1_case1,VT,tv_te_ss3,S006,ss3,Fz,0.0711370903223044,0.9740508646025112
lab7015,percent010_day1_case1,VT,tv_te_ss3,S007,ss3,Fx,0.0685549538297371,0.9648419251965596
lab7015,percent010_day1_case1,VT,tv_te_ss3,S007,ss3,Fz,0.0670100664843678,0.9768082607017684
lab7015,percent010_day1_case1,VT,tv_te_ss3,S008,ss3,Fx,0.1293298436885595,0.8754607235187805
lab7015,percent010_day1_case1,VT,tv_te_ss3,S008,ss3,Fz,0.1079202979667683,0.959971824066124
lab7015,percent010_day1_case1,VT,tv_te_ss3,S009,ss3,Fx,0.1292871564919417,0.8724078493672015
lab7015,percent010_day1_case1,VT,tv_te_ss3,S009,ss3,Fz,0.1409623054956393,0.8950850728281523
lab7015,percent010_day1_case1,VT,tv_te_ss3,S010,ss3,Fx,0.0614865844788473,0.9722376221831992
lab7015,percent010_day1_case1,VT,tv_te_ss3,S010,ss3,Fz,0.0682470683420168,0.9717457229322064
lab7015,percent010_day1_case1,VT,tv_te_ss3,S012,ss3,Fx,0.0800844148889329,0.953020178848297
lab7015,percent010_day1_case1,VT,tv_te_ss3,S012,ss3,Fz,0.0747059474499911,0.9726242811449896
lab7015,percent010_day1_case1,VT,tv_te_ss3,S013,ss3,Fx,0.099023574662208,0.9219611342204014
lab7015,percent010_day1_case1,VT,tv_te_ss3,S013,ss3,Fz,0.0993146675942343,0.9444688707740012
lab7015,percent010_day1_case1,VT,tv_te_ss3,S014,ss3,Fx,0.1324993743441544,0.842885859275634
lab7015,percent010_day1_case1,VT,tv_te_ss3,S014,ss3,Fz,0.1063902857554077,0.9388670587210036
lab7015,percent010_day1_case1,VT,tv_te_ss3,S015,ss3,Fx,0.0891523495433231,0.9361627200088004
lab7015,percent010_day1_case1,VT,tv_te_ss3,S015,ss3,Fz,0.0578301199074159,0.9770683654491232
lab7015,percent010_day1_case1,VT,tv_te_ss3,S016,ss3,Fx,0.0988789513595722,0.9357681162812056
lab7015,percent010_day1_case1,VT,tv_te_ss3,S016,ss3,Fz,0.1151287493565526,0.944568635892566
lab7015,percent010_day1_case1,VT,tv_te_ss3,S017,ss3,Fx,0.0773695612865523,0.955294472317417
lab7015,percent010_day1_case1,VT,tv_te_ss3,S017,ss3,Fz,0.0817501573784391,0.9645323607141344
lab7015,percent010_day1_case1,VT,tv_te_ss3,S018,ss3,Fx,0.0723510605675657,0.9598455282128991
lab7015,percent010_day1_case1,VT,tv_te_ss3,S018,ss3,Fz,0.0639812575439758,0.981318456581552
lab7015,percent010_day1_case1,VT,tv_te_ss3,S019,ss3,Fx,0.0840539698007471,0.9470690800469588
lab7015,percent010_day1_case1,VT,tv_te_ss3,S019,ss3,Fz,0.0662952062019255,0.9795157833938434
lab7015,percent020_day1_case1,VT,tv_ss1__te_ss2ss3,S001,ss2,Fx,0.1346894335113465,0.8632670887617242
lab7015,percent020_day1_case1,VT,tv_ss1__te_ss2ss3,S001,ss2,Fz,0.1158553204824922,0.9452819111440968
lab7015,percent020_day1_case1,VT,tv_ss1__te_ss2ss3,S002,ss2,Fx,0.1167414944333603,0.889125741176042
lab7015,percent020_day1_case1,VT,tv_ss1__te_ss2ss3,S002,ss2,Fz,0.0999872075098908,0.9494228334986352
lab7015,percent020_day1_case1,VT,tv_ss1__te_ss2ss3,S003,ss2,Fx,0.1405875449693293,0.8641386527019875
lab7015,percent020_day1_case1,VT,tv_ss1__te_ss2ss3,S003,ss2,Fz,0.0856793445198175,0.955573273485793
lab7015,percent020_day1_case1,VT,tv_ss1__te_ss2ss3,S004,ss2,Fx,0.1103881184460089,0.9522374779471235
lab7015,percent020_day1_case1,VT,tv_ss1__te_ss2ss3,S004,ss2,Fz,0.111088560470209,0.9365201750601482
lab7015,percent020_day1_case1,VT,tv_ss1__te_ss2ss3,S005,ss2,Fx,0.1099650511143857,0.8949650419898769
lab7015,percent020_day1_case1,VT,tv_ss1__te_ss2ss3,S005,ss2,Fz,0.124807810230914,0.9314672116251276
lab7015,percent020_day1_case1,VT,tv_ss1__te_ss2ss3,S006,ss2,Fx,0.1268442827489177,0.9262537994364816
lab7015,percent020_day1_case1,VT,tv_ss1__te_ss2ss3,S006,ss2,Fz,0.0902990010388899,0.9680490444361144
lab7015,percent020_day1_case1,VT,tv_ss1__te_ss2ss3,S007,ss2,Fx,0.1012409733409575,0.9432173847917644
lab7015,percent020_day1_case1,VT,tv_ss1__te_ss2ss3,S007,ss2,Fz,0.089526855629156,0.9544952523474808
lab7015,percent020_day1_case1,VT,tv_ss1__te_ss2ss3,S008,ss2,Fx,0.1340610661333985,0.9155896922357328
lab7015,percent020_day1_case1,VT,tv_ss1__te_ss2ss3,S008,ss2,Fz,0.1236697060336938,0.94574128216973
lab7015,percent020_day1_case1,VT,tv_ss1__te_ss2ss3,S009,ss2,Fx,0.1555031057277998,0.7958232183364466
lab7015,percent020_day1_case1,VT,tv_ss1__te_ss2ss3,S009,ss2,Fz,0.160962547779064,0.875442661166699
lab7015,percent020_day1_case1,VT,tv_ss1__te_ss2ss3,S010,ss2,Fx,0.1065869851407589,0.9361015511280476
lab7015,percent020_day1_case1,VT,tv_ss1__te_ss2ss3,S010,ss2,Fz,0.0982680769230797,0.9407991469687286
lab7015,percent020_day1_case1,VT,tv_ss1__te_ss2ss3,S011,ss2,Fx,0.1367640355166815,0.8393734960684138
lab7015,percent020_day1_case1,VT,tv_ss1__te_ss2ss3,S011,ss2,Fz,0.1313319202663415,0.9405218201064308
lab7015,percent020_day1_case1,VT,tv_ss1__te_ss2ss3,S012,ss2,Fx,0.1239786562195845,0.9495601519298708
lab7015,percent020_day1_case1,VT,tv_ss1__te_ss2ss3,S012,ss2,Fz,0.1197139604104098,0.9419781885233216
lab7015,percent020_day1_case1,VT,tv_ss1__te_ss2ss3,S013,ss2,Fx,0.0920148585784115,0.943687898491803
lab7015,percent020_day1_case1,VT,tv_ss1__te_ss2ss3,S013,ss2,Fz,0.1045535692880803,0.9253904203265972
lab7015,percent020_day1_case1,VT,tv_ss1__te_ss2ss3,S015,ss2,Fx,0.1134207954642797,0.9005180317169469
lab7015,percent020_day1_case1,VT,tv_ss1__te_ss2ss3,S015,ss2,Fz,0.0799065197939039,0.9654063721948783
lab7015,percent020_day1_case1,VT,tv_ss1__te_ss2ss3,S016,ss2,Fx,0.1382888586627117,0.8879778361275807
lab7015,percent020_day1_case1,VT,tv_ss1__te_ss2ss3,S016,ss2,Fz,0.1170153018700501,0.9295222117005838
lab7015,percent020_day1_case1,VT,tv_ss1__te_ss2ss3,S017,ss2,Fx,0.0780761401964799,0.963613370463047
lab7015,percent020_day1_case1,VT,tv_ss1__te_ss2ss3,S017,ss2,Fz,0.0836387586526247,0.9538753392055122
lab7015,percent020_day1_case1,VT,tv_ss1__te_ss2ss3,S018,ss2,Fx,0.1189250255170511,0.9037012737110376
lab7015,percent020_day1_case1,VT,tv_ss1__te_ss2ss3,S018,ss2,Fz,0.09482074092416,0.9528126506817408
lab7015,percent020_day1_case1,VT,tv_ss1__te_ss2ss3,S019,ss2,Fx,0.1405999931347364,0.8446662120935852
lab7015,percent020_day1_case1,VT,tv_ss1__te_ss2ss3,S019,ss2,Fz,0.1022528303374274,0.9460949967974308
lab7015,percent020_day1_case1,VT,tv_ss1__te_ss2ss3,S001,ss3,Fx,0.1825190537048423,0.7393560719505053
lab7015,percent020_day1_case1,VT,tv_ss1__te_ss2ss3,S001,ss3,Fz,0.1493453305337062,0.924506004468068
lab7015,percent020_day1_case1,VT,tv_ss1__te_ss2ss3,S002,ss3,Fx,0.1385634246576527,0.8721525869849351
lab7015,percent020_day1_case1,VT,tv_ss1__te_ss2ss3,S002,ss3,Fz,0.1307938127887619,0.9418184152510424
lab7015,percent020_day1_case1,VT,tv_ss1__te_ss2ss3,S003,ss3,Fx,0.1656283754636847,0.80803267503701
lab7015,percent020_day1_case1,VT,tv_ss1__te_ss2ss3,S003,ss3,Fz,0.1011503516705444,0.9584997617039483
lab7015,percent020_day1_case1,VT,tv_ss1__te_ss2ss3,S004,ss3,Fx,0.1607928850327964,0.8620987335786714
lab7015,percent020_day1_case1,VT,tv_ss1__te_ss2ss3,S004,ss3,Fz,0.1221228588327413,0.919022339320935
lab7015,percent020_day1_case1,VT,tv_ss1__te_ss2ss3,S005,ss3,Fx,0.188534105440851,0.7041807122230014
lab7015,percent020_day1_case1,VT,tv_ss1__te_ss2ss3,S005,ss3,Fz,0.1300988362452582,0.9388819814499648
lab7015,percent020_day1_case1,VT,tv_ss1__te_ss2ss3,S006,ss3,Fx,0.1820346517837995,0.7841234950016469
lab7015,percent020_day1_case1,VT,tv_ss1__te_ss2ss3,S006,ss3,Fz,0.1213136548155175,0.9595974596832324
lab7015,percent020_day1_case1,VT,tv_ss1__te_ss2ss3,S007,ss3,Fx,0.1428265124722963,0.8946138939701359
lab7015,percent020_day1_case1,VT,tv_ss1__te_ss2ss3,S007,ss3,Fz,0.126683750880865,0.9349309628989154
lab7015,percent020_day1_case1,VT,tv_ss1__te_ss2ss3,S008,ss3,Fx,0.1821909071820423,0.8115880766584708
lab7015,percent020_day1_case1,VT,tv_ss1__te_ss2ss3,S008,ss3,Fz,0.1548116116099175,0.9364125157020552
lab7015,percent020_day1_case1,VT,tv_ss1__te_ss2ss3,S009,ss3,Fx,0.1939310080086066,0.6689458929051463
lab7015,percent020_day1_case1,VT,tv_ss1__te_ss2ss3,S009,ss3,Fz,0.2047309555679477,0.8685932271321789
lab7015,percent020_day1_case1,VT,tv_ss1__te_ss2ss3,S010,ss3,Fx,0.1384000733409488,0.929033130803539
lab7015,percent020_day1_case1,VT,tv_ss1__te_ss2ss3,S010,ss3,Fz,0.1281069107998572,0.9411094285303914
lab7015,percent020_day1_case1,VT,tv_ss1__te_ss2ss3,S012,ss3,Fx,0.1555261629957613,0.916140281549643
lab7015,percent020_day1_case1,VT,tv_ss1__te_ss2ss3,S012,ss3,Fz,0.1297216546668973,0.9504258705570257
lab7015,percent020_day1_case1,VT,tv_ss1__te_ss2ss3,S013,ss3,Fx,0.1456291993550435,0.8642771656963475
lab7015,percent020_day1_case1,VT,tv_ss1__te_ss2ss3,S013,ss3,Fz,0.1221420974409952,0.940883663555757
lab7015,percent020_day1_case1,VT,tv_ss1__te_ss2ss3,S014,ss3,Fx,0.1993139048797431,0.6783308443328072
lab7015,percent020_day1_case1,VT,tv_ss1__te_ss2ss3,S014,ss3,Fz,0.1639431759719853,0.8759218903838688
lab7015,percent020_day1_case1,VT,tv_ss1__te_ss2ss3,S015,ss3,Fx,0.1778855141426748,0.7232061979205946
lab7015,percent020_day1_case1,VT,tv_ss1__te_ss2ss3,S015,ss3,Fz,0.113275857344598,0.9535428505199012
lab7015,percent020_day1_case1,VT,tv_ss1__te_ss2ss3,S016,ss3,Fx,0.1363653189767019,0.9004768901614818
lab7015,percent020_day1_case1,VT,tv_ss1__te_ss2ss3,S016,ss3,Fz,0.1383905547730086,0.9269205178364536
lab7015,percent020_day1_case1,VT,tv_ss1__te_ss2ss3,S017,ss3,Fx,0.1554726783335192,0.8562498910681601
lab7015,percent020_day1_case1,VT,tv_ss1__te_ss2ss3,S017,ss3,Fz,0.1301592532231548,0.9234411681628868
lab7015,percent020_day1_case1,VT,tv_ss1__te_ss2ss3,S018,ss3,Fx,0.1423220286586924,0.9086857002413042
lab7015,percent020_day1_case1,VT,tv_ss1__te_ss2ss3,S018,ss3,Fz,0.1213364136236135,0.9370380247540688
lab7015,percent020_day1_case1,VT,tv_ss1__te_ss2ss3,S019,ss3,Fx,0.1671644186269884,0.820912793777885
lab7015,percent020_day1_case1,VT,tv_ss1__te_ss2ss3,S019,ss3,Fz,0.1160714343872491,0.9535590391784204
lab7015,percent020_day1_case1,APVT,tv_ss2__te_ss1ss3,S001,ss1,Fx,0.1421947816228857,0.9147112120078824
lab7015,percent020_day1_case1,APVT,tv_ss2__te_ss1ss3,S001,ss1,Fz,0.1017786728437093,0.93574737956733
lab7015,percent020_day1_case1,APVT,tv_ss2__te_ss1ss3,S002,ss1,Fx,0.1831385472426872,0.7277286721498523
lab7015,percent020_day1_case1,APVT,tv_ss2__te_ss1ss3,S002,ss1,Fz,0.138888677819583,0.8585869310917388
lab7015,percent020_day1_case1,APVT,tv_ss2__te_ss1ss3,S003,ss1,Fx,0.1155267297814159,0.9049332654594896
lab7015,percent020_day1_case1,APVT,tv_ss2__te_ss1ss3,S003,ss1,Fz,0.1097051990761606,0.943306775312616
lab7015,percent020_day1_case1,APVT,tv_ss2__te_ss1ss3,S004,ss1,Fx,0.1138170958139343,0.9250501017064664
lab7015,percent020_day1_case1,APVT,tv_ss2__te_ss1ss3,S004,ss1,Fz,0.1240974889994286,0.9264269333858312
lab7015,percent020_day1_case1,APVT,tv_ss2__te_ss1ss3,S005,ss1,Fx,0.1331930345237182,0.9024128055520592
lab7015,percent020_day1_case1,APVT,tv_ss2__te_ss1ss3,S005,ss1,Fz,0.1619175961351205,0.899292465077801
lab7015,percent020_day1_case1,APVT,tv_ss2__te_ss1ss3,S006,ss1,Fx,0.1024812138129638,0.9454044966231882
lab7015,percent020_day1_case1,APVT,tv_ss2__te_ss1ss3,S006,ss1,Fz,0.0993577456952934,0.939788355800306
lab7015,percent020_day1_case1,APVT,tv_ss2__te_ss1ss3,S007,ss1,Fx,0.0903170482908781,0.9448545429643572
lab7015,percent020_day1_case1,APVT,tv_ss2__te_ss1ss3,S007,ss1,Fz,0.1220742831761645,0.930566524967997
lab7015,percent020_day1_case1,APVT,tv_ss2__te_ss1ss3,S008,ss1,Fx,0.1047854600283832,0.9419111285187118
lab7015,percent020_day1_case1,APVT,tv_ss2__te_ss1ss3,S008,ss1,Fz,0.1572960167081445,0.915435012356727
lab7015,percent020_day1_case1,APVT,tv_ss2__te_ss1ss3,S009,ss1,Fx,0.1713868120731627,0.8711553624654232
lab7015,percent020_day1_case1,APVT,tv_ss2__te_ss1ss3,S009,ss1,Fz,0.1610124961141218,0.8422862891232747
lab7015,percent020_day1_case1,APVT,tv_ss2__te_ss1ss3,S010,ss1,Fx,0.1115657573377798,0.892815131103367
lab7015,percent020_day1_case1,APVT,tv_ss2__te_ss1ss3,S010,ss1,Fz,0.1054496808140554,0.8946929386705588
lab7015,percent020_day1_case1,APVT,tv_ss2__te_ss1ss3,S011,ss1,Fx,0.1386012593496167,0.9064992294468256
lab7015,percent020_day1_case1,APVT,tv_ss2__te_ss1ss3,S011,ss1,Fz,0.1153770653800956,0.9389191138710904
lab7015,percent020_day1_case1,APVT,tv_ss2__te_ss1ss3,S012,ss1,Fx,0.1039812906242673,0.9333019472121308
lab7015,percent020_day1_case1,APVT,tv_ss2__te_ss1ss3,S012,ss1,Fz,0.1479892017768095,0.9282874458917636
lab7015,percent020_day1_case1,APVT,tv_ss2__te_ss1ss3,S013,ss1,Fx,0.1324846318757727,0.8828648965913031
lab7015,percent020_day1_case1,APVT,tv_ss2__te_ss1ss3,S013,ss1,Fz,0.1228091391284402,0.9075637749329704
lab7015,percent020_day1_case1,APVT,tv_ss2__te_ss1ss3,S015,ss1,Fx,0.1201975483191893,0.8922532705972314
lab7015,percent020_day1_case1,APVT,tv_ss2__te_ss1ss3,S015,ss1,Fz,0.1138495652145916,0.91191853607918
lab7015,percent020_day1_case1,APVT,tv_ss2__te_ss1ss3,S016,ss1,Fx,0.2483625049378213,0.5834829591785812
lab7015,percent020_day1_case1,APVT,tv_ss2__te_ss1ss3,S016,ss1,Fz,0.1591333900902522,0.8392054370111404
lab7015,percent020_day1_case1,APVT,tv_ss2__te_ss1ss3,S017,ss1,Fx,0.1243904571869071,0.922160672505412
lab7015,percent020_day1_case1,APVT,tv_ss2__te_ss1ss3,S017,ss1,Fz,0.0672608854524067,0.9557067143846424
lab7015,percent020_day1_case1,APVT,tv_ss2__te_ss1ss3,S018,ss1,Fx,0.1317356558650101,0.8815011643455101
lab7015,percent020_day1_case1,APVT,tv_ss2__te_ss1ss3,S018,ss1,Fz,0.1230406112578907,0.9376190855769454
lab7015,percent020_day1_case1,APVT,tv_ss2__te_ss1ss3,S019,ss1,Fx,0.1737221478860915,0.8517911335050069
lab7015,percent020_day1_case1,APVT,tv_ss2__te_ss1ss3,S019,ss1,Fz,0.1019929933650144,0.9289302262591688
lab7015,percent020_day1_case1,APVT,tv_ss2__te_ss1ss3,S001,ss3,Fx,0.099820505305717,0.9475917045187088
lab7015,percent020_day1_case1,APVT,tv_ss2__te_ss1ss3,S001,ss3,Fz,0.0906351214153365,0.9714749419525884
lab7015,percent020_day1_case1,APVT,tv_ss2__te_ss1ss3,S002,ss3,Fx,0.1044231173425383,0.89731283351383
lab7015,percent020_day1_case1,APVT,tv_ss2__te_ss1ss3,S002,ss3,Fz,0.0845223997291229,0.9684752962621666
lab7015,percent020_day1_case1,APVT,tv_ss2__te_ss1ss3,S003,ss3,Fx,0.0919822375285245,0.9493862029208282
lab7015,percent020_day1_case1,APVT,tv_ss2__te_ss1ss3,S003,ss3,Fz,0.0720811442536894,0.9729196684494856
lab7015,percent020_day1_case1,APVT,tv_ss2__te_ss1ss3,S004,ss3,Fx,0.0966018040084884,0.9438072850586774
lab7015,percent020_day1_case1,APVT,tv_ss2__te_ss1ss3,S004,ss3,Fz,0.0938418381101287,0.953622931882646
lab7015,percent020_day1_case1,APVT,tv_ss2__te_ss1ss3,S005,ss3,Fx,0.1248701398491982,0.8603522902491096
lab7015,percent020_day1_case1,APVT,tv_ss2__te_ss1ss3,S005,ss3,Fz,0.0962365793213914,0.9513161960517428
lab7015,percent020_day1_case1,APVT,tv_ss2__te_ss1ss3,S006,ss3,Fx,0.109734028696081,0.920327449785002
lab7015,percent020_day1_case1,APVT,tv_ss2__te_ss1ss3,S006,ss3,Fz,0.0935105939330894,0.964243963462142
lab7015,percent020_day1_case1,APVT,tv_ss2__te_ss1ss3,S007,ss3,Fx,0.0942390260129412,0.9406660072449664
lab7015,percent020_day1_case1,APVT,tv_ss2__te_ss1ss3,S007,ss3,Fz,0.0706782315316726,0.9693893270354232
lab7015,percent020_day1_case1,APVT,tv_ss2__te_ss1ss3,S008,ss3,Fx,0.1394561241470554,0.8640187588128703
lab7015,percent020_day1_case1,APVT,tv_ss2__te_ss1ss3,S008,ss3,Fz,0.1248835392007288,0.9600106216191006
lab7015,percent020_day1_case1,APVT,tv_ss2__te_ss1ss3,S009,ss3,Fx,0.1453891426088522,0.8299485469405649
lab7015,percent020_day1_case1,APVT,tv_ss2__te_ss1ss3,S009,ss3,Fz,0.1511898361961501,0.8967482667348715
lab7015,percent020_day1_case1,APVT,tv_ss2__te_ss1ss3,S010,ss3,Fx,0.0991198030275082,0.9414922391522428
lab7015,percent020_day1_case1,APVT,tv_ss2__te_ss1ss3,S010,ss3,Fz,0.0780090999124275,0.96563032485657
lab7015,percent020_day1_case1,APVT,tv_ss2__te_ss1ss3,S012,ss3,Fx,0.0898811074425279,0.9547725892473746
lab7015,percent020_day1_case1,APVT,tv_ss2__te_ss1ss3,S012,ss3,Fz,0.0864271233824175,0.9735312759026234
lab7015,percent020_day1_case1,APVT,tv_ss2__te_ss1ss3,S013,ss3,Fx,0.0873054525237827,0.9610055907982176
lab7015,percent020_day1_case1,APVT,tv_ss2__te_ss1ss3,S013,ss3,Fz,0.0842927486218043,0.9648149904550728
lab7015,percent020_day1_case1,APVT,tv_ss2__te_ss1ss3,S015,ss3,Fx,0.1301992059732318,0.8476460948105968
lab7015,percent020_day1_case1,APVT,tv_ss2__te_ss1ss3,S015,ss3,Fz,0.0704934287066757,0.97451357287833
lab7015,percent020_day1_case1,APVT,tv_ss2__te_ss1ss3,S016,ss3,Fx,0.133933850304227,0.8593304347184438
lab7015,percent020_day1_case1,APVT,tv_ss2__te_ss1ss3,S016,ss3,Fz,0.1094283734693752,0.9402078581420894
lab7015,percent020_day1_case1,APVT,tv_ss2__te_ss1ss3,S017,ss3,Fx,0.0856979622850209,0.9448463676148396
lab7015,percent020_day1_case1,APVT,tv_ss2__te_ss1ss3,S017,ss3,Fz,0.0919082552732012,0.9525297496715124
lab7015,percent020_day1_case1,APVT,tv_ss2__te_ss1ss3,S018,ss3,Fx,0.088253096450628,0.9521945481725772
lab7015,percent020_day1_case1,APVT,tv_ss2__te_ss1ss3,S018,ss3,Fz,0.080511783328999,0.9632900519493556
lab7015,percent020_day1_case1,APVT,tv_ss2__te_ss1ss3,S019,ss3,Fx,0.1386632880048474,0.8523602056001023
lab7015,percent020_day1_case1,APVT,tv_ss2__te_ss1ss3,S019,ss3,Fz,0.077850600473764,0.9768584954875188
lab7015,percent020_day1_case1,VT,tv_te_ss1,S001,ss1,Fx,0.136772369961782,0.8337963889321791
lab7015,percent020_day1_case1,VT,tv_te_ss1,S001,ss1,Fz,0.1293399011932776,0.9052115003328216
lab7015,percent020_day1_case1,VT,tv_te_ss1,S002,ss1,Fx,0.1356435215740634,0.7982128485107182
lab7015,percent020_day1_case1,VT,tv_te_ss1,S002,ss1,Fz,0.1035310054193527,0.8887414823542401
lab7015,percent020_day1_case1,VT,tv_te_ss1,S003,ss1,Fx,0.0944188209962359,0.924659698004666
lab7015,percent020_day1_case1,VT,tv_te_ss1,S003,ss1,Fz,0.0921222358676435,0.9420550578132416
lab7015,percent020_day1_case1,VT,tv_te_ss1,S004,ss1,Fx,0.0824295059847256,0.9550226828819484
lab7015,percent020_day1_case1,VT,tv_te_ss1,S004,ss1,Fz,0.0820765943424598,0.9555871041854694
lab7015,percent020_day1_case1,VT,tv_te_ss1,S005,ss1,Fx,0.0890859485179603,0.9445954675499488
lab7015,percent020_day1_case1,VT,tv_te_ss1,S005,ss1,Fz,0.1287343737904863,0.9261102741368232
lab7015,percent020_day1_case1,VT,tv_te_ss1,S006,ss1,Fx,0.1031865502158253,0.9369436425936196
lab7015,percent020_day1_case1,VT,tv_te_ss1,S006,ss1,Fz,0.0762422394991388,0.9570988396638122
lab7015,percent020_day1_case1,VT,tv_te_ss1,S007,ss1,Fx,0.0780471671299179,0.9542482267695308
lab7015,percent020_day1_case1,VT,tv_te_ss1,S007,ss1,Fz,0.0958515492942547,0.9397519059203048
lab7015,percent020_day1_case1,VT,tv_te_ss1,S008,ss1,Fx,0.0810280272229988,0.9477185478043596
lab7015,percent020_day1_case1,VT,tv_te_ss1,S008,ss1,Fz,0.1133029961158111,0.9485713750951568
lab7015,percent020_day1_case1,VT,tv_te_ss1,S009,ss1,Fx,0.1309280546807671,0.8583947436286863
lab7015,percent020_day1_case1,VT,tv_te_ss1,S009,ss1,Fz,0.1344143483198274,0.8712594922590117
lab7015,percent020_day1_case1,VT,tv_te_ss1,S010,ss1,Fx,0.0983928538992479,0.91684050091582
lab7015,percent020_day1_case1,VT,tv_te_ss1,S010,ss1,Fz,0.0864950212962514,0.9136181371036866
lab7015,percent020_day1_case1,VT,tv_te_ss1,S011,ss1,Fx,0.1095611168906485,0.9291295871400246
lab7015,percent020_day1_case1,VT,tv_te_ss1,S011,ss1,Fz,0.1214678791549682,0.9590032014970248
lab7015,percent020_day1_case1,VT,tv_te_ss1,S012,ss1,Fx,0.0708912875732221,0.9717299675503652
lab7015,percent020_day1_case1,VT,tv_te_ss1,S012,ss1,Fz,0.0870191713386958,0.9476295557521668
lab7015,percent020_day1_case1,VT,tv_te_ss1,S013,ss1,Fx,0.0973771759460062,0.9246298746370468
lab7015,percent020_day1_case1,VT,tv_te_ss1,S013,ss1,Fz,0.0986091443203901,0.9397673027547836
lab7015,percent020_day1_case1,VT,tv_te_ss1,S014,ss1,Fx,0.1075955072416861,0.8999803568611099
lab7015,percent020_day1_case1,VT,tv_te_ss1,S014,ss1,Fz,0.1332416728571155,0.8381823066750183
lab7015,percent020_day1_case1,VT,tv_te_ss1,S015,ss1,Fx,0.0912603273529088,0.9291395226954784
lab7015,percent020_day1_case1,VT,tv_te_ss1,S015,ss1,Fz,0.0759144462783362,0.9595075347658178
lab7015,percent020_day1_case1,VT,tv_te_ss1,S016,ss1,Fx,0.2292268076221564,0.5449392383271474
lab7015,percent020_day1_case1,VT,tv_te_ss1,S016,ss1,Fz,0.1798463704728099,0.7622833955537589
lab7015,percent020_day1_case1,VT,tv_te_ss1,S017,ss1,Fx,0.0806962393323426,0.9585656786263308
lab7015,percent020_day1_case1,VT,tv_te_ss1,S017,ss1,Fz,0.0603478107517886,0.970343969380534
lab7015,percent020_day1_case1,VT,tv_te_ss1,S018,ss1,Fx,0.1102315984820663,0.9017077524187996
lab7015,percent020_day1_case1,VT,tv_te_ss1,S018,ss1,Fz,0.0913141246268837,0.962281317658042
lab7015,percent020_day1_case1,VT,tv_te_ss1,S019,ss1,Fx,0.1328027751348027,0.8885986911304838
lab7015,percent020_day1_case1,VT,tv_te_ss1,S019,ss1,Fz,0.0884144340074476,0.9425538873474224
lab7015,percent020_day1_case1,APVT,tv_te_ss123,S001,ss1,Fx,0.1304639757942069,0.9142331228338016
lab7015,percent020_day1_case1,APVT,tv_te_ss123,S001,ss1,Fz,0.0898620871394511,0.948049180462267
lab7015,percent020_day1_case1,APVT,tv_te_ss123,S002,ss1,Fx,0.1369606911464608,0.8120464042496786
lab7015,percent020_day1_case1,APVT,tv_te_ss123,S002,ss1,Fz,0.0949859521301279,0.9130626759823912
lab7015,percent020_day1_case1,APVT,tv_te_ss123,S003,ss1,Fx,0.0826158801645802,0.944365664369708
lab7015,percent020_day1_case1,APVT,tv_te_ss123,S003,ss1,Fz,0.0780619918319316,0.9599979807912468
lab7015,percent020_day1_case1,APVT,tv_te_ss123,S004,ss1,Fx,0.0793206751856827,0.9628370831495644
lab7015,percent020_day1_case1,APVT,tv_te_ss123,S004,ss1,Fz,0.0994592359378011,0.9541605024719038
lab7015,percent020_day1_case1,APVT,tv_te_ss123,S005,ss1,Fx,0.0934419935820112,0.9426664516702198
lab7015,percent020_day1_case1,APVT,tv_te_ss123,S005,ss1,Fz,0.1387207985216794,0.8974955617220948
lab7015,percent020_day1_case1,APVT,tv_te_ss123,S006,ss1,Fx,0.084995053348965,0.960439905751177
lab7015,percent020_day1_case1,APVT,tv_te_ss123,S006,ss1,Fz,0.0712689057330255,0.9612252437722504
lab7015,percent020_day1_case1,APVT,tv_te_ss123,S007,ss1,Fx,0.0679489735024272,0.9707547387684587
lab7015,percent020_day1_case1,APVT,tv_te_ss123,S007,ss1,Fz,0.0807683418080938,0.9632927805293414
lab7015,percent020_day1_case1,APVT,tv_te_ss123,S008,ss1,Fx,0.0726076913511119,0.9586631775435368
lab7015,percent020_day1_case1,APVT,tv_te_ss123,S008,ss1,Fz,0.1379556760286626,0.9520982277607924
lab7015,percent020_day1_case1,APVT,tv_te_ss123,S009,ss1,Fx,0.1525473566070909,0.886424232991695
lab7015,percent020_day1_case1,APVT,tv_te_ss123,S009,ss1,Fz,0.1263689753807849,0.8683843250101174
lab7015,percent020_day1_case1,APVT,tv_te_ss123,S010,ss1,Fx,0.0935130484265958,0.9205390762604478
lab7015,percent020_day1_case1,APVT,tv_te_ss123,S010,ss1,Fz,0.0868729516869978,0.9119888917703708
lab7015,percent020_day1_case1,APVT,tv_te_ss123,S011,ss1,Fx,0.0926988473126548,0.9348682960780887
lab7015,percent020_day1_case1,APVT,tv_te_ss123,S011,ss1,Fz,0.1146956902836961,0.9685139188946872
lab7015,percent020_day1_case1,APVT,tv_te_ss123,S012,ss1,Fx,0.0839905272334047,0.9643754389029368
lab7015,percent020_day1_case1,APVT,tv_te_ss123,S012,ss1,Fz,0.0939548655843901,0.944305594292248
lab7015,percent020_day1_case1,APVT,tv_te_ss123,S013,ss1,Fx,0.0882209441725746,0.9399279052079116
lab7015,percent020_day1_case1,APVT,tv_te_ss123,S013,ss1,Fz,0.0968873305997001,0.9499531099680198
lab7015,percent020_day1_case1,APVT,tv_te_ss123,S014,ss1,Fx,0.0820744740758068,0.9493690469881876
lab7015,percent020_day1_case1,APVT,tv_te_ss123,S014,ss1,Fz,0.1248959848463702,0.9024371456726084
lab7015,percent020_day1_case1,APVT,tv_te_ss123,S015,ss1,Fx,0.0995803326879929,0.9271888942730668
lab7015,percent020_day1_case1,APVT,tv_te_ss123,S015,ss1,Fz,0.0746755846717207,0.9605508019745403
lab7015,percent020_day1_case1,APVT,tv_te_ss123,S016,ss1,Fx,0.2442906155345159,0.6029676454253902
lab7015,percent020_day1_case1,APVT,tv_te_ss123,S016,ss1,Fz,0.1528821745816397,0.8378722473940664
lab7015,percent020_day1_case1,APVT,tv_te_ss123,S017,ss1,Fx,0.0850468029418944,0.941940328044284
lab7015,percent020_day1_case1,APVT,tv_te_ss123,S017,ss1,Fz,0.0605690356612005,0.969184896252771
lab7015,percent020_day1_case1,APVT,tv_te_ss123,S018,ss1,Fx,0.1038279960834623,0.9130711118805452
lab7015,percent020_day1_case1,APVT,tv_te_ss123,S018,ss1,Fz,0.0761536301387213,0.9693823624089436
lab7015,percent020_day1_case1,APVT,tv_te_ss123,S019,ss1,Fx,0.1374819485747382,0.8862779563369825
lab7015,percent020_day1_case1,APVT,tv_te_ss123,S019,ss1,Fz,0.0744583964023279,0.9615438930619786
lab7015,percent020_day1_case1,APVT,tv_te_ss123,S001,ss2,Fx,0.0688922485167777,0.9628127140395562
lab7015,percent020_day1_case1,APVT,tv_te_ss123,S001,ss2,Fz,0.0591250013305585,0.9800297934533316
lab7015,percent020_day1_case1,APVT,tv_te_ss123,S002,ss2,Fx,0.0913776177268838,0.9233640914913176
lab7015,percent020_day1_case1,APVT,tv_te_ss123,S002,ss2,Fz,0.0670567359839979,0.9708774584823608
lab7015,percent020_day1_case1,APVT,tv_te_ss123,S003,ss2,Fx,0.0747429261241413,0.9599349262275336
lab7015,percent020_day1_case1,APVT,tv_te_ss123,S003,ss2,Fz,0.0575510289767511,0.9812644714678904
lab7015,percent020_day1_case1,APVT,tv_te_ss123,S004,ss2,Fx,0.0846147836644131,0.9482561780986632
lab7015,percent020_day1_case1,APVT,tv_te_ss123,S004,ss2,Fz,0.108462899255701,0.9484688096739408
lab7015,percent020_day1_case1,APVT,tv_te_ss123,S005,ss2,Fx,0.0818989134244417,0.9244265998919204
lab7015,percent020_day1_case1,APVT,tv_te_ss123,S005,ss2,Fz,0.1029260089762596,0.9503210302193782
lab7015,percent020_day1_case1,APVT,tv_te_ss123,S006,ss2,Fx,0.0771657694759256,0.9625279271348994
lab7015,percent020_day1_case1,APVT,tv_te_ss123,S006,ss2,Fz,0.0677806750818121,0.9726009751040168
lab7015,percent020_day1_case1,APVT,tv_te_ss123,S007,ss2,Fx,0.058137892676796,0.9749087185942068
lab7015,percent020_day1_case1,APVT,tv_te_ss123,S007,ss2,Fz,0.0727251202306159,0.9654926035245854
lab7015,percent020_day1_case1,APVT,tv_te_ss123,S008,ss2,Fx,0.0802007966151863,0.950173046350123
lab7015,percent020_day1_case1,APVT,tv_te_ss123,S008,ss2,Fz,0.1173217608707924,0.968942968117303
lab7015,percent020_day1_case1,APVT,tv_te_ss123,S009,ss2,Fx,0.1404278671275976,0.8755986147985273
lab7015,percent020_day1_case1,APVT,tv_te_ss123,S009,ss2,Fz,0.1252399886492714,0.9051814824448527
lab7015,percent020_day1_case1,APVT,tv_te_ss123,S010,ss2,Fx,0.092601594890612,0.9287879066206022
lab7015,percent020_day1_case1,APVT,tv_te_ss123,S010,ss2,Fz,0.0642407264397306,0.9698451739434916
lab7015,percent020_day1_case1,APVT,tv_te_ss123,S011,ss2,Fx,0.0861898618597948,0.9413502462745308
lab7015,percent020_day1_case1,APVT,tv_te_ss123,S011,ss2,Fz,0.1133577709119699,0.9710244215716568
lab7015,percent020_day1_case1,APVT,tv_te_ss123,S012,ss2,Fx,0.0830047775543426,0.9698814705197712
lab7015,percent020_day1_case1,APVT,tv_te_ss123,S012,ss2,Fz,0.0867398026711526,0.9655974533299236
lab7015,percent020_day1_case1,APVT,tv_te_ss123,S013,ss2,Fx,0.0744489555030606,0.96176461049521
lab7015,percent020_day1_case1,APVT,tv_te_ss123,S013,ss2,Fz,0.0963807847668349,0.9391043384735304
lab7015,percent020_day1_case1,APVT,tv_te_ss123,S015,ss2,Fx,0.0961992578724005,0.9517814000221416
lab7015,percent020_day1_case1,APVT,tv_te_ss123,S015,ss2,Fz,0.0569343981423247,0.9767084883085522
lab7015,percent020_day1_case1,APVT,tv_te_ss123,S016,ss2,Fx,0.1033814273518432,0.9234106482070868
lab7015,percent020_day1_case1,APVT,tv_te_ss123,S016,ss2,Fz,0.0791706968145029,0.9710917222111792
lab7015,percent020_day1_case1,APVT,tv_te_ss123,S017,ss2,Fx,0.0631132938082008,0.9671242504417568
lab7015,percent020_day1_case1,APVT,tv_te_ss123,S017,ss2,Fz,0.0523361202608221,0.9805886277724056
lab7015,percent020_day1_case1,APVT,tv_te_ss123,S018,ss2,Fx,0.0968902564471906,0.923566777972104
lab7015,percent020_day1_case1,APVT,tv_te_ss123,S018,ss2,Fz,0.0808698127401137,0.9669730156385864
lab7015,percent020_day1_case1,APVT,tv_te_ss123,S019,ss2,Fx,0.132608023176091,0.8732843261748621
lab7015,percent020_day1_case1,APVT,tv_te_ss123,S019,ss2,Fz,0.0785665468007674,0.9637660526003476
lab7015,percent020_day1_case1,APVT,tv_te_ss123,S001,ss3,Fx,0.0644300798316811,0.9682592846676608
lab7015,percent020_day1_case1,APVT,tv_te_ss123,S001,ss3,Fz,0.0641387222775514,0.9791704632497492
lab7015,percent020_day1_case1,APVT,tv_te_ss123,S002,ss3,Fx,0.0777644940006578,0.942500101560213
lab7015,percent020_day1_case1,APVT,tv_te_ss123,S002,ss3,Fz,0.070614120026048,0.9740132480139568
lab7015,percent020_day1_case1,APVT,tv_te_ss123,S003,ss3,Fx,0.0468053827703181,0.9851462988796064
lab7015,percent020_day1_case1,APVT,tv_te_ss123,S003,ss3,Fz,0.0566813696885925,0.983910509918807
lab7015,percent020_day1_case1,APVT,tv_te_ss123,S004,ss3,Fx,0.0679135316485306,0.966717329430148
lab7015,percent020_day1_case1,APVT,tv_te_ss123,S004,ss3,Fz,0.0667593124948794,0.9803230946706188
lab7015,percent020_day1_case1,APVT,tv_te_ss123,S005,ss3,Fx,0.092568191683724,0.9125827063108084
lab7015,percent020_day1_case1,APVT,tv_te_ss123,S005,ss3,Fz,0.0796299843123996,0.9668309291594748
lab7015,percent020_day1_case1,APVT,tv_te_ss123,S006,ss3,Fx,0.1043219922906413,0.9261241608997346
lab7015,percent020_day1_case1,APVT,tv_te_ss123,S006,ss3,Fz,0.072144515087849,0.9800543537229376
lab7015,percent020_day1_case1,APVT,tv_te_ss123,S007,ss3,Fx,0.0606538205976955,0.9691762304061954
lab7015,percent020_day1_case1,APVT,tv_te_ss123,S007,ss3,Fz,0.0560507015497441,0.9816868753421492
lab7015,percent020_day1_case1,APVT,tv_te_ss123,S008,ss3,Fx,0.1124390644739583,0.9074351348171372
lab7015,percent020_day1_case1,APVT,tv_te_ss123,S008,ss3,Fz,0.1087657103687708,0.9691704531710824
lab7015,percent020_day1_case1,APVT,tv_te_ss123,S009,ss3,Fx,0.0962476229179831,0.9251205523042932
lab7015,percent020_day1_case1,APVT,tv_te_ss123,S009,ss3,Fz,0.1169348742380178,0.9334065021088024
lab7015,percent020_day1_case1,APVT,tv_te_ss123,S010,ss3,Fx,0.0853641178265961,0.9410515772823116
lab7015,percent020_day1_case1,APVT,tv_te_ss123,S010,ss3,Fz,0.0580306078270754,0.9783213131723104
lab7015,percent020_day1_case1,APVT,tv_te_ss123,S012,ss3,Fx,0.0653553903601627,0.9762850688784636
lab7015,percent020_day1_case1,APVT,tv_te_ss123,S012,ss3,Fz,0.0670702680567354,0.9780414712749768
lab7015,percent020_day1_case1,APVT,tv_te_ss123,S013,ss3,Fx,0.075476236061915,0.9687964001479664
lab7015,percent020_day1_case1,APVT,tv_te_ss123,S013,ss3,Fz,0.0772188234330302,0.970167961045584
lab7015,percent020_day1_case1,APVT,tv_te_ss123,S014,ss3,Fx,0.1120103748400156,0.8851490180055429
lab7015,percent020_day1_case1,APVT,tv_te_ss123,S014,ss3,Fz,0.0926287190432339,0.954423292723048
lab7015,percent020_day1_case1,APVT,tv_te_ss123,S015,ss3,Fx,0.0827660161789491,0.958738220970178
lab7015,percent020_day1_case1,APVT,tv_te_ss123,S015,ss3,Fz,0.0576294358640274,0.9789784976105284
lab7015,percent020_day1_case1,APVT,tv_te_ss123,S016,ss3,Fx,0.1605200368870959,0.8113862426181893
lab7015,percent020_day1_case1,APVT,tv_te_ss123,S016,ss3,Fz,0.0985733104276571,0.9635513097663468
lab7015,percent020_day1_case1,APVT,tv_te_ss123,S017,ss3,Fx,0.0584146021657154,0.973104559448569
lab7015,percent020_day1_case1,APVT,tv_te_ss123,S017,ss3,Fz,0.0682397668031355,0.9760047734712186
lab7015,percent020_day1_case1,APVT,tv_te_ss123,S018,ss3,Fx,0.0756988694889295,0.950111472681051
lab7015,percent020_day1_case1,APVT,tv_te_ss123,S018,ss3,Fz,0.0580398150776484,0.9852982168827956
lab7015,percent020_day1_case1,APVT,tv_te_ss123,S019,ss3,Fx,0.0830304470974868,0.9510697494846428
lab7015,percent020_day1_case1,APVT,tv_te_ss123,S019,ss3,Fz,0.0654582563167452,0.98116830558074
lab7015,percent020_day1_case1,APVT,tv_te_ss2,S001,ss2,Fx,0.0848083272562622,0.9540451251207616
lab7015,percent020_day1_case1,APVT,tv_te_ss2,S001,ss2,Fz,0.0688928900566939,0.9752180989599116
lab7015,percent020_day1_case1,APVT,tv_te_ss2,S002,ss2,Fx,0.1289549875736078,0.8290341713050848
lab7015,percent020_day1_case1,APVT,tv_te_ss2,S002,ss2,Fz,0.0796288285743282,0.9582956643049264
lab7015,percent020_day1_case1,APVT,tv_te_ss2,S003,ss2,Fx,0.0835060409855649,0.9442756599463068
lab7015,percent020_day1_case1,APVT,tv_te_ss2,S003,ss2,Fz,0.0735139246393044,0.9745627031568436
lab7015,percent020_day1_case1,APVT,tv_te_ss2,S004,ss2,Fx,0.0952210778226564,0.923354661423716
lab7015,percent020_day1_case1,APVT,tv_te_ss2,S004,ss2,Fz,0.1045552387316525,0.9515573911995472
lab7015,percent020_day1_case1,APVT,tv_te_ss2,S005,ss2,Fx,0.0824693708420515,0.9115745882844788
lab7015,percent020_day1_case1,APVT,tv_te_ss2,S005,ss2,Fz,0.1003713925515034,0.9511423022277466
lab7015,percent020_day1_case1,APVT,tv_te_ss2,S006,ss2,Fx,0.0895741391069325,0.948803355702356
lab7015,percent020_day1_case1,APVT,tv_te_ss2,S006,ss2,Fz,0.08221110731091,0.9589231652206964
lab7015,percent020_day1_case1,APVT,tv_te_ss2,S007,ss2,Fx,0.0661660756893649,0.964954337795157
lab7015,percent020_day1_case1,APVT,tv_te_ss2,S007,ss2,Fz,0.0807616252926629,0.9590239302843576
lab7015,percent020_day1_case1,APVT,tv_te_ss2,S008,ss2,Fx,0.0953023340847304,0.9257091142309416
lab7015,percent020_day1_case1,APVT,tv_te_ss2,S008,ss2,Fz,0.1170405352136688,0.9591088083960408
lab7015,percent020_day1_case1,APVT,tv_te_ss2,S009,ss2,Fx,0.1238609137092504,0.8808787851295954
lab7015,percent020_day1_case1,APVT,tv_te_ss2,S009,ss2,Fz,0.1253032102308607,0.907134341096158
lab7015,percent020_day1_case1,APVT,tv_te_ss2,S010,ss2,Fx,0.0962793919230279,0.9189504607089912
lab7015,percent020_day1_case1,APVT,tv_te_ss2,S010,ss2,Fz,0.0707714675325088,0.9633224362263996
lab7015,percent020_day1_case1,APVT,tv_te_ss2,S011,ss2,Fx,0.1065261551497295,0.9047730527490664
lab7015,percent020_day1_case1,APVT,tv_te_ss2,S011,ss2,Fz,0.1213473149433262,0.9647551296687348
lab7015,percent020_day1_case1,APVT,tv_te_ss2,S012,ss2,Fx,0.0927892346729811,0.9450124343878966
lab7015,percent020_day1_case1,APVT,tv_te_ss2,S012,ss2,Fz,0.0940711265153568,0.9693356746416996
lab7015,percent020_day1_case1,APVT,tv_te_ss2,S013,ss2,Fx,0.0787740864454609,0.9534120367772324
lab7015,percent020_day1_case1,APVT,tv_te_ss2,S013,ss2,Fz,0.098358958371325,0.9404129092868933
lab7015,percent020_day1_case1,APVT,tv_te_ss2,S015,ss2,Fx,0.0731730226579787,0.956919345551744
lab7015,percent020_day1_case1,APVT,tv_te_ss2,S015,ss2,Fz,0.0600999526878439,0.9756170337812152
lab7015,percent020_day1_case1,APVT,tv_te_ss2,S016,ss2,Fx,0.0906555550914541,0.9379520737343304
lab7015,percent020_day1_case1,APVT,tv_te_ss2,S016,ss2,Fz,0.0809526001761526,0.9616054477746075
lab7015,percent020_day1_case1,APVT,tv_te_ss2,S017,ss2,Fx,0.0721500772280048,0.9584434224375112
lab7015,percent020_day1_case1,APVT,tv_te_ss2,S017,ss2,Fz,0.0497976617872327,0.9808691765845556
lab7015,percent020_day1_case1,APVT,tv_te_ss2,S018,ss2,Fx,0.1045129663418012,0.9125774898830528
lab7015,percent020_day1_case1,APVT,tv_te_ss2,S018,ss2,Fz,0.0838754023425265,0.9648316848624136
lab7015,percent020_day1_case1,APVT,tv_te_ss2,S019,ss2,Fx,0.1391711679376108,0.8508235227719769
lab7015,percent020_day1_case1,APVT,tv_te_ss2,S019,ss2,Fz,0.0868537128129468,0.9533378810455604
lab7015,percent020_day1_case1,AP,tv_te_ss3,S001,ss3,Fx,0.0753603384414961,0.9519871650199234
lab7015,percent020_day1_case1,AP,tv_te_ss3,S001,ss3,Fz,0.0787124440605462,0.9722759763147696
lab7015,percent020_day1_case1,AP,tv_te_ss3,S002,ss3,Fx,0.0958062428833394,0.9274367010571356
lab7015,percent020_day1_case1,AP,tv_te_ss3,S002,ss3,Fz,0.085336146028513,0.962961588887839
lab7015,percent020_day1_case1,AP,tv_te_ss3,S003,ss3,Fx,0.0515703789596319,0.9799978896710982
lab7015,percent020_day1_case1,AP,tv_te_ss3,S003,ss3,Fz,0.0585812083589413,0.9846895879901004
lab7015,percent020_day1_case1,AP,tv_te_ss3,S004,ss3,Fx,0.0611486201091352,0.9705822083979126
lab7015,percent020_day1_case1,AP,tv_te_ss3,S004,ss3,Fz,0.0597666569594394,0.9818244956648942
lab7015,percent020_day1_case1,AP,tv_te_ss3,S005,ss3,Fx,0.0927097338012792,0.9214149122527744
lab7015,percent020_day1_case1,AP,tv_te_ss3,S005,ss3,Fz,0.0803230237469625,0.9663110472661006
lab7015,percent020_day1_case1,AP,tv_te_ss3,S006,ss3,Fx,0.1040420973001392,0.9259520765539212
lab7015,percent020_day1_case1,AP,tv_te_ss3,S006,ss3,Fz,0.0661753461646845,0.977566135376175
lab7015,percent020_day1_case1,AP,tv_te_ss3,S007,ss3,Fx,0.0656454377185359,0.964393192650015
lab7015,percent020_day1_case1,AP,tv_te_ss3,S007,ss3,Fz,0.0644330410250463,0.9753541726275956
lab7015,percent020_day1_case1,AP,tv_te_ss3,S008,ss3,Fx,0.1068941661478272,0.9240756365036812
lab7015,percent020_day1_case1,AP,tv_te_ss3,S008,ss3,Fz,0.1138257801494287,0.963749042320456
lab7015,percent020_day1_case1,AP,tv_te_ss3,S009,ss3,Fx,0.1374440267832292,0.8785001856128488
lab7015,percent020_day1_case1,AP,tv_te_ss3,S009,ss3,Fz,0.1173672358011126,0.9384085529385556
lab7015,percent020_day1_case1,AP,tv_te_ss3,S010,ss3,Fx,0.0675087662913097,0.9615918115096712
lab7015,percent020_day1_case1,AP,tv_te_ss3,S010,ss3,Fz,0.063334783811272,0.9786701136241948
lab7015,percent020_day1_case1,AP,tv_te_ss3,S012,ss3,Fx,0.0550255789874081,0.979753798330961
lab7015,percent020_day1_case1,AP,tv_te_ss3,S012,ss3,Fz,0.0749437535633606,0.9732950874249324
lab7015,percent020_day1_case1,AP,tv_te_ss3,S013,ss3,Fx,0.0698836708220396,0.96553607488569
lab7015,percent020_day1_case1,AP,tv_te_ss3,S013,ss3,Fz,0.0755640649053526,0.9628144086630172
lab7015,percent020_day1_case1,AP,tv_te_ss3,S014,ss3,Fx,0.1070803669230602,0.89808972285248
lab7015,percent020_day1_case1,AP,tv_te_ss3,S014,ss3,Fz,0.0955671067987359,0.9533578598723118
lab7015,percent020_day1_case1,AP,tv_te_ss3,S015,ss3,Fx,0.0756104112266348,0.9534413546449676
lab7015,percent020_day1_case1,AP,tv_te_ss3,S015,ss3,Fz,0.0542125805554273,0.9804847633031044
lab7015,percent020_day1_case1,AP,tv_te_ss3,S016,ss3,Fx,0.1821251852752246,0.7459476357015
lab7015,percent020_day1_case1,AP,tv_te_ss3,S016,ss3,Fz,0.0962325413367371,0.9557684979432152
lab7015,percent020_day1_case1,AP,tv_te_ss3,S017,ss3,Fx,0.0585073960449867,0.9757910545043276
lab7015,percent020_day1_case1,AP,tv_te_ss3,S017,ss3,Fz,0.0671143231541701,0.9764269149614628
lab7015,percent020_day1_case1,AP,tv_te_ss3,S018,ss3,Fx,0.0650628777221886,0.9631068738140786
lab7015,percent020_day1_case1,AP,tv_te_ss3,S018,ss3,Fz,0.0460180317542854,0.9884053390369462
lab7015,percent020_day1_case1,AP,tv_te_ss3,S019,ss3,Fx,0.0885143491392909,0.9416715355442834
lab7015,percent020_day1_case1,AP,tv_te_ss3,S019,ss3,Fz,0.0623345969679902,0.979930228059711
lab7015,percent020_day1_case1,VT,tv_te_ss3,S001,ss3,Fx,0.0802774924516404,0.949911602159798
lab7015,percent020_day1_case1,VT,tv_te_ss3,S001,ss3,Fz,0.0742971946621414,0.972857092943784
lab7015,percent020_day1_case1,VT,tv_te_ss3,S002,ss3,Fx,0.1013827907028704,0.9166925557522344
lab7015,percent020_day1_case1,VT,tv_te_ss3,S002,ss3,Fz,0.0747205358443781,0.9698183329960596
lab7015,percent020_day1_case1,VT,tv_te_ss3,S003,ss3,Fx,0.0481235212464962,0.9829606088917874
lab7015,percent020_day1_case1,VT,tv_te_ss3,S003,ss3,Fz,0.0527681034652832,0.986950008797879
lab7015,percent020_day1_case1,VT,tv_te_ss3,S004,ss3,Fx,0.0716754040948654,0.9571499847200567
lab7015,percent020_day1_case1,VT,tv_te_ss3,S004,ss3,Fz,0.0643527244962616,0.9781085787075946
lab7015,percent020_day1_case1,VT,tv_te_ss3,S005,ss3,Fx,0.10034222395169,0.9113263372024338
lab7015,percent020_day1_case1,VT,tv_te_ss3,S005,ss3,Fz,0.0867517337139584,0.9567233421362143
lab7015,percent020_day1_case1,VT,tv_te_ss3,S006,ss3,Fx,0.118909575454669,0.9083079538738746
lab7015,percent020_day1_case1,VT,tv_te_ss3,S006,ss3,Fz,0.0727131566297241,0.97431922647867
lab7015,percent020_day1_case1,VT,tv_te_ss3,S007,ss3,Fx,0.0651048487078402,0.9650841336000217
lab7015,percent020_day1_case1,VT,tv_te_ss3,S007,ss3,Fz,0.063290698717426,0.9770032126749384
lab7015,percent020_day1_case1,VT,tv_te_ss3,S008,ss3,Fx,0.1004033165428012,0.9280426281576004
lab7015,percent020_day1_case1,VT,tv_te_ss3,S008,ss3,Fz,0.1001572872415317,0.9624470944687732
lab7015,percent020_day1_case1,VT,tv_te_ss3,S009,ss3,Fx,0.1214191495965239,0.8962611101702834
lab7015,percent020_day1_case1,VT,tv_te_ss3,S009,ss3,Fz,0.1242919397893616,0.9182143551471192
lab7015,percent020_day1_case1,VT,tv_te_ss3,S010,ss3,Fx,0.063868577409138,0.9641775408715652
lab7015,percent020_day1_case1,VT,tv_te_ss3,S010,ss3,Fz,0.0591188869501301,0.9780528913077692
lab7015,percent020_day1_case1,VT,tv_te_ss3,S012,ss3,Fx,0.0622942918639451,0.9733387334066472
lab7015,percent020_day1_case1,VT,tv_te_ss3,S012,ss3,Fz,0.0724389402372428,0.9740045821160344
lab7015,percent020_day1_case1,VT,tv_te_ss3,S013,ss3,Fx,0.0763843018929142,0.9536133153047948
lab7015,percent020_day1_case1,VT,tv_te_ss3,S013,ss3,Fz,0.0853081792609313,0.9556508781712172
lab7015,percent020_day1_case1,VT,tv_te_ss3,S014,ss3,Fx,0.1099602209457411,0.8861050004226044
lab7015,percent020_day1_case1,VT,tv_te_ss3,S014,ss3,Fz,0.0862992920221882,0.9593405050746784
lab7015,percent020_day1_case1,VT,tv_te_ss3,S015,ss3,Fx,0.0731173849199514,0.9554312911991208
lab7015,percent020_day1_case1,VT,tv_te_ss3,S015,ss3,Fz,0.0571375046413176,0.9788766230533992
lab7015,percent020_day1_case1,VT,tv_te_ss3,S016,ss3,Fx,0.1438549759773475,0.8505470586597174
lab7015,percent020_day1_case1,VT,tv_te_ss3,S016,ss3,Fz,0.1062744901745272,0.954509178358471
lab7015,percent020_day1_case1,VT,tv_te_ss3,S017,ss3,Fx,0.05801468364821,0.975663850004848
lab7015,percent020_day1_case1,VT,tv_te_ss3,S017,ss3,Fz,0.0679609705506385,0.9747585081432436
lab7015,percent020_day1_case1,VT,tv_te_ss3,S018,ss3,Fx,0.0709921530438914,0.9526344187351572
lab7015,percent020_day1_case1,VT,tv_te_ss3,S018,ss3,Fz,0.0496081998234241,0.9886141922127007
lab7015,percent020_day1_case1,VT,tv_te_ss3,S019,ss3,Fx,0.0803255446884145,0.9516270519227744
lab7015,percent020_day1_case1,VT,tv_te_ss3,S019,ss3,Fz,0.069011575527728,0.970953038823331
lab7015,percent050_day1_case1,VT,tv_ss1__te_ss2ss3,S001,ss2,Fx,0.0978437755269643,0.958183458788959
lab7015,percent050_day1_case1,VT,tv_ss1__te_ss2ss3,S001,ss2,Fz,0.1012910891192421,0.9638305041208872
lab7015,percent050_day1_case1,VT,tv_ss1__te_ss2ss3,S002,ss2,Fx,0.1057207721938576,0.9035339888683456
lab7015,percent050_day1_case1,VT,tv_ss1__te_ss2ss3,S002,ss2,Fz,0.0892276856064475,0.9569773850069978
lab7015,percent050_day1_case1,VT,tv_ss1__te_ss2ss3,S003,ss2,Fx,0.102500722023517,0.9380850614197488
lab7015,percent050_day1_case1,VT,tv_ss1__te_ss2ss3,S003,ss2,Fz,0.0845558930913934,0.9544248087275272
lab7015,percent050_day1_case1,VT,tv_ss1__te_ss2ss3,S004,ss2,Fx,0.117013901813625,0.9345815025322924
lab7015,percent050_day1_case1,VT,tv_ss1__te_ss2ss3,S004,ss2,Fz,0.1102799922710542,0.947043086462044
lab7015,percent050_day1_case1,VT,tv_ss1__te_ss2ss3,S005,ss2,Fx,0.1025015394893577,0.9218082193279163
lab7015,percent050_day1_case1,VT,tv_ss1__te_ss2ss3,S005,ss2,Fz,0.1012319496103201,0.941954279580722
lab7015,percent050_day1_case1,VT,tv_ss1__te_ss2ss3,S006,ss2,Fx,0.124478088421172,0.9193199454360422
lab7015,percent050_day1_case1,VT,tv_ss1__te_ss2ss3,S006,ss2,Fz,0.0923303006880782,0.9623535659418194
lab7015,percent050_day1_case1,VT,tv_ss1__te_ss2ss3,S007,ss2,Fx,0.1086439073924074,0.932755820321056
lab7015,percent050_day1_case1,VT,tv_ss1__te_ss2ss3,S007,ss2,Fz,0.0856535528383927,0.950758502014079
lab7015,percent050_day1_case1,VT,tv_ss1__te_ss2ss3,S008,ss2,Fx,0.1325591268622078,0.933010244784498
lab7015,percent050_day1_case1,VT,tv_ss1__te_ss2ss3,S008,ss2,Fz,0.1288709397598411,0.9499198053604752
lab7015,percent050_day1_case1,VT,tv_ss1__te_ss2ss3,S009,ss2,Fx,0.1600481320125112,0.7860112224217609
lab7015,percent050_day1_case1,VT,tv_ss1__te_ss2ss3,S009,ss2,Fz,0.1191750324957381,0.9216154171234802
lab7015,percent050_day1_case1,VT,tv_ss1__te_ss2ss3,S010,ss2,Fx,0.1096139368631612,0.9141374706470066
lab7015,percent050_day1_case1,VT,tv_ss1__te_ss2ss3,S010,ss2,Fz,0.0919309042516405,0.9507413377160951
lab7015,percent050_day1_case1,VT,tv_ss1__te_ss2ss3,S011,ss2,Fx,0.1240335602682262,0.8681178459186158
lab7015,percent050_day1_case1,VT,tv_ss1__te_ss2ss3,S011,ss2,Fz,0.1398713862243939,0.9450351547455432
lab7015,percent050_day1_case1,VT,tv_ss1__te_ss2ss3,S012,ss2,Fx,0.110725975071692,0.949884885552254
lab7015,percent050_day1_case1,VT,tv_ss1__te_ss2ss3,S012,ss2,Fz,0.1002086251201433,0.9442058766124872
lab7015,percent050_day1_case1,VT,tv_ss1__te_ss2ss3,S013,ss2,Fx,0.0895204774642145,0.9449304915281758
lab7015,percent050_day1_case1,VT,tv_ss1__te_ss2ss3,S013,ss2,Fz,0.1052733362827675,0.9316713163848156
lab7015,percent050_day1_case1,VT,tv_ss1__te_ss2ss3,S015,ss2,Fx,0.1197149360143858,0.8892897681624421
lab7015,percent050_day1_case1,VT,tv_ss1__te_ss2ss3,S015,ss2,Fz,0.0770367876232949,0.9720544749482776
lab7015,percent050_day1_case1,VT,tv_ss1__te_ss2ss3,S016,ss2,Fx,0.0973455833527995,0.941701068670085
lab7015,percent050_day1_case1,VT,tv_ss1__te_ss2ss3,S016,ss2,Fz,0.1186034768278714,0.9255335511725926
lab7015,percent050_day1_case1,VT,tv_ss1__te_ss2ss3,S017,ss2,Fx,0.0803918787627447,0.9669263902939536
lab7015,percent050_day1_case1,VT,tv_ss1__te_ss2ss3,S017,ss2,Fz,0.0749657699472757,0.9744360291444252
lab7015,percent050_day1_case1,VT,tv_ss1__te_ss2ss3,S018,ss2,Fx,0.1058812842397775,0.9474870377763844
lab7015,percent050_day1_case1,VT,tv_ss1__te_ss2ss3,S018,ss2,Fz,0.0846107672292682,0.9727480171139004
lab7015,percent050_day1_case1,VT,tv_ss1__te_ss2ss3,S019,ss2,Fx,0.1447624878293813,0.8508136173964058
lab7015,percent050_day1_case1,VT,tv_ss1__te_ss2ss3,S019,ss2,Fz,0.101039604427467,0.9578628358716036
lab7015,percent050_day1_case1,VT,tv_ss1__te_ss2ss3,S001,ss3,Fx,0.1423763583761242,0.9161199864313851
lab7015,percent050_day1_case1,VT,tv_ss1__te_ss2ss3,S001,ss3,Fz,0.1327116094903626,0.946791416940072
lab7015,percent050_day1_case1,VT,tv_ss1__te_ss2ss3,S002,ss3,Fx,0.1423881501823904,0.8487410543488259
lab7015,percent050_day1_case1,VT,tv_ss1__te_ss2ss3,S002,ss3,Fz,0.132163831069503,0.9400602761429092
lab7015,percent050_day1_case1,VT,tv_ss1__te_ss2ss3,S003,ss3,Fx,0.138895005500754,0.889107514125085
lab7015,percent050_day1_case1,VT,tv_ss1__te_ss2ss3,S003,ss3,Fz,0.1097970060924547,0.9478055577347632
lab7015,percent050_day1_case1,VT,tv_ss1__te_ss2ss3,S004,ss3,Fx,0.1630380559496576,0.8278138778195075
lab7015,percent050_day1_case1,VT,tv_ss1__te_ss2ss3,S004,ss3,Fz,0.1211919009081756,0.9464694976157134
lab7015,percent050_day1_case1,VT,tv_ss1__te_ss2ss3,S005,ss3,Fx,0.1680414798166026,0.7616785639589467
lab7015,percent050_day1_case1,VT,tv_ss1__te_ss2ss3,S005,ss3,Fz,0.116010604089292,0.9378688998862704
lab7015,percent050_day1_case1,VT,tv_ss1__te_ss2ss3,S006,ss3,Fx,0.1665293906418171,0.8208410807404946
lab7015,percent050_day1_case1,VT,tv_ss1__te_ss2ss3,S006,ss3,Fz,0.1230270217929607,0.9552657193900884
lab7015,percent050_day1_case1,VT,tv_ss1__te_ss2ss3,S007,ss3,Fx,0.1428128238442314,0.898472875595636
lab7015,percent050_day1_case1,VT,tv_ss1__te_ss2ss3,S007,ss3,Fz,0.1092583096920801,0.9456041533631986
lab7015,percent050_day1_case1,VT,tv_ss1__te_ss2ss3,S008,ss3,Fx,0.1813295381845542,0.8464596515455796
lab7015,percent050_day1_case1,VT,tv_ss1__te_ss2ss3,S008,ss3,Fz,0.1518359744969731,0.9459332983089864
lab7015,percent050_day1_case1,VT,tv_ss1__te_ss2ss3,S009,ss3,Fx,0.2105017595213657,0.5864844254038554
lab7015,percent050_day1_case1,VT,tv_ss1__te_ss2ss3,S009,ss3,Fz,0.1798424269387494,0.8663478853672377
lab7015,percent050_day1_case1,VT,tv_ss1__te_ss2ss3,S010,ss3,Fx,0.1472922143157498,0.843774797276187
lab7015,percent050_day1_case1,VT,tv_ss1__te_ss2ss3,S010,ss3,Fz,0.1260735206225233,0.931145522713508
lab7015,percent050_day1_case1,VT,tv_ss1__te_ss2ss3,S012,ss3,Fx,0.1543763569181473,0.8917927970797367
lab7015,percent050_day1_case1,VT,tv_ss1__te_ss2ss3,S012,ss3,Fz,0.123708083646474,0.9405449302958776
lab7015,percent050_day1_case1,VT,tv_ss1__te_ss2ss3,S013,ss3,Fx,0.1465290713845733,0.8780967323912935
lab7015,percent050_day1_case1,VT,tv_ss1__te_ss2ss3,S013,ss3,Fz,0.1144512979886436,0.95505955248969
lab7015,percent050_day1_case1,VT,tv_ss1__te_ss2ss3,S014,ss3,Fx,0.2322543262135377,0.3993212897194378
lab7015,percent050_day1_case1,VT,tv_ss1__te_ss2ss3,S014,ss3,Fz,0.1434596792857552,0.9090462122156564
lab7015,percent050_day1_case1,VT,tv_ss1__te_ss2ss3,S015,ss3,Fx,0.2084191494878987,0.5654895880423679
lab7015,percent050_day1_case1,VT,tv_ss1__te_ss2ss3,S015,ss3,Fz,0.116603461306473,0.9477174821129172
lab7015,percent050_day1_case1,VT,tv_ss1__te_ss2ss3,S016,ss3,Fx,0.1178001364055765,0.913847395558666
lab7015,percent050_day1_case1,VT,tv_ss1__te_ss2ss3,S016,ss3,Fz,0.1572604447175423,0.9035905676699656
lab7015,percent050_day1_case1,VT,tv_ss1__te_ss2ss3,S017,ss3,Fx,0.1299762258185691,0.9422021745948987
lab7015,percent050_day1_case1,VT,tv_ss1__te_ss2ss3,S017,ss3,Fz,0.1202342727914423,0.9422619600145926
lab7015,percent050_day1_case1,VT,tv_ss1__te_ss2ss3,S018,ss3,Fx,0.1457896997209777,0.908642016351104
lab7015,percent050_day1_case1,VT,tv_ss1__te_ss2ss3,S018,ss3,Fz,0.1135460565531413,0.9558288047749756
lab7015,percent050_day1_case1,VT,tv_ss1__te_ss2ss3,S019,ss3,Fx,0.1530985867920999,0.8776669342652732
lab7015,percent050_day1_case1,VT,tv_ss1__te_ss2ss3,S019,ss3,Fz,0.114946323650017,0.966122175409001
lab7015,percent050_day1_case1,APVT,tv_ss2__te_ss1ss3,S001,ss1,Fx,0.1317212033842548,0.9266495033484532
lab7015,percent050_day1_case1,APVT,tv_ss2__te_ss1ss3,S001,ss1,Fz,0.0882091989617545,0.9538602843922924
lab7015,percent050_day1_case1,APVT,tv_ss2__te_ss1ss3,S002,ss1,Fx,0.1880283900784016,0.7467104495015162
lab7015,percent050_day1_case1,APVT,tv_ss2__te_ss1ss3,S002,ss1,Fz,0.1143106282894753,0.8978682656128244
lab7015,percent050_day1_case1,APVT,tv_ss2__te_ss1ss3,S003,ss1,Fx,0.0872030284719274,0.9562405020166942
lab7015,percent050_day1_case1,APVT,tv_ss2__te_ss1ss3,S003,ss1,Fz,0.0917374934427065,0.9502124700846752
lab7015,percent050_day1_case1,APVT,tv_ss2__te_ss1ss3,S004,ss1,Fx,0.1103703740090029,0.9149730074153885
lab7015,percent050_day1_case1,APVT,tv_ss2__te_ss1ss3,S004,ss1,Fz,0.1081914929240585,0.9515637410521464
lab7015,percent050_day1_case1,APVT,tv_ss2__te_ss1ss3,S005,ss1,Fx,0.1363043461174277,0.9033509815457768
lab7015,percent050_day1_case1,APVT,tv_ss2__te_ss1ss3,S005,ss1,Fz,0.1257653846414566,0.9173844177823168
lab7015,percent050_day1_case1,APVT,tv_ss2__te_ss1ss3,S006,ss1,Fx,0.0904541985397208,0.950139868752252
lab7015,percent050_day1_case1,APVT,tv_ss2__te_ss1ss3,S006,ss1,Fz,0.0890234292932957,0.935958488478554
lab7015,percent050_day1_case1,APVT,tv_ss2__te_ss1ss3,S007,ss1,Fx,0.1064725908441542,0.9408036451779772
lab7015,percent050_day1_case1,APVT,tv_ss2__te_ss1ss3,S007,ss1,Fz,0.1131129092762159,0.9245954010018412
lab7015,percent050_day1_case1,APVT,tv_ss2__te_ss1ss3,S008,ss1,Fx,0.086463230917943,0.9401666210835252
lab7015,percent050_day1_case1,APVT,tv_ss2__te_ss1ss3,S008,ss1,Fz,0.1432972270656885,0.9257893908619697
lab7015,percent050_day1_case1,APVT,tv_ss2__te_ss1ss3,S009,ss1,Fx,0.1397166312548221,0.8762098939351664
lab7015,percent050_day1_case1,APVT,tv_ss2__te_ss1ss3,S009,ss1,Fz,0.1479950783298649,0.8274527297409295
lab7015,percent050_day1_case1,APVT,tv_ss2__te_ss1ss3,S010,ss1,Fx,0.1882191465684407,0.8412059490189518
lab7015,percent050_day1_case1,APVT,tv_ss2__te_ss1ss3,S010,ss1,Fz,0.1006855774033994,0.902013230717924
lab7015,percent050_day1_case1,APVT,tv_ss2__te_ss1ss3,S011,ss1,Fx,0.1178649316035921,0.940434850929689
lab7015,percent050_day1_case1,APVT,tv_ss2__te_ss1ss3,S011,ss1,Fz,0.1061118503819389,0.951922937270594
lab7015,percent050_day1_case1,APVT,tv_ss2__te_ss1ss3,S012,ss1,Fx,0.0961102536686843,0.9388266019959822
lab7015,percent050_day1_case1,APVT,tv_ss2__te_ss1ss3,S012,ss1,Fz,0.112328193713737,0.924625599406496
lab7015,percent050_day1_case1,APVT,tv_ss2__te_ss1ss3,S013,ss1,Fx,0.1285887573511028,0.9160522047626316
lab7015,percent050_day1_case1,APVT,tv_ss2__te_ss1ss3,S013,ss1,Fz,0.1170718298680871,0.8921116827643696
lab7015,percent050_day1_case1,APVT,tv_ss2__te_ss1ss3,S015,ss1,Fx,0.1116250308466522,0.926017276134806
lab7015,percent050_day1_case1,APVT,tv_ss2__te_ss1ss3,S015,ss1,Fz,0.096857509300278,0.9266201269231036
lab7015,percent050_day1_case1,APVT,tv_ss2__te_ss1ss3,S016,ss1,Fx,0.2532190585357897,0.6030671156702276
lab7015,percent050_day1_case1,APVT,tv_ss2__te_ss1ss3,S016,ss1,Fz,0.14951242947283,0.8531541660337527
lab7015,percent050_day1_case1,APVT,tv_ss2__te_ss1ss3,S017,ss1,Fx,0.1310959661376757,0.9251118921003378
lab7015,percent050_day1_case1,APVT,tv_ss2__te_ss1ss3,S017,ss1,Fz,0.0619518932980083,0.9624492770569992
lab7015,percent050_day1_case1,APVT,tv_ss2__te_ss1ss3,S018,ss1,Fx,0.1533845860824229,0.8506530723265744
lab7015,percent050_day1_case1,APVT,tv_ss2__te_ss1ss3,S018,ss1,Fz,0.0998855563830706,0.935114052130116
lab7015,percent050_day1_case1,APVT,tv_ss2__te_ss1ss3,S019,ss1,Fx,0.1464064842568456,0.9047283616046614
lab7015,percent050_day1_case1,APVT,tv_ss2__te_ss1ss3,S019,ss1,Fz,0.0841464447218739,0.9547309960941224
lab7015,percent050_day1_case1,APVT,tv_ss2__te_ss1ss3,S001,ss3,Fx,0.0820873106224111,0.9652109847869236
lab7015,percent050_day1_case1,APVT,tv_ss2__te_ss1ss3,S001,ss3,Fz,0.0840115670992747,0.9746022460121596
lab7015,percent050_day1_case1,APVT,tv_ss2__te_ss1ss3,S002,ss3,Fx,0.0963761293729008,0.91979149421132
lab7015,percent050_day1_case1,APVT,tv_ss2__te_ss1ss3,S002,ss3,Fz,0.0873779174000664,0.9656959199460972
lab7015,percent050_day1_case1,APVT,tv_ss2__te_ss1ss3,S003,ss3,Fx,0.0966503308342291,0.939868882392454
lab7015,percent050_day1_case1,APVT,tv_ss2__te_ss1ss3,S003,ss3,Fz,0.0659876140959336,0.9818465894425064
lab7015,percent050_day1_case1,APVT,tv_ss2__te_ss1ss3,S004,ss3,Fx,0.0929721255026494,0.9570261981132098
lab7015,percent050_day1_case1,APVT,tv_ss2__te_ss1ss3,S004,ss3,Fz,0.088663966754108,0.9731872494174532
lab7015,percent050_day1_case1,APVT,tv_ss2__te_ss1ss3,S005,ss3,Fx,0.1016641299198743,0.9198424675517044
lab7015,percent050_day1_case1,APVT,tv_ss2__te_ss1ss3,S005,ss3,Fz,0.0862663628130558,0.9664779364350738
lab7015,percent050_day1_case1,APVT,tv_ss2__te_ss1ss3,S006,ss3,Fx,0.128269278081586,0.8776970804932248
lab7015,percent050_day1_case1,APVT,tv_ss2__te_ss1ss3,S006,ss3,Fz,0.0830269434620811,0.9686715582485936
lab7015,percent050_day1_case1,APVT,tv_ss2__te_ss1ss3,S007,ss3,Fx,0.091368634401624,0.9500417238002652
lab7015,percent050_day1_case1,APVT,tv_ss2__te_ss1ss3,S007,ss3,Fz,0.0656279212830202,0.9769326179485582
lab7015,percent050_day1_case1,APVT,tv_ss2__te_ss1ss3,S008,ss3,Fx,0.1341495472294055,0.8845182548556588
lab7015,percent050_day1_case1,APVT,tv_ss2__te_ss1ss3,S008,ss3,Fz,0.1194477333264795,0.963349649295094
lab7015,percent050_day1_case1,APVT,tv_ss2__te_ss1ss3,S009,ss3,Fx,0.2155235643925684,0.5557374069389767
lab7015,percent050_day1_case1,APVT,tv_ss2__te_ss1ss3,S009,ss3,Fz,0.1321366388736425,0.9298752896834024
lab7015,percent050_day1_case1,APVT,tv_ss2__te_ss1ss3,S010,ss3,Fx,0.0815075845477261,0.9511924472511076
lab7015,percent050_day1_case1,APVT,tv_ss2__te_ss1ss3,S010,ss3,Fz,0.089623406862951,0.9548975186080938
lab7015,percent050_day1_case1,APVT,tv_ss2__te_ss1ss3,S012,ss3,Fx,0.0982007032523636,0.947288415165232
lab7015,percent050_day1_case1,APVT,tv_ss2__te_ss1ss3,S012,ss3,Fz,0.0747150425829794,0.9794552020496636
lab7015,percent050_day1_case1,APVT,tv_ss2__te_ss1ss3,S013,ss3,Fx,0.0902468523714471,0.955948813458395
lab7015,percent050_day1_case1,APVT,tv_ss2__te_ss1ss3,S013,ss3,Fz,0.0914842919081982,0.9718049772523486
lab7015,percent050_day1_case1,APVT,tv_ss2__te_ss1ss3,S015,ss3,Fx,0.1165754419328104,0.8738609203737102
lab7015,percent050_day1_case1,APVT,tv_ss2__te_ss1ss3,S015,ss3,Fz,0.0825231751183481,0.9667140378755754
lab7015,percent050_day1_case1,APVT,tv_ss2__te_ss1ss3,S016,ss3,Fx,0.0810641136512879,0.9486385412558714
lab7015,percent050_day1_case1,APVT,tv_ss2__te_ss1ss3,S016,ss3,Fz,0.1234500252200322,0.94144523386234
lab7015,percent050_day1_case1,APVT,tv_ss2__te_ss1ss3,S017,ss3,Fx,0.0743266112783381,0.9638014637073056
lab7015,percent050_day1_case1,APVT,tv_ss2__te_ss1ss3,S017,ss3,Fz,0.0859031163824898,0.9641487011845122
lab7015,percent050_day1_case1,APVT,tv_ss2__te_ss1ss3,S018,ss3,Fx,0.1014966838958048,0.9257783271809648
lab7015,percent050_day1_case1,APVT,tv_ss2__te_ss1ss3,S018,ss3,Fz,0.081429205415644,0.9681593073022076
lab7015,percent050_day1_case1,APVT,tv_ss2__te_ss1ss3,S019,ss3,Fx,0.1158322667400545,0.8950276794252386
lab7015,percent050_day1_case1,APVT,tv_ss2__te_ss1ss3,S019,ss3,Fz,0.0760475399811368,0.9791797952065906
lab7015,percent050_day1_case1,VT,tv_te_ss1,S001,ss1,Fx,0.0991235946712722,0.9356151157638194
lab7015,percent050_day1_case1,VT,tv_te_ss1,S001,ss1,Fz,0.0885263929810671,0.95434875103448
lab7015,percent050_day1_case1,VT,tv_te_ss1,S002,ss1,Fx,0.1294588823113036,0.833794642323273
lab7015,percent050_day1_case1,VT,tv_te_ss1,S002,ss1,Fz,0.0897535192915419,0.9311212854483568
lab7015,percent050_day1_case1,VT,tv_te_ss1,S003,ss1,Fx,0.0818058612443176,0.943738655872522
lab7015,percent050_day1_case1,VT,tv_te_ss1,S003,ss1,Fz,0.0905255649781119,0.9466403151026294
lab7015,percent050_day1_case1,VT,tv_te_ss1,S004,ss1,Fx,0.0737891199856403,0.9640776282027848
lab7015,percent050_day1_case1,VT,tv_te_ss1,S004,ss1,Fz,0.0840526884647436,0.9667008454621392
lab7015,percent050_day1_case1,VT,tv_te_ss1,S005,ss1,Fx,0.0904822430160052,0.92690357844602
lab7015,percent050_day1_case1,VT,tv_te_ss1,S005,ss1,Fz,0.1091573686657372,0.9394968724253772
lab7015,percent050_day1_case1,VT,tv_te_ss1,S006,ss1,Fx,0.0835396717883368,0.965965052163744
lab7015,percent050_day1_case1,VT,tv_te_ss1,S006,ss1,Fz,0.0704208638101552,0.959104051150905
lab7015,percent050_day1_case1,VT,tv_te_ss1,S007,ss1,Fx,0.0794644183045015,0.9455940647156034
lab7015,percent050_day1_case1,VT,tv_te_ss1,S007,ss1,Fz,0.0986078286281512,0.9314129058432244
lab7015,percent050_day1_case1,VT,tv_te_ss1,S008,ss1,Fx,0.080430366174175,0.9534431968519606
lab7015,percent050_day1_case1,VT,tv_te_ss1,S008,ss1,Fz,0.1179788568694113,0.9526737703920612
lab7015,percent050_day1_case1,VT,tv_te_ss1,S009,ss1,Fx,0.1086180973869349,0.8869504157802764
lab7015,percent050_day1_case1,VT,tv_te_ss1,S009,ss1,Fz,0.0981018938672049,0.9245281851510366
lab7015,percent050_day1_case1,VT,tv_te_ss1,S010,ss1,Fx,0.0869568154221008,0.9314144920080812
lab7015,percent050_day1_case1,VT,tv_te_ss1,S010,ss1,Fz,0.0727387972165925,0.9402567210064536
lab7015,percent050_day1_case1,VT,tv_te_ss1,S011,ss1,Fx,0.0800123673739447,0.9579745806737414
lab7015,percent050_day1_case1,VT,tv_te_ss1,S011,ss1,Fz,0.1246171484009922,0.9665837366944766
lab7015,percent050_day1_case1,VT,tv_te_ss1,S012,ss1,Fx,0.0682797061110317,0.97268237548985
lab7015,percent050_day1_case1,VT,tv_te_ss1,S012,ss1,Fz,0.0778061657898329,0.95230701020817
lab7015,percent050_day1_case1,VT,tv_te_ss1,S013,ss1,Fx,0.0914033877880334,0.9403750618259208
lab7015,percent050_day1_case1,VT,tv_te_ss1,S013,ss1,Fz,0.0885482622554737,0.9470341618667544
lab7015,percent050_day1_case1,VT,tv_te_ss1,S014,ss1,Fx,0.0912075094304065,0.9332059467077726
lab7015,percent050_day1_case1,VT,tv_te_ss1,S014,ss1,Fz,0.1206160574378255,0.8854816795055439
lab7015,percent050_day1_case1,VT,tv_te_ss1,S015,ss1,Fx,0.0849510676322161,0.9373307575582044
lab7015,percent050_day1_case1,VT,tv_te_ss1,S015,ss1,Fz,0.0700088032903997,0.968584936482076
lab7015,percent050_day1_case1,VT,tv_te_ss1,S016,ss1,Fx,0.2375004899078266,0.5504012331693455
lab7015,percent050_day1_case1,VT,tv_te_ss1,S016,ss1,Fz,0.1909615635282255,0.7241665236998064
lab7015,percent050_day1_case1,VT,tv_te_ss1,S017,ss1,Fx,0.0737579602304847,0.9623096558602348
lab7015,percent050_day1_case1,VT,tv_te_ss1,S017,ss1,Fz,0.055958365660673,0.9785372248521916
lab7015,percent050_day1_case1,VT,tv_te_ss1,S018,ss1,Fx,0.0946278497155027,0.934503113644788
lab7015,percent050_day1_case1,VT,tv_te_ss1,S018,ss1,Fz,0.0718239788619108,0.9711626413036358
lab7015,percent050_day1_case1,VT,tv_te_ss1,S019,ss1,Fx,0.1131739535576907,0.9101010504862008
lab7015,percent050_day1_case1,VT,tv_te_ss1,S019,ss1,Fz,0.0784601984673365,0.9608723628398372
lab7015,percent050_day1_case1,APVT,tv_te_ss123,S001,ss1,Fx,0.1160861942139767,0.9419735956338284
lab7015,percent050_day1_case1,APVT,tv_te_ss123,S001,ss1,Fz,0.0841354556841267,0.9575899865317
lab7015,percent050_day1_case1,APVT,tv_te_ss123,S002,ss1,Fx,0.1237635967006576,0.8500786889164973
lab7015,percent050_day1_case1,APVT,tv_te_ss123,S002,ss1,Fz,0.0903774555689671,0.9298712346835348
lab7015,percent050_day1_case1,APVT,tv_te_ss123,S003,ss1,Fx,0.0770796140408984,0.9518397418805674
lab7015,percent050_day1_case1,APVT,tv_te_ss123,S003,ss1,Fz,0.0727510846209898,0.9652389933045984
lab7015,percent050_day1_case1,APVT,tv_te_ss123,S004,ss1,Fx,0.0781659182807218,0.9547908509242186
lab7015,percent050_day1_case1,APVT,tv_te_ss123,S004,ss1,Fz,0.0846106932244793,0.95869445271131
lab7015,percent050_day1_case1,APVT,tv_te_ss123,S005,ss1,Fx,0.0926820589914238,0.9279123791937542
lab7015,percent050_day1_case1,APVT,tv_te_ss123,S005,ss1,Fz,0.1097943398360511,0.9348149278661332
lab7015,percent050_day1_case1,APVT,tv_te_ss123,S006,ss1,Fx,0.0726672052285059,0.9665669120561964
lab7015,percent050_day1_case1,APVT,tv_te_ss123,S006,ss1,Fz,0.0718891549376183,0.9623008386540144
lab7015,percent050_day1_case1,APVT,tv_te_ss123,S007,ss1,Fx,0.0776474869459877,0.9568413424926652
lab7015,percent050_day1_case1,APVT,tv_te_ss123,S007,ss1,Fz,0.0898236835876644,0.954213797488327
lab7015,percent050_day1_case1,APVT,tv_te_ss123,S008,ss1,Fx,0.0753345500316692,0.95311468798193
lab7015,percent050_day1_case1,APVT,tv_te_ss123,S008,ss1,Fz,0.1113340605564791,0.9604564534413405
lab7015,percent050_day1_case1,APVT,tv_te_ss123,S009,ss1,Fx,0.1272643394028394,0.8727073486169288
lab7015,percent050_day1_case1,APVT,tv_te_ss123,S009,ss1,Fz,0.1058502795925404,0.9114851413417552
lab7015,percent050_day1_case1,APVT,tv_te_ss123,S010,ss1,Fx,0.0850374131858766,0.927507210040471
lab7015,percent050_day1_case1,APVT,tv_te_ss123,S010,ss1,Fz,0.0779626691562976,0.9331048860081994
lab7015,percent050_day1_case1,APVT,tv_te_ss123,S011,ss1,Fx,0.0801243599354236,0.9658634809127982
lab7015,percent050_day1_case1,APVT,tv_te_ss123,S011,ss1,Fz,0.0941498827847936,0.970400266185298
lab7015,percent050_day1_case1,APVT,tv_te_ss123,S012,ss1,Fx,0.0720204924246727,0.9665402566134988
lab7015,percent050_day1_case1,APVT,tv_te_ss123,S012,ss1,Fz,0.0878528640525914,0.9478144906026827
lab7015,percent050_day1_case1,APVT,tv_te_ss123,S013,ss1,Fx,0.0855006909031769,0.9449118171872868
lab7015,percent050_day1_case1,APVT,tv_te_ss123,S013,ss1,Fz,0.0979175814347807,0.9314482874521188
lab7015,percent050_day1_case1,APVT,tv_te_ss123,S014,ss1,Fx,0.1008843379220219,0.9211928042958328
lab7015,percent050_day1_case1,APVT,tv_te_ss123,S014,ss1,Fz,0.1417586701254113,0.8576308135744618
lab7015,percent050_day1_case1,APVT,tv_te_ss123,S015,ss1,Fx,0.0844388656259894,0.9408049936887528
lab7015,percent050_day1_case1,APVT,tv_te_ss123,S015,ss1,Fz,0.0709670436614484,0.9625191343982836
lab7015,percent050_day1_case1,APVT,tv_te_ss123,S016,ss1,Fx,0.2657643708176054,0.5477979476012959
lab7015,percent050_day1_case1,APVT,tv_te_ss123,S016,ss1,Fz,0.1622769371375,0.8283531382621871
lab7015,percent050_day1_case1,APVT,tv_te_ss123,S017,ss1,Fx,0.0747438523992699,0.9578828113486686
lab7015,percent050_day1_case1,APVT,tv_te_ss123,S017,ss1,Fz,0.062419792278567,0.967661764485762
lab7015,percent050_day1_case1,APVT,tv_te_ss123,S018,ss1,Fx,0.0993492771266615,0.924467362918693
lab7015,percent050_day1_case1,APVT,tv_te_ss123,S018,ss1,Fz,0.0774586923867235,0.97335691964034
lab7015,percent050_day1_case1,APVT,tv_te_ss123,S019,ss1,Fx,0.1120032897924054,0.9231050758944684
lab7015,percent050_day1_case1,APVT,tv_te_ss123,S019,ss1,Fz,0.0744910200313672,0.9620950378450052
lab7015,percent050_day1_case1,APVT,tv_te_ss123,S001,ss2,Fx,0.0723431323686056,0.9645374004831628
lab7015,percent050_day1_case1,APVT,tv_te_ss123,S001,ss2,Fz,0.0629994911611715,0.9775310866059854
lab7015,percent050_day1_case1,APVT,tv_te_ss123,S002,ss2,Fx,0.0980855076326408,0.907592382970188
lab7015,percent050_day1_case1,APVT,tv_te_ss123,S002,ss2,Fz,0.0705653586159254,0.9720729373094998
lab7015,percent050_day1_case1,APVT,tv_te_ss123,S003,ss2,Fx,0.0695015156187305,0.9670321379657116
lab7015,percent050_day1_case1,APVT,tv_te_ss123,S003,ss2,Fz,0.0653969396040178,0.9752473802584256
lab7015,percent050_day1_case1,APVT,tv_te_ss123,S004,ss2,Fx,0.0871616859319178,0.9423098124408124
lab7015,percent050_day1_case1,APVT,tv_te_ss123,S004,ss2,Fz,0.0832012021376858,0.9626285691748782
lab7015,percent050_day1_case1,APVT,tv_te_ss123,S005,ss2,Fx,0.0761713997837552,0.953199390418736
lab7015,percent050_day1_case1,APVT,tv_te_ss123,S005,ss2,Fz,0.0967221154478032,0.9531204078122428
lab7015,percent050_day1_case1,APVT,tv_te_ss123,S006,ss2,Fx,0.0959654765635695,0.9340251634521328
lab7015,percent050_day1_case1,APVT,tv_te_ss123,S006,ss2,Fz,0.0699363264391848,0.971503569207011
lab7015,percent050_day1_case1,APVT,tv_te_ss123,S007,ss2,Fx,0.057434530572842,0.9710637955521536
lab7015,percent050_day1_case1,APVT,tv_te_ss123,S007,ss2,Fz,0.0709179436785575,0.971162998722718
lab7015,percent050_day1_case1,APVT,tv_te_ss123,S008,ss2,Fx,0.0749264630546984,0.9501088026918753
lab7015,percent050_day1_case1,APVT,tv_te_ss123,S008,ss2,Fz,0.1011162196326162,0.9674452118319948
lab7015,percent050_day1_case1,APVT,tv_te_ss123,S009,ss2,Fx,0.122846338215588,0.885841868135622
lab7015,percent050_day1_case1,APVT,tv_te_ss123,S009,ss2,Fz,0.1055065707914466,0.9349640311520256
lab7015,percent050_day1_case1,APVT,tv_te_ss123,S010,ss2,Fx,0.0702810444529329,0.9634522020075288
lab7015,percent050_day1_case1,APVT,tv_te_ss123,S010,ss2,Fz,0.0607498275890055,0.9723855697396157
lab7015,percent050_day1_case1,APVT,tv_te_ss123,S011,ss2,Fx,0.075002561667485,0.9630787549146218
lab7015,percent050_day1_case1,APVT,tv_te_ss123,S011,ss2,Fz,0.1040214275218577,0.9750421406495648
lab7015,percent050_day1_case1,APVT,tv_te_ss123,S012,ss2,Fx,0.0730667748045267,0.966281768111474
lab7015,percent050_day1_case1,APVT,tv_te_ss123,S012,ss2,Fz,0.080535724839309,0.9709812355066086
lab7015,percent050_day1_case1,APVT,tv_te_ss123,S013,ss2,Fx,0.078382896857807,0.955695950985028
lab7015,percent050_day1_case1,APVT,tv_te_ss123,S013,ss2,Fz,0.0917436772583591,0.9445008204785368
lab7015,percent050_day1_case1,APVT,tv_te_ss123,S015,ss2,Fx,0.0704863092691178,0.96434378344587
lab7015,percent050_day1_case1,APVT,tv_te_ss123,S015,ss2,Fz,0.0520625361367195,0.9812530646556308
lab7015,percent050_day1_case1,APVT,tv_te_ss123,S016,ss2,Fx,0.1052610905861801,0.9322200038579228
lab7015,percent050_day1_case1,APVT,tv_te_ss123,S016,ss2,Fz,0.0692114625171658,0.9736655270482508
lab7015,percent050_day1_case1,APVT,tv_te_ss123,S017,ss2,Fx,0.0600720873154234,0.9700788792626034
lab7015,percent050_day1_case1,APVT,tv_te_ss123,S017,ss2,Fz,0.0590769250880986,0.9753436471085616
lab7015,percent050_day1_case1,APVT,tv_te_ss123,S018,ss2,Fx,0.0855076432963395,0.9382067305292487
lab7015,percent050_day1_case1,APVT,tv_te_ss123,S018,ss2,Fz,0.0726689845008489,0.9800432338777796
lab7015,percent050_day1_case1,APVT,tv_te_ss123,S019,ss2,Fx,0.1250070953967275,0.8839618464875754
lab7015,percent050_day1_case1,APVT,tv_te_ss123,S019,ss2,Fz,0.0834421657678522,0.9643333990957336
lab7015,percent050_day1_case1,APVT,tv_te_ss123,S001,ss3,Fx,0.0755194943492603,0.958433440027941
lab7015,percent050_day1_case1,APVT,tv_te_ss123,S001,ss3,Fz,0.0526350992271996,0.985993097256307
lab7015,percent050_day1_case1,APVT,tv_te_ss123,S002,ss3,Fx,0.1060692557490243,0.8947433952709924
lab7015,percent050_day1_case1,APVT,tv_te_ss123,S002,ss3,Fz,0.074444774234553,0.9724046609224104
lab7015,percent050_day1_case1,APVT,tv_te_ss123,S003,ss3,Fx,0.0500889740722491,0.9815991479298573
lab7015,percent050_day1_case1,APVT,tv_te_ss123,S003,ss3,Fz,0.0520787876038513,0.9860246540112227
lab7015,percent050_day1_case1,APVT,tv_te_ss123,S004,ss3,Fx,0.0623831047878557,0.967982817633439
lab7015,percent050_day1_case1,APVT,tv_te_ss123,S004,ss3,Fz,0.0535475211184525,0.986107484886764
lab7015,percent050_day1_case1,APVT,tv_te_ss123,S005,ss3,Fx,0.0780643427577925,0.9442791756957172
lab7015,percent050_day1_case1,APVT,tv_te_ss123,S005,ss3,Fz,0.0784068304845079,0.9678382212878344
lab7015,percent050_day1_case1,APVT,tv_te_ss123,S006,ss3,Fx,0.1096021881089679,0.9148231857586075
lab7015,percent050_day1_case1,APVT,tv_te_ss123,S006,ss3,Fz,0.0733525316560703,0.9753793650693916
lab7015,percent050_day1_case1,APVT,tv_te_ss123,S007,ss3,Fx,0.05373679927073,0.9779864311815816
lab7015,percent050_day1_case1,APVT,tv_te_ss123,S007,ss3,Fz,0.0607331181411662,0.9823949921883248
lab7015,percent050_day1_case1,APVT,tv_te_ss123,S008,ss3,Fx,0.1038690114746582,0.9199963506130248
lab7015,percent050_day1_case1,APVT,tv_te_ss123,S008,ss3,Fz,0.1023826733495489,0.9687362970482604
lab7015,percent050_day1_case1,APVT,tv_te_ss123,S009,ss3,Fx,0.1148043967871628,0.8967104354008228
lab7015,percent050_day1_case1,APVT,tv_te_ss123,S009,ss3,Fz,0.1133448053456286,0.9448847726082612
lab7015,percent050_day1_case1,APVT,tv_te_ss123,S010,ss3,Fx,0.0540017208462797,0.978257527758428
lab7015,percent050_day1_case1,APVT,tv_te_ss123,S010,ss3,Fz,0.05850209822338,0.97807162724427
lab7015,percent050_day1_case1,APVT,tv_te_ss123,S012,ss3,Fx,0.0583383337221917,0.975657108164788
lab7015,percent050_day1_case1,APVT,tv_te_ss123,S012,ss3,Fz,0.0668357805900838,0.9784937664172428
lab7015,percent050_day1_case1,APVT,tv_te_ss123,S013,ss3,Fx,0.0725498055732783,0.9732266557900572
lab7015,percent050_day1_case1,APVT,tv_te_ss123,S013,ss3,Fz,0.0731089889970454,0.9736602949888098
lab7015,percent050_day1_case1,APVT,tv_te_ss123,S014,ss3,Fx,0.1122849292835824,0.886463339088892
lab7015,percent050_day1_case1,APVT,tv_te_ss123,S014,ss3,Fz,0.0871740705749727,0.9598585599847854
lab7015,percent050_day1_case1,APVT,tv_te_ss123,S015,ss3,Fx,0.0715727021895368,0.9655233922892522
lab7015,percent050_day1_case1,APVT,tv_te_ss123,S015,ss3,Fz,0.0501270512602301,0.9827557149201288
lab7015,percent050_day1_case1,APVT,tv_te_ss123,S016,ss3,Fx,0.1390062998956232,0.8603058718232691
lab7015,percent050_day1_case1,APVT,tv_te_ss123,S016,ss3,Fz,0.0799064637280021,0.9712695812270946
lab7015,percent050_day1_case1,APVT,tv_te_ss123,S017,ss3,Fx,0.0603225395595438,0.9751389381446957
lab7015,percent050_day1_case1,APVT,tv_te_ss123,S017,ss3,Fz,0.0700899759034037,0.9760622208616944
lab7015,percent050_day1_case1,APVT,tv_te_ss123,S018,ss3,Fx,0.0652828234912468,0.9641968824326936
lab7015,percent050_day1_case1,APVT,tv_te_ss123,S018,ss3,Fz,0.0535813469277844,0.986968686018736
lab7015,percent050_day1_case1,APVT,tv_te_ss123,S019,ss3,Fx,0.0789969021498089,0.953505789039986
lab7015,percent050_day1_case1,APVT,tv_te_ss123,S019,ss3,Fz,0.0716724192593262,0.98355649112486
lab7015,percent050_day1_case1,APVT,tv_te_ss2,S001,ss2,Fx,0.0704610711431817,0.9664661588529342
lab7015,percent050_day1_case1,APVT,tv_te_ss2,S001,ss2,Fz,0.0697824877211211,0.974952095342329
lab7015,percent050_day1_case1,APVT,tv_te_ss2,S002,ss2,Fx,0.0976243067820074,0.9138380474102176
lab7015,percent050_day1_case1,APVT,tv_te_ss2,S002,ss2,Fz,0.0739805873137467,0.9618897218897784
lab7015,percent050_day1_case1,APVT,tv_te_ss2,S003,ss2,Fx,0.0604641298242921,0.9734970995373702
lab7015,percent050_day1_case1,APVT,tv_te_ss2,S003,ss2,Fz,0.0561959961253067,0.9815686896843134
lab7015,percent050_day1_case1,APVT,tv_te_ss2,S004,ss2,Fx,0.0826438137958286,0.9514350442088072
lab7015,percent050_day1_case1,APVT,tv_te_ss2,S004,ss2,Fz,0.0872722463014203,0.9669632358642912
lab7015,percent050_day1_case1,APVT,tv_te_ss2,S005,ss2,Fx,0.0737465455487343,0.9568312245518892
lab7015,percent050_day1_case1,APVT,tv_te_ss2,S005,ss2,Fz,0.0935914976847084,0.960738096162162
lab7015,percent050_day1_case1,APVT,tv_te_ss2,S006,ss2,Fx,0.1028822085891832,0.9267763752580852
lab7015,percent050_day1_case1,APVT,tv_te_ss2,S006,ss2,Fz,0.0833498569440612,0.9491995171141392
lab7015,percent050_day1_case1,APVT,tv_te_ss2,S007,ss2,Fx,0.0736896955182105,0.9565626204360096
lab7015,percent050_day1_case1,APVT,tv_te_ss2,S007,ss2,Fz,0.0752702925515303,0.9645268914075984
lab7015,percent050_day1_case1,APVT,tv_te_ss2,S008,ss2,Fx,0.0829583152133652,0.95567957082736
lab7015,percent050_day1_case1,APVT,tv_te_ss2,S008,ss2,Fz,0.1098610574828416,0.963803038711655
lab7015,percent050_day1_case1,APVT,tv_te_ss2,S009,ss2,Fx,0.1408044149656698,0.8106968787192421
lab7015,percent050_day1_case1,APVT,tv_te_ss2,S009,ss2,Fz,0.1036736696847877,0.9332096449148732
lab7015,percent050_day1_case1,APVT,tv_te_ss2,S010,ss2,Fx,0.0837981128368111,0.9413404595408392
lab7015,percent050_day1_case1,APVT,tv_te_ss2,S010,ss2,Fz,0.06840424586779,0.9654371733751032
lab7015,percent050_day1_case1,APVT,tv_te_ss2,S011,ss2,Fx,0.0713055315785536,0.957643409406024
lab7015,percent050_day1_case1,APVT,tv_te_ss2,S011,ss2,Fz,0.0963019081664927,0.9727075644729656
lab7015,percent050_day1_case1,APVT,tv_te_ss2,S012,ss2,Fx,0.0952960926707728,0.9385268005759372
lab7015,percent050_day1_case1,APVT,tv_te_ss2,S012,ss2,Fz,0.0796807636321276,0.9758954025677624
lab7015,percent050_day1_case1,APVT,tv_te_ss2,S013,ss2,Fx,0.0766173168189145,0.9525793028643026
lab7015,percent050_day1_case1,APVT,tv_te_ss2,S013,ss2,Fz,0.0859399677213826,0.9502708446576597
lab7015,percent050_day1_case1,APVT,tv_te_ss2,S015,ss2,Fx,0.0689896535173523,0.9638936858163794
lab7015,percent050_day1_case1,APVT,tv_te_ss2,S015,ss2,Fz,0.0677354100980229,0.9687095947761272
lab7015,percent050_day1_case1,APVT,tv_te_ss2,S016,ss2,Fx,0.0868282462674204,0.952611930415945
lab7015,percent050_day1_case1,APVT,tv_te_ss2,S016,ss2,Fz,0.0901153624103417,0.9567492773526698
lab7015,percent050_day1_case1,APVT,tv_te_ss2,S017,ss2,Fx,0.0547876750821334,0.9761237727499038
lab7015,percent050_day1_case1,APVT,tv_te_ss2,S017,ss2,Fz,0.0503213456563272,0.9813305670181498
lab7015,percent050_day1_case1,APVT,tv_te_ss2,S018,ss2,Fx,0.1149681795280533,0.891200026446192
lab7015,percent050_day1_case1,APVT,tv_te_ss2,S018,ss2,Fz,0.0744953757844306,0.9713778749924928
lab7015,percent050_day1_case1,APVT,tv_te_ss2,S019,ss2,Fx,0.1275560943697307,0.8806576522590652
lab7015,percent050_day1_case1,APVT,tv_te_ss2,S019,ss2,Fz,0.0778253202391204,0.9662227681457686
lab7015,percent050_day1_case1,AP,tv_te_ss3,S001,ss3,Fx,0.0679787524246369,0.9662479133323492
lab7015,percent050_day1_case1,AP,tv_te_ss3,S001,ss3,Fz,0.059920581925975,0.9838754336068928
lab7015,percent050_day1_case1,AP,tv_te_ss3,S002,ss3,Fx,0.1221228764464005,0.902958523631256
lab7015,percent050_day1_case1,AP,tv_te_ss3,S002,ss3,Fz,0.0893468009661602,0.9719203438188956
lab7015,percent050_day1_case1,AP,tv_te_ss3,S003,ss3,Fx,0.0459214236545411,0.98123066707262
lab7015,percent050_day1_case1,AP,tv_te_ss3,S003,ss3,Fz,0.048278770819437,0.9884920130718704
lab7015,percent050_day1_case1,AP,tv_te_ss3,S004,ss3,Fx,0.0736670659547534,0.958758419290524
lab7015,percent050_day1_case1,AP,tv_te_ss3,S004,ss3,Fz,0.0623348863392576,0.9845985761301712
lab7015,percent050_day1_case1,AP,tv_te_ss3,S005,ss3,Fx,0.0883091602569093,0.9275314129269098
lab7015,percent050_day1_case1,AP,tv_te_ss3,S005,ss3,Fz,0.0897592399940434,0.9635966617570396
lab7015,percent050_day1_case1,AP,tv_te_ss3,S006,ss3,Fx,0.096960104833183,0.9337944447383308
lab7015,percent050_day1_case1,AP,tv_te_ss3,S006,ss3,Fz,0.0667784435080539,0.9761643761546154
lab7015,percent050_day1_case1,AP,tv_te_ss3,S007,ss3,Fx,0.058406099192186,0.97571877939976
lab7015,percent050_day1_case1,AP,tv_te_ss3,S007,ss3,Fz,0.0676017156129521,0.976792192354957
lab7015,percent050_day1_case1,AP,tv_te_ss3,S008,ss3,Fx,0.0899318926979359,0.9451198375936204
lab7015,percent050_day1_case1,AP,tv_te_ss3,S008,ss3,Fz,0.0964266448783011,0.9684775579039324
lab7015,percent050_day1_case1,AP,tv_te_ss3,S009,ss3,Fx,0.0992532880509719,0.9467231685953102
lab7015,percent050_day1_case1,AP,tv_te_ss3,S009,ss3,Fz,0.0962773393625521,0.9520493975153476
lab7015,percent050_day1_case1,AP,tv_te_ss3,S010,ss3,Fx,0.0605582381609578,0.9727328439172062
lab7015,percent050_day1_case1,AP,tv_te_ss3,S010,ss3,Fz,0.054708771137084,0.983147357076103
lab7015,percent050_day1_case1,AP,tv_te_ss3,S012,ss3,Fx,0.058093359491462,0.976577941453038
lab7015,percent050_day1_case1,AP,tv_te_ss3,S012,ss3,Fz,0.0619277083529211,0.9810429548546712
lab7015,percent050_day1_case1,AP,tv_te_ss3,S013,ss3,Fx,0.0593092744839909,0.9786187558195992
lab7015,percent050_day1_case1,AP,tv_te_ss3,S013,ss3,Fz,0.0649564356016656,0.9741379226604312
lab7015,percent050_day1_case1,AP,tv_te_ss3,S014,ss3,Fx,0.0983988279888167,0.9099387940533804
lab7015,percent050_day1_case1,AP,tv_te_ss3,S014,ss3,Fz,0.0882935758370839,0.9572344690060758
lab7015,percent050_day1_case1,AP,tv_te_ss3,S015,ss3,Fx,0.0665251066485667,0.9670748579864528
lab7015,percent050_day1_case1,AP,tv_te_ss3,S015,ss3,Fz,0.046598801289573,0.9855419209764936
lab7015,percent050_day1_case1,AP,tv_te_ss3,S016,ss3,Fx,0.099559306535949,0.9241012207863673
lab7015,percent050_day1_case1,AP,tv_te_ss3,S016,ss3,Fz,0.0952561739588376,0.9661787968419492
lab7015,percent050_day1_case1,AP,tv_te_ss3,S017,ss3,Fx,0.0574336105879518,0.9715615564639212
lab7015,percent050_day1_case1,AP,tv_te_ss3,S017,ss3,Fz,0.0670680236127082,0.9728861115822952
lab7015,percent050_day1_case1,AP,tv_te_ss3,S018,ss3,Fx,0.0579599885149616,0.972387751312935
lab7015,percent050_day1_case1,AP,tv_te_ss3,S018,ss3,Fz,0.0524702224753913,0.98909739893085
lab7015,percent050_day1_case1,AP,tv_te_ss3,S019,ss3,Fx,0.076167248778483,0.95689692810318
lab7015,percent050_day1_case1,AP,tv_te_ss3,S019,ss3,Fz,0.057355174845632,0.9818893636883768
lab7015,percent050_day1_case1,VT,tv_te_ss3,S001,ss3,Fx,0.0659991921834131,0.9659449624553246
lab7015,percent050_day1_case1,VT,tv_te_ss3,S001,ss3,Fz,0.0582002409827518,0.9832456566503494
lab7015,percent050_day1_case1,VT,tv_te_ss3,S002,ss3,Fx,0.0993004289757112,0.9315667627909738
lab7015,percent050_day1_case1,VT,tv_te_ss3,S002,ss3,Fz,0.0742587330022693,0.9755656758131896
lab7015,percent050_day1_case1,VT,tv_te_ss3,S003,ss3,Fx,0.0481085695638578,0.9797461406566308
lab7015,percent050_day1_case1,VT,tv_te_ss3,S003,ss3,Fz,0.0488296521522179,0.9872098316232112
lab7015,percent050_day1_case1,VT,tv_te_ss3,S004,ss3,Fx,0.0605227809351769,0.9681251436723102
lab7015,percent050_day1_case1,VT,tv_te_ss3,S004,ss3,Fz,0.0642198897814837,0.984608251943126
lab7015,percent050_day1_case1,VT,tv_te_ss3,S005,ss3,Fx,0.0918734501678149,0.9252011887775788
lab7015,percent050_day1_case1,VT,tv_te_ss3,S005,ss3,Fz,0.0846290000610322,0.965321223216384
lab7015,percent050_day1_case1,VT,tv_te_ss3,S006,ss3,Fx,0.0964101490662879,0.9341108096957136
lab7015,percent050_day1_case1,VT,tv_te_ss3,S006,ss3,Fz,0.0687643970134616,0.9768011301177134
lab7015,percent050_day1_case1,VT,tv_te_ss3,S007,ss3,Fx,0.0534243678471201,0.9781123116474204
lab7015,percent050_day1_case1,VT,tv_te_ss3,S007,ss3,Fz,0.0642714769620052,0.9773358914055672
lab7015,percent050_day1_case1,VT,tv_te_ss3,S008,ss3,Fx,0.100308325622667,0.923090520926287
lab7015,percent050_day1_case1,VT,tv_te_ss3,S008,ss3,Fz,0.0965988522112476,0.9681951677058276
lab7015,percent050_day1_case1,VT,tv_te_ss3,S009,ss3,Fx,0.1216856014201981,0.904171210723258
lab7015,percent050_day1_case1,VT,tv_te_ss3,S009,ss3,Fz,0.1268226852018946,0.9169534471306326
lab7015,percent050_day1_case1,VT,tv_te_ss3,S010,ss3,Fx,0.0633181070543281,0.9679788621554276
lab7015,percent050_day1_case1,VT,tv_te_ss3,S010,ss3,Fz,0.0588392344674561,0.978493687700528
lab7015,percent050_day1_case1,VT,tv_te_ss3,S012,ss3,Fx,0.0533198453523777,0.9805048410857315
lab7015,percent050_day1_case1,VT,tv_te_ss3,S012,ss3,Fz,0.0590689625425398,0.981766402567852
lab7015,percent050_day1_case1,VT,tv_te_ss3,S013,ss3,Fx,0.0635057647450684,0.9705383808382536
lab7015,percent050_day1_case1,VT,tv_te_ss3,S013,ss3,Fz,0.0713635088730879,0.9678586067773098
lab7015,percent050_day1_case1,VT,tv_te_ss3,S014,ss3,Fx,0.1144806189092373,0.874183694402513
lab7015,percent050_day1_case1,VT,tv_te_ss3,S014,ss3,Fz,0.0904218558345834,0.9532773831574878
lab7015,percent050_day1_case1,VT,tv_te_ss3,S015,ss3,Fx,0.0743030899638568,0.9613641712517226
lab7015,percent050_day1_case1,VT,tv_te_ss3,S015,ss3,Fz,0.0458687230913152,0.9852536469503524
lab7015,percent050_day1_case1,VT,tv_te_ss3,S016,ss3,Fx,0.1230130788551242,0.8763363132605133
lab7015,percent050_day1_case1,VT,tv_te_ss3,S016,ss3,Fz,0.1026852131713483,0.9583559950969726
lab7015,percent050_day1_case1,VT,tv_te_ss3,S017,ss3,Fx,0.0607540686110908,0.9684587529633591
lab7015,percent050_day1_case1,VT,tv_te_ss3,S017,ss3,Fz,0.0677103349619845,0.975397778012725
lab7015,percent050_day1_case1,VT,tv_te_ss3,S018,ss3,Fx,0.0618529804983376,0.966588902048638
lab7015,percent050_day1_case1,VT,tv_te_ss3,S018,ss3,Fz,0.0514039229668948,0.9891599743257168
lab7015,percent050_day1_case1,VT,tv_te_ss3,S019,ss3,Fx,0.0643311658709827,0.9623572574254492
lab7015,percent050_day1_case1,VT,tv_te_ss3,S019,ss3,Fz,0.0637192503666326,0.982432228890488
lab7031,full_day1,APVT,tv_ss1__te_ss2ss3,S001,ss2,Fx,0.103324151558677,0.9567026513993012
lab7031,full_day1,APVT,tv_ss1__te_ss2ss3,S001,ss2,Fz,0.0975346445343519,0.9711714815766972
lab7031,full_day1,APVT,tv_ss1__te_ss2ss3,S002,ss2,Fx,0.1130315815731492,0.8827357125827773
lab7031,full_day1,APVT,tv_ss1__te_ss2ss3,S002,ss2,Fz,0.0833014145398737,0.9630693380032868
lab7031,full_day1,APVT,tv_ss1__te_ss2ss3,S003,ss2,Fx,0.1040183333039271,0.9393983188957434
lab7031,full_day1,APVT,tv_ss1__te_ss2ss3,S003,ss2,Fz,0.0852477486138453,0.9593852200610804
lab7031,full_day1,APVT,tv_ss1__te_ss2ss3,S004,ss2,Fx,0.116037798825376,0.9416290091627568
lab7031,full_day1,APVT,tv_ss1__te_ss2ss3,S004,ss2,Fz,0.1155357489235184,0.9487560993382632
lab7031,full_day1,APVT,tv_ss1__te_ss2ss3,S005,ss2,Fx,0.0921799230395565,0.9325562410936348
lab7031,full_day1,APVT,tv_ss1__te_ss2ss3,S005,ss2,Fz,0.0952712090832058,0.9513425378319232
lab7031,full_day1,APVT,tv_ss1__te_ss2ss3,S006,ss2,Fx,0.1254257695192484,0.9145051829992308
lab7031,full_day1,APVT,tv_ss1__te_ss2ss3,S006,ss2,Fz,0.0877331362559442,0.9649211113461506
lab7031,full_day1,APVT,tv_ss1__te_ss2ss3,S007,ss2,Fx,0.0958216279213018,0.9423519080212348
lab7031,full_day1,APVT,tv_ss1__te_ss2ss3,S007,ss2,Fz,0.0826904633661047,0.9563783701420626
lab7031,full_day1,APVT,tv_ss1__te_ss2ss3,S008,ss2,Fx,0.1310632523006485,0.9183978544337978
lab7031,full_day1,APVT,tv_ss1__te_ss2ss3,S008,ss2,Fz,0.1165438042390868,0.95099837413634
lab7031,full_day1,APVT,tv_ss1__te_ss2ss3,S009,ss2,Fx,0.1340817499599064,0.8467265825143457
lab7031,full_day1,APVT,tv_ss1__te_ss2ss3,S009,ss2,Fz,0.137124879275521,0.8901180161150619
lab7031,full_day1,APVT,tv_ss1__te_ss2ss3,S010,ss2,Fx,0.095495553282599,0.935204685601832
lab7031,full_day1,APVT,tv_ss1__te_ss2ss3,S010,ss2,Fz,0.0776294136498319,0.9608775520558582
lab7031,full_day1,APVT,tv_ss1__te_ss2ss3,S011,ss2,Fx,0.1365143156021688,0.8398938833033354
lab7031,full_day1,APVT,tv_ss1__te_ss2ss3,S011,ss2,Fz,0.1289738585192968,0.9461276610528316
lab7031,full_day1,APVT,tv_ss1__te_ss2ss3,S012,ss2,Fx,0.1002144200423561,0.9515693313482688
lab7031,full_day1,APVT,tv_ss1__te_ss2ss3,S012,ss2,Fz,0.0965188178519066,0.9530842151586272
lab7031,full_day1,APVT,tv_ss1__te_ss2ss3,S013,ss2,Fx,0.0971123540146423,0.9475365176226572
lab7031,full_day1,APVT,tv_ss1__te_ss2ss3,S013,ss2,Fz,0.0899938479353084,0.9503900121849508
lab7031,full_day1,APVT,tv_ss1__te_ss2ss3,S015,ss2,Fx,0.0942134096935914,0.929659586178224
lab7031,full_day1,APVT,tv_ss1__te_ss2ss3,S015,ss2,Fz,0.0758946204799226,0.9724555732039606
lab7031,full_day1,APVT,tv_ss1__te_ss2ss3,S016,ss2,Fx,0.1210841166991854,0.9034349716345352
lab7031,full_day1,APVT,tv_ss1__te_ss2ss3,S016,ss2,Fz,0.0986393466574813,0.9487883683102544
lab7031,full_day1,APVT,tv_ss1__te_ss2ss3,S017,ss2,Fx,0.0724304888113843,0.9725903956289794
lab7031,full_day1,APVT,tv_ss1__te_ss2ss3,S017,ss2,Fz,0.0730361915840524,0.9760451580372808
lab7031,full_day1,APVT,tv_ss1__te_ss2ss3,S018,ss2,Fx,0.0996755993710962,0.9538507197925448
lab7031,full_day1,APVT,tv_ss1__te_ss2ss3,S018,ss2,Fz,0.0886533000270629,0.9638768999124884
lab7031,full_day1,APVT,tv_ss1__te_ss2ss3,S019,ss2,Fx,0.1352586945404736,0.8709299928701053
lab7031,full_day1,APVT,tv_ss1__te_ss2ss3,S019,ss2,Fz,0.086169568263136,0.9645188069941012
lab7031,full_day1,APVT,tv_ss1__te_ss2ss3,S001,ss3,Fx,0.1338690700740819,0.9274486178952958
lab7031,full_day1,APVT,tv_ss1__te_ss2ss3,S001,ss3,Fz,0.1238213202316584,0.9663940868833116
lab7031,full_day1,APVT,tv_ss1__te_ss2ss3,S002,ss3,Fx,0.1346993967888566,0.8526545862581891
lab7031,full_day1,APVT,tv_ss1__te_ss2ss3,S002,ss3,Fz,0.1239013102757043,0.9557967732243616
lab7031,full_day1,APVT,tv_ss1__te_ss2ss3,S003,ss3,Fx,0.1430907344601223,0.8715364962452762
lab7031,full_day1,APVT,tv_ss1__te_ss2ss3,S003,ss3,Fz,0.1161188565286825,0.950354408102328
lab7031,full_day1,APVT,tv_ss1__te_ss2ss3,S004,ss3,Fx,0.1567571963842053,0.8491645267918585
lab7031,full_day1,APVT,tv_ss1__te_ss2ss3,S004,ss3,Fz,0.1229533943359235,0.9486885540258116
lab7031,full_day1,APVT,tv_ss1__te_ss2ss3,S005,ss3,Fx,0.1540100333237234,0.8208577294062825
lab7031,full_day1,APVT,tv_ss1__te_ss2ss3,S005,ss3,Fz,0.118692919053068,0.9431970068238004
lab7031,full_day1,APVT,tv_ss1__te_ss2ss3,S006,ss3,Fx,0.1720663845777801,0.8177266999132126
lab7031,full_day1,APVT,tv_ss1__te_ss2ss3,S006,ss3,Fz,0.1139858403837088,0.9564332701817452
lab7031,full_day1,APVT,tv_ss1__te_ss2ss3,S007,ss3,Fx,0.1419474832089687,0.8650392853408954
lab7031,full_day1,APVT,tv_ss1__te_ss2ss3,S007,ss3,Fz,0.1037730737479851,0.954159857703975
lab7031,full_day1,APVT,tv_ss1__te_ss2ss3,S008,ss3,Fx,0.1780224098226636,0.8195851132874085
lab7031,full_day1,APVT,tv_ss1__te_ss2ss3,S008,ss3,Fz,0.1392780968989642,0.9504353714930696
lab7031,full_day1,APVT,tv_ss1__te_ss2ss3,S009,ss3,Fx,0.2034223225703783,0.620744955368505
lab7031,full_day1,APVT,tv_ss1__te_ss2ss3,S009,ss3,Fz,0.1851711053111897,0.8784123709140156
lab7031,full_day1,APVT,tv_ss1__te_ss2ss3,S010,ss3,Fx,0.1076771082119702,0.9514108564401926
lab7031,full_day1,APVT,tv_ss1__te_ss2ss3,S010,ss3,Fz,0.1028890891057023,0.9590501161216316
lab7031,full_day1,APVT,tv_ss1__te_ss2ss3,S012,ss3,Fx,0.1218918326161904,0.936913458919739
lab7031,full_day1,APVT,tv_ss1__te_ss2ss3,S012,ss3,Fz,0.1152712662744156,0.9610062095533408
lab7031,full_day1,APVT,tv_ss1__te_ss2ss3,S013,ss3,Fx,0.13256563218624,0.9316264052575984
lab7031,full_day1,APVT,tv_ss1__te_ss2ss3,S013,ss3,Fz,0.1129725831145832,0.9587013162285672
lab7031,full_day1,APVT,tv_ss1__te_ss2ss3,S014,ss3,Fx,0.2008133252702935,0.6223358181205457
lab7031,full_day1,APVT,tv_ss1__te_ss2ss3,S014,ss3,Fz,0.1417538144648887,0.9065293178093622
lab7031,full_day1,APVT,tv_ss1__te_ss2ss3,S015,ss3,Fx,0.1350643677942369,0.8530795851568164
lab7031,full_day1,APVT,tv_ss1__te_ss2ss3,S015,ss3,Fz,0.1163470015031834,0.947672838015896
lab7031,full_day1,APVT,tv_ss1__te_ss2ss3,S016,ss3,Fx,0.1270701396119183,0.8996367364243122
lab7031,full_day1,APVT,tv_ss1__te_ss2ss3,S016,ss3,Fz,0.140041630494849,0.9004070190055101
lab7031,full_day1,APVT,tv_ss1__te_ss2ss3,S017,ss3,Fx,0.1172469175744931,0.9534387783540684
lab7031,full_day1,APVT,tv_ss1__te_ss2ss3,S017,ss3,Fz,0.1230127137838151,0.950006695155601
lab7031,full_day1,APVT,tv_ss1__te_ss2ss3,S018,ss3,Fx,0.1296482997335243,0.9166473479858532
lab7031,full_day1,APVT,tv_ss1__te_ss2ss3,S018,ss3,Fz,0.1188873738160481,0.9581305794910198
lab7031,full_day1,APVT,tv_ss1__te_ss2ss3,S019,ss3,Fx,0.151759128766162,0.8603147441874103
lab7031,full_day1,APVT,tv_ss1__te_ss2ss3,S019,ss3,Fz,0.1047654549123242,0.9686619529421022
lab7031,full_day1,AP,tv_ss3__te_ss1ss2,S001,ss1,Fx,0.1913753404495373,0.9026965684987028
lab7031,full_day1,AP,tv_ss3__te_ss1ss2,S001,ss1,Fz,0.1053999316901389,0.9443017237001085
lab7031,full_day1,AP,tv_ss3__te_ss1ss2,S002,ss1,Fx,0.3065741349648032,0.3978791338949927
lab7031,full_day1,AP,tv_ss3__te_ss1ss2,S002,ss1,Fz,0.1617291640020711,0.8283091816937695
lab7031,full_day1,AP,tv_ss3__te_ss1ss2,S003,ss1,Fx,0.1493459759691518,0.9196875363046004
lab7031,full_day1,AP,tv_ss3__te_ss1ss2,S003,ss1,Fz,0.1749884285597718,0.9164055911564152
lab7031,full_day1,AP,tv_ss3__te_ss1ss2,S004,ss1,Fx,0.1819270640613045,0.8409760446004579
lab7031,full_day1,AP,tv_ss3__te_ss1ss2,S004,ss1,Fz,0.1746058685017649,0.907998330872822
lab7031,full_day1,AP,tv_ss3__te_ss1ss2,S005,ss1,Fx,0.2037616051571959,0.8869974603243663
lab7031,full_day1,AP,tv_ss3__te_ss1ss2,S005,ss1,Fz,0.1782172660798929,0.8516772504609224
lab7031,full_day1,AP,tv_ss3__te_ss1ss2,S006,ss1,Fx,0.1302178435775597,0.8962323385748423
lab7031,full_day1,AP,tv_ss3__te_ss1ss2,S006,ss1,Fz,0.1504871248253556,0.9375231152003404
lab7031,full_day1,AP,tv_ss3__te_ss1ss2,S007,ss1,Fx,0.1376723835711725,0.8961715270928989
lab7031,full_day1,AP,tv_ss3__te_ss1ss2,S007,ss1,Fz,0.1779549586797161,0.9035957677081594
lab7031,full_day1,AP,tv_ss3__te_ss1ss2,S008,ss1,Fx,0.1362761870233587,0.895775317570916
lab7031,full_day1,AP,tv_ss3__te_ss1ss2,S008,ss1,Fz,0.1751065783717395,0.9042506777180392
lab7031,full_day1,AP,tv_ss3__te_ss1ss2,S009,ss1,Fx,0.2397296927997303,0.786414875832816
lab7031,full_day1,AP,tv_ss3__te_ss1ss2,S009,ss1,Fz,0.1888038922346958,0.8399647307119049
lab7031,full_day1,AP,tv_ss3__te_ss1ss2,S010,ss1,Fx,0.1848482623947158,0.8061748372758379
lab7031,full_day1,AP,tv_ss3__te_ss1ss2,S010,ss1,Fz,0.1272858539191746,0.8614574846992681
lab7031,full_day1,AP,tv_ss3__te_ss1ss2,S012,ss1,Fx,0.2343182864515311,0.6800297339897561
lab7031,full_day1,AP,tv_ss3__te_ss1ss2,S012,ss1,Fz,0.1864075526604586,0.8676256239926662
lab7031,full_day1,AP,tv_ss3__te_ss1ss2,S013,ss1,Fx,0.196904972907086,0.741418774734933
lab7031,full_day1,AP,tv_ss3__te_ss1ss2,S013,ss1,Fz,0.2255540643643028,0.8696409371419889
lab7031,full_day1,AP,tv_ss3__te_ss1ss2,S014,ss1,Fx,0.1730816176693959,0.8714682396686462
lab7031,full_day1,AP,tv_ss3__te_ss1ss2,S014,ss1,Fz,0.1852606633012533,0.884317590852128
lab7031,full_day1,AP,tv_ss3__te_ss1ss2,S015,ss1,Fx,0.1747250396933746,0.8781371685918314
lab7031,full_day1,AP,tv_ss3__te_ss1ss2,S015,ss1,Fz,0.1397181864859136,0.9210571827308072
lab7031,full_day1,AP,tv_ss3__te_ss1ss2,S016,ss1,Fx,0.3134382277201572,0.4550275413010189
lab7031,full_day1,AP,tv_ss3__te_ss1ss2,S016,ss1,Fz,0.2262014869076256,0.8034853950077034
lab7031,full_day1,AP,tv_ss3__te_ss1ss2,S017,ss1,Fx,0.2117699905959292,0.7844461598706652
lab7031,full_day1,AP,tv_ss3__te_ss1ss2,S017,ss1,Fz,0.1136648671189412,0.8851765743231108
lab7031,full_day1,AP,tv_ss3__te_ss1ss2,S018,ss1,Fx,0.1767407750304981,0.8294989524450027
lab7031,full_day1,AP,tv_ss3__te_ss1ss2,S018,ss1,Fz,0.1775939545575219,0.883804531256265
lab7031,full_day1,AP,tv_ss3__te_ss1ss2,S019,ss1,Fx,0.287544569878326,0.7031102041813478
lab7031,full_day1,AP,tv_ss3__te_ss1ss2,S019,ss1,Fz,0.1093469269390971,0.9401635091374528
lab7031,full_day1,AP,tv_ss3__te_ss1ss2,S001,ss2,Fx,0.0927738644860579,0.9456134291055156
lab7031,full_day1,AP,tv_ss3__te_ss1ss2,S001,ss2,Fz,0.0651940937392821,0.973836590476341
lab7031,full_day1,AP,tv_ss3__te_ss1ss2,S002,ss2,Fx,0.1779355726631892,0.7819202797179605
lab7031,full_day1,AP,tv_ss3__te_ss1ss2,S002,ss2,Fz,0.0918843082819531,0.9506629913897884
lab7031,full_day1,AP,tv_ss3__te_ss1ss2,S003,ss2,Fx,0.0790748730935056,0.9698032857266444
lab7031,full_day1,AP,tv_ss3__te_ss1ss2,S003,ss2,Fz,0.0849110341002386,0.9745020963868848
lab7031,full_day1,AP,tv_ss3__te_ss1ss2,S004,ss2,Fx,0.1069932640823997,0.9161180102986723
lab7031,full_day1,AP,tv_ss3__te_ss1ss2,S004,ss2,Fz,0.1005366112982525,0.9586231763041344
lab7031,full_day1,AP,tv_ss3__te_ss1ss2,S005,ss2,Fx,0.1178968119706086,0.9387406985976564
lab7031,full_day1,AP,tv_ss3__te_ss1ss2,S005,ss2,Fz,0.1128364273145495,0.945816299454614
lab7031,full_day1,AP,tv_ss3__te_ss1ss2,S006,ss2,Fx,0.0929145161081086,0.9422818294479808
lab7031,full_day1,AP,tv_ss3__te_ss1ss2,S006,ss2,Fz,0.0822506332325285,0.9653071810710536
lab7031,full_day1,AP,tv_ss3__te_ss1ss2,S007,ss2,Fx,0.0686996159033337,0.969471931769405
lab7031,full_day1,AP,tv_ss3__te_ss1ss2,S007,ss2,Fz,0.1004353918078727,0.9623926428236936
lab7031,full_day1,AP,tv_ss3__te_ss1ss2,S008,ss2,Fx,0.086755517252646,0.9313727799294896
lab7031,full_day1,AP,tv_ss3__te_ss1ss2,S008,ss2,Fz,0.1171087404102299,0.9547051806381882
lab7031,full_day1,AP,tv_ss3__te_ss1ss2,S009,ss2,Fx,0.1794179927685546,0.8424228526696803
lab7031,full_day1,AP,tv_ss3__te_ss1ss2,S009,ss2,Fz,0.1222942348588492,0.9237457793258044
lab7031,full_day1,AP,tv_ss3__te_ss1ss2,S010,ss2,Fx,0.1160370439800158,0.8984443847556685
lab7031,full_day1,AP,tv_ss3__te_ss1ss2,S010,ss2,Fz,0.0879739900817325,0.9444138823316734
lab7031,full_day1,AP,tv_ss3__te_ss1ss2,S012,ss2,Fx,0.1006235440896267,0.93438627899554
lab7031,full_day1,AP,tv_ss3__te_ss1ss2,S012,ss2,Fz,0.0812278511524488,0.9674058119256044
lab7031,full_day1,AP,tv_ss3__te_ss1ss2,S013,ss2,Fx,0.1072862582784729,0.919820302248399
lab7031,full_day1,AP,tv_ss3__te_ss1ss2,S013,ss2,Fz,0.1271859072432642,0.9401920364465336
lab7031,full_day1,AP,tv_ss3__te_ss1ss2,S015,ss2,Fx,0.1108126960022854,0.9375151703943968
lab7031,full_day1,AP,tv_ss3__te_ss1ss2,S015,ss2,Fz,0.0569738572756654,0.9825590675039448
lab7031,full_day1,AP,tv_ss3__te_ss1ss2,S016,ss2,Fx,0.1210061179595075,0.9096389906162532
lab7031,full_day1,AP,tv_ss3__te_ss1ss2,S016,ss2,Fz,0.1097235819744042,0.9782188174010612
lab7031,full_day1,AP,tv_ss3__te_ss1ss2,S017,ss2,Fx,0.0821166898956157,0.9681555809652858
lab7031,full_day1,AP,tv_ss3__te_ss1ss2,S017,ss2,Fz,0.052458056021507,0.9732532022611045
lab7031,full_day1,AP,tv_ss3__te_ss1ss2,S018,ss2,Fx,0.108992475382395,0.9240962203986556
lab7031,full_day1,AP,tv_ss3__te_ss1ss2,S018,ss2,Fz,0.0765215495481044,0.9760687020474382
lab7031,full_day1,AP,tv_ss3__te_ss1ss2,S019,ss2,Fx,0.1938940808770693,0.8057237899125926
lab7031,full_day1,AP,tv_ss3__te_ss1ss2,S019,ss2,Fz,0.0780217826241182,0.9655345425239068
lab7031,full_day1,APVT,tv_te_ss1,S001,ss1,Fx,0.0963703983443771,0.9257951684944788
lab7031,full_day1,APVT,tv_te_ss1,S001,ss1,Fz,0.0896993217888086,0.9562376797889514
lab7031,full_day1,APVT,tv_te_ss1,S002,ss1,Fx,0.1155998452541087,0.8702437481918407
lab7031,full_day1,APVT,tv_te_ss1,S002,ss1,Fz,0.0806695522706224,0.9473110934178474
lab7031,full_day1,APVT,tv_te_ss1,S003,ss1,Fx,0.0769870585218539,0.9517903000329108
lab7031,full_day1,APVT,tv_te_ss1,S003,ss1,Fz,0.0755061276484119,0.958958937963192
lab7031,full_day1,APVT,tv_te_ss1,S004,ss1,Fx,0.0756701517188414,0.966234166180074
lab7031,full_day1,APVT,tv_te_ss1,S004,ss1,Fz,0.0843894901915195,0.9654200742444086
lab7031,full_day1,APVT,tv_te_ss1,S005,ss1,Fx,0.0871106642699864,0.949834996923956
lab7031,full_day1,APVT,tv_te_ss1,S005,ss1,Fz,0.0992528698548293,0.9456711390843794
lab7031,full_day1,APVT,tv_te_ss1,S006,ss1,Fx,0.0834069337852152,0.9578621629764064
lab7031,full_day1,APVT,tv_te_ss1,S006,ss1,Fz,0.0689546709051572,0.9616948388490124
lab7031,full_day1,APVT,tv_te_ss1,S007,ss1,Fx,0.0780824989584422,0.9541150792973137
lab7031,full_day1,APVT,tv_te_ss1,S007,ss1,Fz,0.0915771213622386,0.9459016000804716
lab7031,full_day1,APVT,tv_te_ss1,S008,ss1,Fx,0.0780097581269656,0.9564661293382278
lab7031,full_day1,APVT,tv_te_ss1,S008,ss1,Fz,0.106692817142021,0.9584492528796134
lab7031,full_day1,APVT,tv_te_ss1,S009,ss1,Fx,0.0985961714923632,0.9088466014217976
lab7031,full_day1,APVT,tv_te_ss1,S009,ss1,Fz,0.1144693800815016,0.8849231093267811
lab7031,full_day1,APVT,tv_te_ss1,S010,ss1,Fx,0.0779288495388342,0.946337049342124
lab7031,full_day1,APVT,tv_te_ss1,S010,ss1,Fz,0.0667358400231313,0.9540344507198868
lab7031,full_day1,APVT,tv_te_ss1,S011,ss1,Fx,0.0635209875421728,0.9699134454170922
lab7031,full_day1,APVT,tv_te_ss1,S011,ss1,Fz,0.109694744718986,0.968125959849178
lab7031,full_day1,APVT,tv_te_ss1,S012,ss1,Fx,0.0730382320864565,0.9691685928558902
lab7031,full_day1,APVT,tv_te_ss1,S012,ss1,Fz,0.0766262140949941,0.956592831927129
lab7031,full_day1,APVT,tv_te_ss1,S013,ss1,Fx,0.0902261491736581,0.9376221631954084
lab7031,full_day1,APVT,tv_te_ss1,S013,ss1,Fz,0.0958891384591336,0.934594587584325
lab7031,full_day1,APVT,tv_te_ss1,S014,ss1,Fx,0.0866499065864673,0.9454190697304587
lab7031,full_day1,APVT,tv_te_ss1,S014,ss1,Fz,0.1299230567619423,0.8758708198282369
lab7031,full_day1,APVT,tv_te_ss1,S015,ss1,Fx,0.0841129634377061,0.9386563080006028
lab7031,full_day1,APVT,tv_te_ss1,S015,ss1,Fz,0.0707813193911272,0.9641871156891574
lab7031,full_day1,APVT,tv_te_ss1,S016,ss1,Fx,0.2327924695576078,0.5626376475513506
lab7031,full_day1,APVT,tv_te_ss1,S016,ss1,Fz,0.1714316851807233,0.7914813577183165
lab7031,full_day1,APVT,tv_te_ss1,S017,ss1,Fx,0.0689930758162758,0.9591835754483696
lab7031,full_day1,APVT,tv_te_ss1,S017,ss1,Fz,0.0539734749653785,0.9800445747712652
lab7031,full_day1,APVT,tv_te_ss1,S018,ss1,Fx,0.0746031459442107,0.9627529503994828
lab7031,full_day1,APVT,tv_te_ss1,S018,ss1,Fz,0.0628890990149369,0.9769493127847751
lab7031,full_day1,APVT,tv_te_ss1,S019,ss1,Fx,0.1098154325537985,0.914216234901419
lab7031,full_day1,APVT,tv_te_ss1,S019,ss1,Fz,0.0715108449055296,0.9627068510192
lab7031,full_day1,VT,tv_te_ss2,S001,ss2,Fx,0.0746547120366764,0.9660166049791694
lab7031,full_day1,VT,tv_te_ss2,S001,ss2,Fz,0.0651675304099311,0.9776418146155068
lab7031,full_day1,VT,tv_te_ss2,S002,ss2,Fx,0.1069860849388877,0.920696538875164
lab7031,full_day1,VT,tv_te_ss2,S002,ss2,Fz,0.0770101600713753,0.9672907055751284
lab7031,full_day1,VT,tv_te_ss2,S003,ss2,Fx,0.0550776863836983,0.9782226449781845
lab7031,full_day1,VT,tv_te_ss2,S003,ss2,Fz,0.0615501554675851,0.9804901906701982
lab7031,full_day1,VT,tv_te_ss2,S004,ss2,Fx,0.0842551539443422,0.944743457106292
lab7031,full_day1,VT,tv_te_ss2,S004,ss2,Fz,0.0906164292504688,0.9670008038811326
lab7031,full_day1,VT,tv_te_ss2,S005,ss2,Fx,0.0718409292172263,0.960329247677779
lab7031,full_day1,VT,tv_te_ss2,S005,ss2,Fz,0.1081263965992464,0.9542196150520996
lab7031,full_day1,VT,tv_te_ss2,S006,ss2,Fx,0.0889076706826852,0.9470320666514964
lab7031,full_day1,VT,tv_te_ss2,S006,ss2,Fz,0.0702028069585235,0.970815067311944
lab7031,full_day1,VT,tv_te_ss2,S007,ss2,Fx,0.0711837311918106,0.9566567652215308
lab7031,full_day1,VT,tv_te_ss2,S007,ss2,Fz,0.0741285191316265,0.962527515429233
lab7031,full_day1,VT,tv_te_ss2,S008,ss2,Fx,0.0919083263699104,0.9384448345092302
lab7031,full_day1,VT,tv_te_ss2,S008,ss2,Fz,0.1111626739097335,0.9578980921872
lab7031,full_day1,VT,tv_te_ss2,S009,ss2,Fx,0.1183968894760029,0.9035257424511428
lab7031,full_day1,VT,tv_te_ss2,S009,ss2,Fz,0.1008662480004241,0.9367793321271908
lab7031,full_day1,VT,tv_te_ss2,S010,ss2,Fx,0.0719735082722953,0.9619239958929368
lab7031,full_day1,VT,tv_te_ss2,S010,ss2,Fz,0.0594244303050996,0.973349767878957
lab7031,full_day1,VT,tv_te_ss2,S011,ss2,Fx,0.0888027472528452,0.9348796118191568
lab7031,full_day1,VT,tv_te_ss2,S011,ss2,Fz,0.1243887398044874,0.9655726667855796
lab7031,full_day1,VT,tv_te_ss2,S012,ss2,Fx,0.0764039515786614,0.9645438817019452
lab7031,full_day1,VT,tv_te_ss2,S012,ss2,Fz,0.0675863620578907,0.9781645169013264
lab7031,full_day1,VT,tv_te_ss2,S013,ss2,Fx,0.0712098716770216,0.9604083170515954
lab7031,full_day1,VT,tv_te_ss2,S013,ss2,Fz,0.0850586920228328,0.9484972069242956
lab7031,full_day1,VT,tv_te_ss2,S015,ss2,Fx,0.0630906165133172,0.9696824650587323
lab7031,full_day1,VT,tv_te_ss2,S015,ss2,Fz,0.0526488883043564,0.9816611409684508
lab7031,full_day1,VT,tv_te_ss2,S016,ss2,Fx,0.0792612269626764,0.9572969241578136
lab7031,full_day1,VT,tv_te_ss2,S016,ss2,Fz,0.0778739969095399,0.9676452589660424
lab7031,full_day1,VT,tv_te_ss2,S017,ss2,Fx,0.0570605921824671,0.9758479513965528
lab7031,full_day1,VT,tv_te_ss2,S017,ss2,Fz,0.0501524472410884,0.9810090735600154
lab7031,full_day1,VT,tv_te_ss2,S018,ss2,Fx,0.0968500278153145,0.9221682904374168
lab7031,full_day1,VT,tv_te_ss2,S018,ss2,Fz,0.0700194425648965,0.9727975441490752
lab7031,full_day1,VT,tv_te_ss2,S019,ss2,Fx,0.1293274374655272,0.8750182127900653
lab7031,full_day1,VT,tv_te_ss2,S019,ss2,Fz,0.0762963028764977,0.9682263655436596
lab7031,percent005_day1_case1,APVT,tv_ss1__te_ss2ss3,S001,ss2,Fx,0.1759330557016942,0.6932959801695379
lab7031,percent005_day1_case1,APVT,tv_ss1__te_ss2ss3,S001,ss2,Fz,0.1520171033434752,0.851340122240814
lab7031,percent005_day1_case1,APVT,tv_ss1__te_ss2ss3,S002,ss2,Fx,0.1333784948695599,0.832046481035991
lab7031,percent005_day1_case1,APVT,tv_ss1__te_ss2ss3,S002,ss2,Fz,0.0935729736003113,0.9370025794832956
lab7031,percent005_day1_case1,APVT,tv_ss1__te_ss2ss3,S003,ss2,Fx,0.1464178177092605,0.8732762239253207
lab7031,percent005_day1_case1,APVT,tv_ss1__te_ss2ss3,S003,ss2,Fz,0.1045878142625963,0.9289549291438788
lab7031,percent005_day1_case1,APVT,tv_ss1__te_ss2ss3,S004,ss2,Fx,0.1331881138823851,0.9123021508431376
lab7031,percent005_day1_case1,APVT,tv_ss1__te_ss2ss3,S004,ss2,Fz,0.1279578237590291,0.9025703756103648
lab7031,percent005_day1_case1,APVT,tv_ss1__te_ss2ss3,S005,ss2,Fx,0.122687953873137,0.9002233030049483
lab7031,percent005_day1_case1,APVT,tv_ss1__te_ss2ss3,S005,ss2,Fz,0.1216187016340355,0.909480558017382
lab7031,percent005_day1_case1,APVT,tv_ss1__te_ss2ss3,S006,ss2,Fx,0.1257464082131279,0.9175879111463624
lab7031,percent005_day1_case1,APVT,tv_ss1__te_ss2ss3,S006,ss2,Fz,0.1111736286490443,0.931552137566266
lab7031,percent005_day1_case1,APVT,tv_ss1__te_ss2ss3,S007,ss2,Fx,0.1264332135022776,0.8689079836623431
lab7031,percent005_day1_case1,APVT,tv_ss1__te_ss2ss3,S007,ss2,Fz,0.1133722544909342,0.9066717961758808
lab7031,percent005_day1_case1,APVT,tv_ss1__te_ss2ss3,S008,ss2,Fx,0.146749368486524,0.8705345418408705
lab7031,percent005_day1_case1,APVT,tv_ss1__te_ss2ss3,S008,ss2,Fz,0.1297293432702552,0.919429662740526
lab7031,percent005_day1_case1,APVT,tv_ss1__te_ss2ss3,S009,ss2,Fx,0.1972859276544758,0.6145078749923769
lab7031,percent005_day1_case1,APVT,tv_ss1__te_ss2ss3,S009,ss2,Fz,0.1463096772357345,0.8567277524332266
lab7031,percent005_day1_case1,APVT,tv_ss1__te_ss2ss3,S010,ss2,Fx,0.1492159878917368,0.8415883449809647
lab7031,percent005_day1_case1,APVT,tv_ss1__te_ss2ss3,S010,ss2,Fz,0.1449044334597173,0.908061318331143
lab7031,percent005_day1_case1,APVT,tv_ss1__te_ss2ss3,S011,ss2,Fx,0.2157710695609309,0.5314030186741853
lab7031,percent005_day1_case1,APVT,tv_ss1__te_ss2ss3,S011,ss2,Fz,0.1314843022612976,0.9363669696061314
lab7031,percent005_day1_case1,APVT,tv_ss1__te_ss2ss3,S012,ss2,Fx,0.1236329983584673,0.9041465030899184
lab7031,percent005_day1_case1,APVT,tv_ss1__te_ss2ss3,S012,ss2,Fz,0.1247788000526339,0.9090532856567104
lab7031,percent005_day1_case1,APVT,tv_ss1__te_ss2ss3,S013,ss2,Fx,0.1333443584038446,0.8896312738530787
lab7031,percent005_day1_case1,APVT,tv_ss1__te_ss2ss3,S013,ss2,Fz,0.1173285964776152,0.9119997590335892
lab7031,percent005_day1_case1,APVT,tv_ss1__te_ss2ss3,S015,ss2,Fx,0.1275893776033458,0.8714285212170995
lab7031,percent005_day1_case1,APVT,tv_ss1__te_ss2ss3,S015,ss2,Fz,0.0949003413940997,0.94309679009536
lab7031,percent005_day1_case1,APVT,tv_ss1__te_ss2ss3,S016,ss2,Fx,0.1688018226243234,0.7709652451977881
lab7031,percent005_day1_case1,APVT,tv_ss1__te_ss2ss3,S016,ss2,Fz,0.1332861308638534,0.9140270779486588
lab7031,percent005_day1_case1,APVT,tv_ss1__te_ss2ss3,S017,ss2,Fx,0.1038506357357666,0.9292373956870628
lab7031,percent005_day1_case1,APVT,tv_ss1__te_ss2ss3,S017,ss2,Fz,0.0812108385682508,0.9483563457808584
lab7031,percent005_day1_case1,APVT,tv_ss1__te_ss2ss3,S018,ss2,Fx,0.1553242742798866,0.8351279653744681
lab7031,percent005_day1_case1,APVT,tv_ss1__te_ss2ss3,S018,ss2,Fz,0.1217112734787987,0.9161766301515218
lab7031,percent005_day1_case1,APVT,tv_ss1__te_ss2ss3,S019,ss2,Fx,0.1506322754948462,0.8257827301338082
lab7031,percent005_day1_case1,APVT,tv_ss1__te_ss2ss3,S019,ss2,Fz,0.1072922491978046,0.9346402104671712
lab7031,percent005_day1_case1,APVT,tv_ss1__te_ss2ss3,S001,ss3,Fx,0.1972980615848814,0.6605942940780064
lab7031,percent005_day1_case1,APVT,tv_ss1__te_ss2ss3,S001,ss3,Fz,0.1681292141327763,0.887117056852476
lab7031,percent005_day1_case1,APVT,tv_ss1__te_ss2ss3,S002,ss3,Fx,0.1659335552247497,0.7858044100137848
lab7031,percent005_day1_case1,APVT,tv_ss1__te_ss2ss3,S002,ss3,Fz,0.1360004015759007,0.9124740099530918
lab7031,percent005_day1_case1,APVT,tv_ss1__te_ss2ss3,S003,ss3,Fx,0.2010274286319079,0.5955400876126572
lab7031,percent005_day1_case1,APVT,tv_ss1__te_ss2ss3,S003,ss3,Fz,0.1366897791745908,0.9097812900172902
lab7031,percent005_day1_case1,APVT,tv_ss1__te_ss2ss3,S004,ss3,Fx,0.1865484415749645,0.765148043413547
lab7031,percent005_day1_case1,APVT,tv_ss1__te_ss2ss3,S004,ss3,Fz,0.1868242700157908,0.7911404233666044
lab7031,percent005_day1_case1,APVT,tv_ss1__te_ss2ss3,S005,ss3,Fx,0.1962165474751951,0.6690480787605131
lab7031,percent005_day1_case1,APVT,tv_ss1__te_ss2ss3,S005,ss3,Fz,0.1445711705200277,0.9041146311282938
lab7031,percent005_day1_case1,APVT,tv_ss1__te_ss2ss3,S006,ss3,Fx,0.1899167458714691,0.7800569117113669
lab7031,percent005_day1_case1,APVT,tv_ss1__te_ss2ss3,S006,ss3,Fz,0.1587512872779534,0.8970152709675528
lab7031,percent005_day1_case1,APVT,tv_ss1__te_ss2ss3,S007,ss3,Fx,0.1871871832082673,0.7503108148258838
lab7031,percent005_day1_case1,APVT,tv_ss1__te_ss2ss3,S007,ss3,Fz,0.1597293284726967,0.8941986265750855
lab7031,percent005_day1_case1,APVT,tv_ss1__te_ss2ss3,S008,ss3,Fx,0.191955145474198,0.8258665809285313
lab7031,percent005_day1_case1,APVT,tv_ss1__te_ss2ss3,S008,ss3,Fz,0.1541522712906221,0.9127806512945794
lab7031,percent005_day1_case1,APVT,tv_ss1__te_ss2ss3,S009,ss3,Fx,0.2280879549824829,0.4611678630474491
lab7031,percent005_day1_case1,APVT,tv_ss1__te_ss2ss3,S009,ss3,Fz,0.1926248382577952,0.7930368750347339
lab7031,percent005_day1_case1,APVT,tv_ss1__te_ss2ss3,S010,ss3,Fx,0.1498082602666764,0.930777434026226
lab7031,percent005_day1_case1,APVT,tv_ss1__te_ss2ss3,S010,ss3,Fz,0.1264541468494721,0.9400905209507292
lab7031,percent005_day1_case1,APVT,tv_ss1__te_ss2ss3,S012,ss3,Fx,0.1663551781252363,0.8094239644561346
lab7031,percent005_day1_case1,APVT,tv_ss1__te_ss2ss3,S012,ss3,Fz,0.1217161033491149,0.9262110413864284
lab7031,percent005_day1_case1,APVT,tv_ss1__te_ss2ss3,S013,ss3,Fx,0.1779656243978844,0.809359010493368
lab7031,percent005_day1_case1,APVT,tv_ss1__te_ss2ss3,S013,ss3,Fz,0.1423553520331946,0.895803784627387
lab7031,percent005_day1_case1,APVT,tv_ss1__te_ss2ss3,S014,ss3,Fx,0.2508625487505603,0.2000106050352926
lab7031,percent005_day1_case1,APVT,tv_ss1__te_ss2ss3,S014,ss3,Fz,0.1918811451240655,0.8016533810793417
lab7031,percent005_day1_case1,APVT,tv_ss1__te_ss2ss3,S015,ss3,Fx,0.1751355135745833,0.776009802685258
lab7031,percent005_day1_case1,APVT,tv_ss1__te_ss2ss3,S015,ss3,Fz,0.1448889792722748,0.8774576445803932
lab7031,percent005_day1_case1,APVT,tv_ss1__te_ss2ss3,S016,ss3,Fx,0.1745520873234569,0.7582654915155241
lab7031,percent005_day1_case1,APVT,tv_ss1__te_ss2ss3,S016,ss3,Fz,0.1471255851721488,0.8969229688582624
lab7031,percent005_day1_case1,APVT,tv_ss1__te_ss2ss3,S017,ss3,Fx,0.1908128082402004,0.6710380562697754
lab7031,percent005_day1_case1,APVT,tv_ss1__te_ss2ss3,S017,ss3,Fz,0.1535689549940719,0.8465169362390541
lab7031,percent005_day1_case1,APVT,tv_ss1__te_ss2ss3,S018,ss3,Fx,0.1721316979506651,0.8137752332891813
lab7031,percent005_day1_case1,APVT,tv_ss1__te_ss2ss3,S018,ss3,Fz,0.1632054336339546,0.8532971633180876
lab7031,percent005_day1_case1,APVT,tv_ss1__te_ss2ss3,S019,ss3,Fx,0.2010872999032213,0.7067615824418264
lab7031,percent005_day1_case1,APVT,tv_ss1__te_ss2ss3,S019,ss3,Fz,0.138392902107974,0.8936791348582926
lab7031,percent005_day1_case1,AP,tv_ss2__te_ss1ss3,S001,ss1,Fx,0.1436671282806051,0.9063293130277024
lab7031,percent005_day1_case1,AP,tv_ss2__te_ss1ss3,S001,ss1,Fz,0.1251518119744227,0.8848097385315791
lab7031,percent005_day1_case1,AP,tv_ss2__te_ss1ss3,S002,ss1,Fx,0.2423245860937705,0.5933610166461034
lab7031,percent005_day1_case1,AP,tv_ss2__te_ss1ss3,S002,ss1,Fz,0.2225976466453211,0.8061347432344771
lab7031,percent005_day1_case1,AP,tv_ss2__te_ss1ss3,S003,ss1,Fx,0.1011533239688331,0.9317822422928136
lab7031,percent005_day1_case1,AP,tv_ss2__te_ss1ss3,S003,ss1,Fz,0.1437904449156209,0.9245743183484092
lab7031,percent005_day1_case1,AP,tv_ss2__te_ss1ss3,S004,ss1,Fx,0.1661113289939595,0.8393844121880306
lab7031,percent005_day1_case1,AP,tv_ss2__te_ss1ss3,S004,ss1,Fz,0.1892622848491164,0.8735812630154266
lab7031,percent005_day1_case1,AP,tv_ss2__te_ss1ss3,S005,ss1,Fx,0.1507680475322764,0.8698412377669336
lab7031,percent005_day1_case1,AP,tv_ss2__te_ss1ss3,S005,ss1,Fz,0.1497356747111876,0.8864505694128082
lab7031,percent005_day1_case1,AP,tv_ss2__te_ss1ss3,S006,ss1,Fx,0.0924996320903618,0.945810016320225
lab7031,percent005_day1_case1,AP,tv_ss2__te_ss1ss3,S006,ss1,Fz,0.1066523641305976,0.9263335943304584
lab7031,percent005_day1_case1,AP,tv_ss2__te_ss1ss3,S007,ss1,Fx,0.1609537557229794,0.7741176935646635
lab7031,percent005_day1_case1,AP,tv_ss2__te_ss1ss3,S007,ss1,Fz,0.1208101977318315,0.8920412696448925
lab7031,percent005_day1_case1,AP,tv_ss2__te_ss1ss3,S008,ss1,Fx,0.0987916784396337,0.9399288295456544
lab7031,percent005_day1_case1,AP,tv_ss2__te_ss1ss3,S008,ss1,Fz,0.16069961599899,0.9286588540692892
lab7031,percent005_day1_case1,AP,tv_ss2__te_ss1ss3,S009,ss1,Fx,0.2027553042540649,0.833606942457263
lab7031,percent005_day1_case1,AP,tv_ss2__te_ss1ss3,S009,ss1,Fz,0.1667387061872222,0.7895469681033136
lab7031,percent005_day1_case1,AP,tv_ss2__te_ss1ss3,S010,ss1,Fx,0.1696195465594602,0.8481548588404886
lab7031,percent005_day1_case1,AP,tv_ss2__te_ss1ss3,S010,ss1,Fz,0.1052747828547341,0.9003043851869653
lab7031,percent005_day1_case1,AP,tv_ss2__te_ss1ss3,S011,ss1,Fx,0.18126000347223,0.8386266673036629
lab7031,percent005_day1_case1,AP,tv_ss2__te_ss1ss3,S011,ss1,Fz,0.1366493724150674,0.9084501109276578
lab7031,percent005_day1_case1,AP,tv_ss2__te_ss1ss3,S012,ss1,Fx,0.0959155613866987,0.936298701088133
lab7031,percent005_day1_case1,AP,tv_ss2__te_ss1ss3,S012,ss1,Fz,0.1360118471463416,0.923279267350021
lab7031,percent005_day1_case1,AP,tv_ss2__te_ss1ss3,S013,ss1,Fx,0.156989044074156,0.8633454596435524
lab7031,percent005_day1_case1,AP,tv_ss2__te_ss1ss3,S013,ss1,Fz,0.1386681519546133,0.9080541920002184
lab7031,percent005_day1_case1,AP,tv_ss2__te_ss1ss3,S015,ss1,Fx,0.1277017232255666,0.9164927790069496
lab7031,percent005_day1_case1,AP,tv_ss2__te_ss1ss3,S015,ss1,Fz,0.1051267037727329,0.916539586444682
lab7031,percent005_day1_case1,AP,tv_ss2__te_ss1ss3,S016,ss1,Fx,0.3417172270285043,0.3774180175434538
lab7031,percent005_day1_case1,AP,tv_ss2__te_ss1ss3,S016,ss1,Fz,0.1879349001196795,0.7780989505460949
lab7031,percent005_day1_case1,AP,tv_ss2__te_ss1ss3,S017,ss1,Fx,0.1659209479613965,0.8718082210279889
lab7031,percent005_day1_case1,AP,tv_ss2__te_ss1ss3,S017,ss1,Fz,0.0751059823423461,0.9512792107946804
lab7031,percent005_day1_case1,AP,tv_ss2__te_ss1ss3,S018,ss1,Fx,0.1367847132214989,0.8949655802627818
lab7031,percent005_day1_case1,AP,tv_ss2__te_ss1ss3,S018,ss1,Fz,0.1090426171155211,0.9532538301367268
lab7031,percent005_day1_case1,AP,tv_ss2__te_ss1ss3,S019,ss1,Fx,0.1975578565817262,0.7607915376980425
lab7031,percent005_day1_case1,AP,tv_ss2__te_ss1ss3,S019,ss1,Fz,0.1199117188749104,0.9129537634776972
lab7031,percent005_day1_case1,AP,tv_ss2__te_ss1ss3,S001,ss3,Fx,0.1209658991904656,0.8757170907530275
lab7031,percent005_day1_case1,AP,tv_ss2__te_ss1ss3,S001,ss3,Fz,0.1133380975456666,0.9428012548253324
lab7031,percent005_day1_case1,AP,tv_ss2__te_ss1ss3,S002,ss3,Fx,0.1200336951615855,0.8821776436822902
lab7031,percent005_day1_case1,AP,tv_ss2__te_ss1ss3,S002,ss3,Fz,0.1091521144470547,0.9451819888294491
lab7031,percent005_day1_case1,AP,tv_ss2__te_ss1ss3,S003,ss3,Fx,0.1150655137648592,0.9112805367497352
lab7031,percent005_day1_case1,AP,tv_ss2__te_ss1ss3,S003,ss3,Fz,0.0851658410454825,0.9633052390987094
lab7031,percent005_day1_case1,AP,tv_ss2__te_ss1ss3,S004,ss3,Fx,0.1381102864743332,0.8455774270430553
lab7031,percent005_day1_case1,AP,tv_ss2__te_ss1ss3,S004,ss3,Fz,0.1118016269021249,0.9376717967528168
lab7031,percent005_day1_case1,AP,tv_ss2__te_ss1ss3,S005,ss3,Fx,0.13395200753136,0.8461934947859842
lab7031,percent005_day1_case1,AP,tv_ss2__te_ss1ss3,S005,ss3,Fz,0.1248321839702653,0.929623949584096
lab7031,percent005_day1_case1,AP,tv_ss2__te_ss1ss3,S006,ss3,Fx,0.1494279228339651,0.8396101028265134
lab7031,percent005_day1_case1,AP,tv_ss2__te_ss1ss3,S006,ss3,Fz,0.1085787394393601,0.9478712883145995
lab7031,percent005_day1_case1,AP,tv_ss2__te_ss1ss3,S007,ss3,Fx,0.112016383261916,0.9154194400451764
lab7031,percent005_day1_case1,AP,tv_ss2__te_ss1ss3,S007,ss3,Fz,0.0944798179279591,0.9477200538410476
lab7031,percent005_day1_case1,AP,tv_ss2__te_ss1ss3,S008,ss3,Fx,0.1492461631416065,0.8638590059599478
lab7031,percent005_day1_case1,AP,tv_ss2__te_ss1ss3,S008,ss3,Fz,0.1368480304470256,0.9340573414957776
lab7031,percent005_day1_case1,AP,tv_ss2__te_ss1ss3,S009,ss3,Fx,0.1378688413020607,0.8379538948867259
lab7031,percent005_day1_case1,AP,tv_ss2__te_ss1ss3,S009,ss3,Fz,0.1580285325453084,0.8697310742174827
lab7031,percent005_day1_case1,AP,tv_ss2__te_ss1ss3,S010,ss3,Fx,0.0658711812946542,0.9796654434216516
lab7031,percent005_day1_case1,AP,tv_ss2__te_ss1ss3,S010,ss3,Fz,0.0887816503224661,0.9523115249996902
lab7031,percent005_day1_case1,AP,tv_ss2__te_ss1ss3,S012,ss3,Fx,0.1231245878113399,0.895623709051344
lab7031,percent005_day1_case1,AP,tv_ss2__te_ss1ss3,S012,ss3,Fz,0.0963796745490487,0.9675943488865828
lab7031,percent005_day1_case1,AP,tv_ss2__te_ss1ss3,S013,ss3,Fx,0.1064383239438119,0.928720722977182
lab7031,percent005_day1_case1,AP,tv_ss2__te_ss1ss3,S013,ss3,Fz,0.0931775381178607,0.9522710660186714
lab7031,percent005_day1_case1,AP,tv_ss2__te_ss1ss3,S015,ss3,Fx,0.1005221120344719,0.9262263044260698
lab7031,percent005_day1_case1,AP,tv_ss2__te_ss1ss3,S015,ss3,Fz,0.091230800180986,0.9457441446388158
lab7031,percent005_day1_case1,AP,tv_ss2__te_ss1ss3,S016,ss3,Fx,0.1278293265377273,0.8683866802915973
lab7031,percent005_day1_case1,AP,tv_ss2__te_ss1ss3,S016,ss3,Fz,0.1335578156558168,0.9038031413997012
lab7031,percent005_day1_case1,AP,tv_ss2__te_ss1ss3,S017,ss3,Fx,0.1024462663767017,0.9162287618640894
lab7031,percent005_day1_case1,AP,tv_ss2__te_ss1ss3,S017,ss3,Fz,0.1276985118895687,0.883925259928867
lab7031,percent005_day1_case1,AP,tv_ss2__te_ss1ss3,S018,ss3,Fx,0.1392008335812132,0.8238540041930418
lab7031,percent005_day1_case1,AP,tv_ss2__te_ss1ss3,S018,ss3,Fz,0.1026206249124408,0.9455174116288316
lab7031,percent005_day1_case1,AP,tv_ss2__te_ss1ss3,S019,ss3,Fx,0.1517469545111739,0.8217174091897707
lab7031,percent005_day1_case1,AP,tv_ss2__te_ss1ss3,S019,ss3,Fz,0.1096849090053544,0.937696413974107
lab7031,percent005_day1_case1,AP,tv_ss3__te_ss1ss2,S001,ss1,Fx,0.2061323300919394,0.8206599447348614
lab7031,percent005_day1_case1,AP,tv_ss3__te_ss1ss2,S001,ss1,Fz,0.1274448693170394,0.8955580793096131
lab7031,percent005_day1_case1,AP,tv_ss3__te_ss1ss2,S002,ss1,Fx,0.2617811982591667,0.4403958423699418
lab7031,percent005_day1_case1,AP,tv_ss3__te_ss1ss2,S002,ss1,Fz,0.2632668927803304,0.7566448306575908
lab7031,percent005_day1_case1,AP,tv_ss3__te_ss1ss2,S003,ss1,Fx,0.1483590952650579,0.8456439924324208
lab7031,percent005_day1_case1,AP,tv_ss3__te_ss1ss2,S003,ss1,Fz,0.2139211819043032,0.8719907411555866
lab7031,percent005_day1_case1,AP,tv_ss3__te_ss1ss2,S004,ss1,Fx,0.2826385352909854,0.3450969397789907
lab7031,percent005_day1_case1,AP,tv_ss3__te_ss1ss2,S004,ss1,Fz,0.2687457068768354,0.8452405287722516
lab7031,percent005_day1_case1,AP,tv_ss3__te_ss1ss2,S005,ss1,Fx,0.2881836315134084,0.4713125891256903
lab7031,percent005_day1_case1,AP,tv_ss3__te_ss1ss2,S005,ss1,Fz,0.2149382002594975,0.7793175851152047
lab7031,percent005_day1_case1,AP,tv_ss3__te_ss1ss2,S006,ss1,Fx,0.1500922881927605,0.8151403527023208
lab7031,percent005_day1_case1,AP,tv_ss3__te_ss1ss2,S006,ss1,Fz,0.160595295794818,0.8738775548494637
lab7031,percent005_day1_case1,AP,tv_ss3__te_ss1ss2,S007,ss1,Fx,0.2101302046753832,0.8623570793838113
lab7031,percent005_day1_case1,AP,tv_ss3__te_ss1ss2,S007,ss1,Fz,0.3685644289338063,0.7063593042626262
lab7031,percent005_day1_case1,AP,tv_ss3__te_ss1ss2,S008,ss1,Fx,0.171320783471504,0.8300103297966365
lab7031,percent005_day1_case1,AP,tv_ss3__te_ss1ss2,S008,ss1,Fz,0.233455039358738,0.8803684810358283
lab7031,percent005_day1_case1,AP,tv_ss3__te_ss1ss2,S009,ss1,Fx,0.2276578812253699,0.7313856502029135
lab7031,percent005_day1_case1,AP,tv_ss3__te_ss1ss2,S009,ss1,Fz,0.2907298035237967,0.8317229956537233
lab7031,percent005_day1_case1,AP,tv_ss3__te_ss1ss2,S010,ss1,Fx,0.2527770602961323,0.5063257418460825
lab7031,percent005_day1_case1,AP,tv_ss3__te_ss1ss2,S010,ss1,Fz,0.1584200901395153,0.8437509470962765
lab7031,percent005_day1_case1,AP,tv_ss3__te_ss1ss2,S012,ss1,Fx,0.2329014473329415,0.7124324481787949
lab7031,percent005_day1_case1,AP,tv_ss3__te_ss1ss2,S012,ss1,Fz,0.18726169297201,0.8981743118833767
lab7031,percent005_day1_case1,AP,tv_ss3__te_ss1ss2,S013,ss1,Fx,0.3237787576180911,-0.118792777640714
lab7031,percent005_day1_case1,AP,tv_ss3__te_ss1ss2,S013,ss1,Fz,0.4566260138469292,0.7373584586487768
lab7031,percent005_day1_case1,AP,tv_ss3__te_ss1ss2,S014,ss1,Fx,0.1633367794755874,0.7716769232315734
lab7031,percent005_day1_case1,AP,tv_ss3__te_ss1ss2,S014,ss1,Fz,0.298147451422775,0.8447750497969512
lab7031,percent005_day1_case1,AP,tv_ss3__te_ss1ss2,S015,ss1,Fx,0.181262719584576,0.811102635010535
lab7031,percent005_day1_case1,AP,tv_ss3__te_ss1ss2,S015,ss1,Fz,0.1416075010484643,0.8951775856901204
lab7031,percent005_day1_case1,AP,tv_ss3__te_ss1ss2,S016,ss1,Fx,0.3317961769830687,0.323881807168565
lab7031,percent005_day1_case1,AP,tv_ss3__te_ss1ss2,S016,ss1,Fz,0.2611511942188058,0.7148839829221687
lab7031,percent005_day1_case1,AP,tv_ss3__te_ss1ss2,S017,ss1,Fx,0.2169024128581614,0.7633261091414445
lab7031,percent005_day1_case1,AP,tv_ss3__te_ss1ss2,S017,ss1,Fz,0.1119047824164494,0.9002922912183757
lab7031,percent005_day1_case1,AP,tv_ss3__te_ss1ss2,S018,ss1,Fx,0.2037708940197291,0.7526497950339591
lab7031,percent005_day1_case1,AP,tv_ss3__te_ss1ss2,S018,ss1,Fz,0.1672284008143525,0.8489733981354447
lab7031,percent005_day1_case1,AP,tv_ss3__te_ss1ss2,S019,ss1,Fx,0.2216142694050256,0.7173990967063101
lab7031,percent005_day1_case1,AP,tv_ss3__te_ss1ss2,S019,ss1,Fz,0.1616198553162428,0.8846001873080246
lab7031,percent005_day1_case1,AP,tv_ss3__te_ss1ss2,S001,ss2,Fx,0.1257647565239412,0.8792333042417843
lab7031,percent005_day1_case1,AP,tv_ss3__te_ss1ss2,S001,ss2,Fz,0.1203911273427608,0.9302203346403336
lab7031,percent005_day1_case1,AP,tv_ss3__te_ss1ss2,S002,ss2,Fx,0.2251770708633595,0.6363238855813247
lab7031,percent005_day1_case1,AP,tv_ss3__te_ss1ss2,S002,ss2,Fz,0.155220002854274,0.8869290945573315
lab7031,percent005_day1_case1,AP,tv_ss3__te_ss1ss2,S003,ss2,Fx,0.1019584727337162,0.9220577613633106
lab7031,percent005_day1_case1,AP,tv_ss3__te_ss1ss2,S003,ss2,Fz,0.0978944093035967,0.9705874219172342
lab7031,percent005_day1_case1,AP,tv_ss3__te_ss1ss2,S004,ss2,Fx,0.1163633515670199,0.9031746580442046
lab7031,percent005_day1_case1,AP,tv_ss3__te_ss1ss2,S004,ss2,Fz,0.1459975196382459,0.916515637006884
lab7031,percent005_day1_case1,AP,tv_ss3__te_ss1ss2,S005,ss2,Fx,0.1729799933201032,0.7526988962163723
lab7031,percent005_day1_case1,AP,tv_ss3__te_ss1ss2,S005,ss2,Fz,0.2031191486900355,0.8649811562040451
lab7031,percent005_day1_case1,AP,tv_ss3__te_ss1ss2,S006,ss2,Fx,0.1635472969714536,0.7235088351884764
lab7031,percent005_day1_case1,AP,tv_ss3__te_ss1ss2,S006,ss2,Fz,0.1133925647886318,0.91641532492376
lab7031,percent005_day1_case1,AP,tv_ss3__te_ss1ss2,S007,ss2,Fx,0.0849021902829514,0.9490838812965396
lab7031,percent005_day1_case1,AP,tv_ss3__te_ss1ss2,S007,ss2,Fz,0.1401151488451717,0.918530389200434
lab7031,percent005_day1_case1,AP,tv_ss3__te_ss1ss2,S008,ss2,Fx,0.1027232950105783,0.928926323342966
lab7031,percent005_day1_case1,AP,tv_ss3__te_ss1ss2,S008,ss2,Fz,0.1320550307983926,0.9350750929015812
lab7031,percent005_day1_case1,AP,tv_ss3__te_ss1ss2,S009,ss2,Fx,0.1933277627321766,0.7400749255113426
lab7031,percent005_day1_case1,AP,tv_ss3__te_ss1ss2,S009,ss2,Fz,0.1503522128574526,0.908053333264431
lab7031,percent005_day1_case1,AP,tv_ss3__te_ss1ss2,S010,ss2,Fx,0.1746499138715313,0.7556890027135397
lab7031,percent005_day1_case1,AP,tv_ss3__te_ss1ss2,S010,ss2,Fz,0.1162011304956399,0.9126863694047864
lab7031,percent005_day1_case1,AP,tv_ss3__te_ss1ss2,S012,ss2,Fx,0.1249822747050425,0.8967173502489125
lab7031,percent005_day1_case1,AP,tv_ss3__te_ss1ss2,S012,ss2,Fz,0.1243189838515649,0.9394034824593652
lab7031,percent005_day1_case1,AP,tv_ss3__te_ss1ss2,S013,ss2,Fx,0.2111282108011958,0.5888103018607215
lab7031,percent005_day1_case1,AP,tv_ss3__te_ss1ss2,S013,ss2,Fz,0.159477819823828,0.8850160889497282
lab7031,percent005_day1_case1,AP,tv_ss3__te_ss1ss2,S015,ss2,Fx,0.1668439679275939,0.8186152398099648
lab7031,percent005_day1_case1,AP,tv_ss3__te_ss1ss2,S015,ss2,Fz,0.0874276740707948,0.94627221080347
lab7031,percent005_day1_case1,AP,tv_ss3__te_ss1ss2,S016,ss2,Fx,0.1092654269747843,0.9278584016919266
lab7031,percent005_day1_case1,AP,tv_ss3__te_ss1ss2,S016,ss2,Fz,0.1527209220593276,0.926607379703381
lab7031,percent005_day1_case1,AP,tv_ss3__te_ss1ss2,S017,ss2,Fx,0.0936579609838119,0.9541894337483662
lab7031,percent005_day1_case1,AP,tv_ss3__te_ss1ss2,S017,ss2,Fz,0.0685094598964154,0.9610355260403072
lab7031,percent005_day1_case1,AP,tv_ss3__te_ss1ss2,S018,ss2,Fx,0.1097385951344107,0.916845063862966
lab7031,percent005_day1_case1,AP,tv_ss3__te_ss1ss2,S018,ss2,Fz,0.1218745333529597,0.9600899069508052
lab7031,percent005_day1_case1,AP,tv_ss3__te_ss1ss2,S019,ss2,Fx,0.1865104769762688,0.8077804471465413
lab7031,percent005_day1_case1,AP,tv_ss3__te_ss1ss2,S019,ss2,Fz,0.088773513217565,0.9605350775674926
lab7031,percent005_day1_case1,APVT,tv_te_ss1,S001,ss1,Fx,0.1557227776667441,0.7809057191729846
lab7031,percent005_day1_case1,APVT,tv_te_ss1,S001,ss1,Fz,0.1459846993958432,0.83103092947037
lab7031,percent005_day1_case1,APVT,tv_te_ss1,S002,ss1,Fx,0.1629632971341842,0.7522424538177478
lab7031,percent005_day1_case1,APVT,tv_te_ss1,S002,ss1,Fz,0.1201913963147115,0.905390210685338
lab7031,percent005_day1_case1,APVT,tv_te_ss1,S003,ss1,Fx,0.0781736890249105,0.9446809216533107
lab7031,percent005_day1_case1,APVT,tv_te_ss1,S003,ss1,Fz,0.0842615274551206,0.958177689030484
lab7031,percent005_day1_case1,APVT,tv_te_ss1,S004,ss1,Fx,0.111193972059454,0.8946649451729849
lab7031,percent005_day1_case1,APVT,tv_te_ss1,S004,ss1,Fz,0.0944580260160404,0.950415180474145
lab7031,percent005_day1_case1,APVT,tv_te_ss1,S005,ss1,Fx,0.1438197781626641,0.8384205147912048
lab7031,percent005_day1_case1,APVT,tv_te_ss1,S005,ss1,Fz,0.1402946221099467,0.883301063955926
lab7031,percent005_day1_case1,APVT,tv_te_ss1,S006,ss1,Fx,0.0893258317714539,0.9432466899007668
lab7031,percent005_day1_case1,APVT,tv_te_ss1,S006,ss1,Fz,0.1067503521362552,0.8957243150753106
lab7031,percent005_day1_case1,APVT,tv_te_ss1,S007,ss1,Fx,0.1025029174499676,0.903424081617787
lab7031,percent005_day1_case1,APVT,tv_te_ss1,S007,ss1,Fz,0.1035885511616409,0.8878445906172999
lab7031,percent005_day1_case1,APVT,tv_te_ss1,S008,ss1,Fx,0.1154656620768451,0.899643736444921
lab7031,percent005_day1_case1,APVT,tv_te_ss1,S008,ss1,Fz,0.1381028299777303,0.8969116809711251
lab7031,percent005_day1_case1,APVT,tv_te_ss1,S009,ss1,Fx,0.1892689606661677,0.7953178056730632
lab7031,percent005_day1_case1,APVT,tv_te_ss1,S009,ss1,Fz,0.1603088557243296,0.7709975199584365
lab7031,percent005_day1_case1,APVT,tv_te_ss1,S010,ss1,Fx,0.1035541789920299,0.8911764701289269
lab7031,percent005_day1_case1,APVT,tv_te_ss1,S010,ss1,Fz,0.0772163138020125,0.9372717974825788
lab7031,percent005_day1_case1,APVT,tv_te_ss1,S011,ss1,Fx,0.1223459342233015,0.9016763523882771
lab7031,percent005_day1_case1,APVT,tv_te_ss1,S011,ss1,Fz,0.1563814570886632,0.9022463706516652
lab7031,percent005_day1_case1,APVT,tv_te_ss1,S012,ss1,Fx,0.0821925269929968,0.968445460117235
lab7031,percent005_day1_case1,APVT,tv_te_ss1,S012,ss1,Fz,0.1158180359351873,0.9158904503164084
lab7031,percent005_day1_case1,APVT,tv_te_ss1,S013,ss1,Fx,0.1260145960659461,0.8595924388797727
lab7031,percent005_day1_case1,APVT,tv_te_ss1,S013,ss1,Fz,0.1235128499677669,0.88556056041409
lab7031,percent005_day1_case1,APVT,tv_te_ss1,S014,ss1,Fx,0.1487607113391031,0.8005394358961361
lab7031,percent005_day1_case1,APVT,tv_te_ss1,S014,ss1,Fz,0.1897116543228049,0.7530631230852202
lab7031,percent005_day1_case1,APVT,tv_te_ss1,S015,ss1,Fx,0.0886471866174419,0.9388783458947438
lab7031,percent005_day1_case1,APVT,tv_te_ss1,S015,ss1,Fz,0.0873524917019585,0.9468616260651788
lab7031,percent005_day1_case1,APVT,tv_te_ss1,S016,ss1,Fx,0.2740410930263574,0.3458825725371329
lab7031,percent005_day1_case1,APVT,tv_te_ss1,S016,ss1,Fz,0.1728138303199397,0.7727170174200975
lab7031,percent005_day1_case1,APVT,tv_te_ss1,S017,ss1,Fx,0.0782944947035991,0.9525154411121882
lab7031,percent005_day1_case1,APVT,tv_te_ss1,S017,ss1,Fz,0.0690389904396412,0.9583041316481296
lab7031,percent005_day1_case1,APVT,tv_te_ss1,S018,ss1,Fx,0.0995985155254264,0.9243335735954163
lab7031,percent005_day1_case1,APVT,tv_te_ss1,S018,ss1,Fz,0.08311439442488,0.946877724327976
lab7031,percent005_day1_case1,APVT,tv_te_ss1,S019,ss1,Fx,0.1521165161237962,0.8114460973950495
lab7031,percent005_day1_case1,APVT,tv_te_ss1,S019,ss1,Fz,0.0972210750266922,0.9324994287975
lab7031,percent005_day1_case1,AP,tv_te_ss123,S001,ss1,Fx,0.1479561687137523,0.9018145141860732
lab7031,percent005_day1_case1,AP,tv_te_ss123,S001,ss1,Fz,0.1079040799870822,0.9173940415212704
lab7031,percent005_day1_case1,AP,tv_te_ss123,S002,ss1,Fx,0.1678877249958312,0.7025671628395923
lab7031,percent005_day1_case1,AP,tv_te_ss123,S002,ss1,Fz,0.1193821072717951,0.8944963751066396
lab7031,percent005_day1_case1,AP,tv_te_ss123,S003,ss1,Fx,0.0828869618133901,0.9422259537849662
lab7031,percent005_day1_case1,AP,tv_te_ss123,S003,ss1,Fz,0.0857088972659649,0.953930054112314
lab7031,percent005_day1_case1,AP,tv_te_ss123,S004,ss1,Fx,0.0956741370995373,0.9253298604697638
lab7031,percent005_day1_case1,AP,tv_te_ss123,S004,ss1,Fz,0.0880250962618206,0.9696502581099846
lab7031,percent005_day1_case1,AP,tv_te_ss123,S005,ss1,Fx,0.1091749497644178,0.9088592406761116
lab7031,percent005_day1_case1,AP,tv_te_ss123,S005,ss1,Fz,0.1071500203661679,0.9223886180435952
lab7031,percent005_day1_case1,AP,tv_te_ss123,S006,ss1,Fx,0.0941006836959612,0.9385452884782886
lab7031,percent005_day1_case1,AP,tv_te_ss123,S006,ss1,Fz,0.077926338448581,0.9563650332258864
lab7031,percent005_day1_case1,AP,tv_te_ss123,S007,ss1,Fx,0.1032362948071695,0.9096397012327828
lab7031,percent005_day1_case1,AP,tv_te_ss123,S007,ss1,Fz,0.0908318761008636,0.9279930724772024
lab7031,percent005_day1_case1,AP,tv_te_ss123,S008,ss1,Fx,0.0691348830012136,0.9664933048348536
lab7031,percent005_day1_case1,AP,tv_te_ss123,S008,ss1,Fz,0.1341949495905893,0.9477415053190495
lab7031,percent005_day1_case1,AP,tv_te_ss123,S009,ss1,Fx,0.1498535806116998,0.8937171262731544
lab7031,percent005_day1_case1,AP,tv_te_ss123,S009,ss1,Fz,0.119189496354874,0.8778014976507952
lab7031,percent005_day1_case1,AP,tv_te_ss123,S010,ss1,Fx,0.0828130861650765,0.9363608731288212
lab7031,percent005_day1_case1,AP,tv_te_ss123,S010,ss1,Fz,0.0769835860244448,0.9344214661909096
lab7031,percent005_day1_case1,AP,tv_te_ss123,S011,ss1,Fx,0.0943869902007301,0.9541078342595906
lab7031,percent005_day1_case1,AP,tv_te_ss123,S011,ss1,Fz,0.1354433690149077,0.9520495582912082
lab7031,percent005_day1_case1,AP,tv_te_ss123,S012,ss1,Fx,0.0756429622358536,0.9702186628890598
lab7031,percent005_day1_case1,AP,tv_te_ss123,S012,ss1,Fz,0.1187472727489505,0.9506471026227176
lab7031,percent005_day1_case1,AP,tv_te_ss123,S013,ss1,Fx,0.0873378108428145,0.9483806732490692
lab7031,percent005_day1_case1,AP,tv_te_ss123,S013,ss1,Fz,0.1147417750789935,0.93068904345608
lab7031,percent005_day1_case1,AP,tv_te_ss123,S014,ss1,Fx,0.1015274526460263,0.9142893453886118
lab7031,percent005_day1_case1,AP,tv_te_ss123,S014,ss1,Fz,0.1614461093124783,0.784496690347398
lab7031,percent005_day1_case1,AP,tv_te_ss123,S015,ss1,Fx,0.0881317242705348,0.9374646549611276
lab7031,percent005_day1_case1,AP,tv_te_ss123,S015,ss1,Fz,0.078722481822906,0.9598756146759552
lab7031,percent005_day1_case1,AP,tv_te_ss123,S016,ss1,Fx,0.2893525046996298,0.4648234056876656
lab7031,percent005_day1_case1,AP,tv_te_ss123,S016,ss1,Fz,0.1752071821389396,0.7960973901351311
lab7031,percent005_day1_case1,AP,tv_te_ss123,S017,ss1,Fx,0.0759587314055487,0.960657982974238
lab7031,percent005_day1_case1,AP,tv_te_ss123,S017,ss1,Fz,0.0661388506088476,0.9599972862857016
lab7031,percent005_day1_case1,AP,tv_te_ss123,S018,ss1,Fx,0.1139372970505016,0.894388510409061
lab7031,percent005_day1_case1,AP,tv_te_ss123,S018,ss1,Fz,0.0705507162544662,0.967185790418914
lab7031,percent005_day1_case1,AP,tv_te_ss123,S019,ss1,Fx,0.1496962637498488,0.8326308030171108
lab7031,percent005_day1_case1,AP,tv_te_ss123,S019,ss1,Fz,0.0966914044527264,0.9422874496973044
lab7031,percent005_day1_case1,AP,tv_te_ss123,S001,ss2,Fx,0.0864146762937957,0.9525000746891356
lab7031,percent005_day1_case1,AP,tv_te_ss123,S001,ss2,Fz,0.1054343288642204,0.9358330787640504
lab7031,percent005_day1_case1,AP,tv_te_ss123,S002,ss2,Fx,0.107696224698125,0.9018020114139238
lab7031,percent005_day1_case1,AP,tv_te_ss123,S002,ss2,Fz,0.087130757350379,0.9540726227524928
lab7031,percent005_day1_case1,AP,tv_te_ss123,S003,ss2,Fx,0.0805236147364397,0.9478191682151784
lab7031,percent005_day1_case1,AP,tv_te_ss123,S003,ss2,Fz,0.0608333215466701,0.980466640276968
lab7031,percent005_day1_case1,AP,tv_te_ss123,S004,ss2,Fx,0.1161854001456228,0.8978152048626857
lab7031,percent005_day1_case1,AP,tv_te_ss123,S004,ss2,Fz,0.1038711845513081,0.929664571532588
lab7031,percent005_day1_case1,AP,tv_te_ss123,S005,ss2,Fx,0.0829963135296494,0.9544609949478648
lab7031,percent005_day1_case1,AP,tv_te_ss123,S005,ss2,Fz,0.1004063485607239,0.9366599090810924
lab7031,percent005_day1_case1,AP,tv_te_ss123,S006,ss2,Fx,0.1087976987531157,0.915114927257169
lab7031,percent005_day1_case1,AP,tv_te_ss123,S006,ss2,Fz,0.0797972703900296,0.9641376748901632
lab7031,percent005_day1_case1,AP,tv_te_ss123,S007,ss2,Fx,0.0848992698557014,0.9383820393239616
lab7031,percent005_day1_case1,AP,tv_te_ss123,S007,ss2,Fz,0.0934479590348519,0.9357765545882014
lab7031,percent005_day1_case1,AP,tv_te_ss123,S008,ss2,Fx,0.0614063382210541,0.9811305582804648
lab7031,percent005_day1_case1,AP,tv_te_ss123,S008,ss2,Fz,0.117097519405383,0.958496227208852
lab7031,percent005_day1_case1,AP,tv_te_ss123,S009,ss2,Fx,0.177258862377689,0.7982823926414996
lab7031,percent005_day1_case1,AP,tv_te_ss123,S009,ss2,Fz,0.1512434120575162,0.8530019272165131
lab7031,percent005_day1_case1,AP,tv_te_ss123,S010,ss2,Fx,0.0932037241053589,0.932927101157768
lab7031,percent005_day1_case1,AP,tv_te_ss123,S010,ss2,Fz,0.0837463018626989,0.9491490983816796
lab7031,percent005_day1_case1,AP,tv_te_ss123,S011,ss2,Fx,0.1173260358118371,0.8885247009801146
lab7031,percent005_day1_case1,AP,tv_te_ss123,S011,ss2,Fz,0.1223146167203801,0.9596482261727864
lab7031,percent005_day1_case1,AP,tv_te_ss123,S012,ss2,Fx,0.0764720131607245,0.9628948766925074
lab7031,percent005_day1_case1,AP,tv_te_ss123,S012,ss2,Fz,0.0994331080802746,0.96272259422065
lab7031,percent005_day1_case1,AP,tv_te_ss123,S013,ss2,Fx,0.1150195944941784,0.9104044247377414
lab7031,percent005_day1_case1,AP,tv_te_ss123,S013,ss2,Fz,0.1010399267807639,0.9447419535531354
lab7031,percent005_day1_case1,AP,tv_te_ss123,S015,ss2,Fx,0.0771440571093732,0.9550024532339462
lab7031,percent005_day1_case1,AP,tv_te_ss123,S015,ss2,Fz,0.0672313477087452,0.9730374594460848
lab7031,percent005_day1_case1,AP,tv_te_ss123,S016,ss2,Fx,0.0760722265627504,0.9605329986777148
lab7031,percent005_day1_case1,AP,tv_te_ss123,S016,ss2,Fz,0.1072745814758381,0.9476951119756316
lab7031,percent005_day1_case1,AP,tv_te_ss123,S017,ss2,Fx,0.0597072630180105,0.975944217067056
lab7031,percent005_day1_case1,AP,tv_te_ss123,S017,ss2,Fz,0.0621950241380078,0.9724571938111392
lab7031,percent005_day1_case1,AP,tv_te_ss123,S018,ss2,Fx,0.1237651566931894,0.8770039175457944
lab7031,percent005_day1_case1,AP,tv_te_ss123,S018,ss2,Fz,0.0945150621179929,0.9664819745588904
lab7031,percent005_day1_case1,AP,tv_te_ss123,S019,ss2,Fx,0.1514931181786843,0.8354048701353851
lab7031,percent005_day1_case1,AP,tv_te_ss123,S019,ss2,Fz,0.0788675824415264,0.963085878182213
lab7031,percent005_day1_case1,AP,tv_te_ss123,S001,ss3,Fx,0.0730960375585263,0.958622910220978
lab7031,percent005_day1_case1,AP,tv_te_ss123,S001,ss3,Fz,0.0841605876602479,0.963984870377094
lab7031,percent005_day1_case1,AP,tv_te_ss123,S002,ss3,Fx,0.1277498075685592,0.8263474394725452
lab7031,percent005_day1_case1,AP,tv_te_ss123,S002,ss3,Fz,0.0829734502777497,0.9651793371151166
lab7031,percent005_day1_case1,AP,tv_te_ss123,S003,ss3,Fx,0.0560425848937348,0.9798827325718884
lab7031,percent005_day1_case1,AP,tv_te_ss123,S003,ss3,Fz,0.0596280999596075,0.9849354893707152
lab7031,percent005_day1_case1,AP,tv_te_ss123,S004,ss3,Fx,0.0612570400365158,0.9724774266850228
lab7031,percent005_day1_case1,AP,tv_te_ss123,S004,ss3,Fz,0.0646962348616102,0.9800936895188233
lab7031,percent005_day1_case1,AP,tv_te_ss123,S005,ss3,Fx,0.0975114780650933,0.925937369777272
lab7031,percent005_day1_case1,AP,tv_te_ss123,S005,ss3,Fz,0.0999057687934761,0.9505961326479028
lab7031,percent005_day1_case1,AP,tv_te_ss123,S006,ss3,Fx,0.1287478544053286,0.8878549068736827
lab7031,percent005_day1_case1,AP,tv_te_ss123,S006,ss3,Fz,0.101697743655614,0.9622146024114788
lab7031,percent005_day1_case1,AP,tv_te_ss123,S007,ss3,Fx,0.0701461607724234,0.970838166255095
lab7031,percent005_day1_case1,AP,tv_te_ss123,S007,ss3,Fz,0.0912548538535705,0.9530144214285974
lab7031,percent005_day1_case1,AP,tv_te_ss123,S008,ss3,Fx,0.1077875146367503,0.9408903353655308
lab7031,percent005_day1_case1,AP,tv_te_ss123,S008,ss3,Fz,0.118109131404486,0.9567927221133076
lab7031,percent005_day1_case1,AP,tv_te_ss123,S009,ss3,Fx,0.1704991036509038,0.7467126983498978
lab7031,percent005_day1_case1,AP,tv_te_ss123,S009,ss3,Fz,0.1480872263270801,0.8928485043640845
lab7031,percent005_day1_case1,AP,tv_te_ss123,S010,ss3,Fx,0.0702608675924694,0.9611917273453552
lab7031,percent005_day1_case1,AP,tv_te_ss123,S010,ss3,Fz,0.0614232879631112,0.976357458065952
lab7031,percent005_day1_case1,AP,tv_te_ss123,S012,ss3,Fx,0.0581234582129331,0.9799039200381398
lab7031,percent005_day1_case1,AP,tv_te_ss123,S012,ss3,Fz,0.0960266778477783,0.9780059501873708
lab7031,percent005_day1_case1,AP,tv_te_ss123,S013,ss3,Fx,0.0813841731885905,0.9732465013954876
lab7031,percent005_day1_case1,AP,tv_te_ss123,S013,ss3,Fz,0.0798101475371235,0.9658893021238316
lab7031,percent005_day1_case1,AP,tv_te_ss123,S014,ss3,Fx,0.1862013536585314,0.6777843238046367
lab7031,percent005_day1_case1,AP,tv_te_ss123,S014,ss3,Fz,0.1368943391996767,0.9073525245145848
lab7031,percent005_day1_case1,AP,tv_te_ss123,S015,ss3,Fx,0.0658376092858496,0.9639111188904907
lab7031,percent005_day1_case1,AP,tv_te_ss123,S015,ss3,Fz,0.0483928581959095,0.9866165883470388
lab7031,percent005_day1_case1,AP,tv_te_ss123,S016,ss3,Fx,0.148243986433746,0.8333317858921978
lab7031,percent005_day1_case1,AP,tv_te_ss123,S016,ss3,Fz,0.1171106262083731,0.944840121335802
lab7031,percent005_day1_case1,AP,tv_te_ss123,S017,ss3,Fx,0.061109293558322,0.9673564313659904
lab7031,percent005_day1_case1,AP,tv_te_ss123,S017,ss3,Fz,0.1038481803124117,0.935313293398184
lab7031,percent005_day1_case1,AP,tv_te_ss123,S018,ss3,Fx,0.0572444378748039,0.9717820185082736
lab7031,percent005_day1_case1,AP,tv_te_ss123,S018,ss3,Fz,0.0645584423362629,0.9794936385576904
lab7031,percent005_day1_case1,AP,tv_te_ss123,S019,ss3,Fx,0.0936079063080613,0.938472876939085
lab7031,percent005_day1_case1,AP,tv_te_ss123,S019,ss3,Fz,0.0603858754975992,0.9785806391938164
lab7031,percent005_day1_case1,VT,tv_te_ss2,S001,ss2,Fx,0.0992881689525381,0.916408207411788
lab7031,percent005_day1_case1,VT,tv_te_ss2,S001,ss2,Fz,0.1322160369493482,0.9010753623516566
lab7031,percent005_day1_case1,VT,tv_te_ss2,S002,ss2,Fx,0.1269173302745448,0.853155253858741
lab7031,percent005_day1_case1,VT,tv_te_ss2,S002,ss2,Fz,0.0865802191738355,0.9495558128139958
lab7031,percent005_day1_case1,VT,tv_te_ss2,S003,ss2,Fx,0.1085927172991976,0.9184904860361592
lab7031,percent005_day1_case1,VT,tv_te_ss2,S003,ss2,Fz,0.0715619514055819,0.9708119218212292
lab7031,percent005_day1_case1,VT,tv_te_ss2,S004,ss2,Fx,0.1075028043629131,0.9117532255998558
lab7031,percent005_day1_case1,VT,tv_te_ss2,S004,ss2,Fz,0.1105296225031318,0.9283827347229398
lab7031,percent005_day1_case1,VT,tv_te_ss2,S005,ss2,Fx,0.1073218514194966,0.9268231212882349
lab7031,percent005_day1_case1,VT,tv_te_ss2,S005,ss2,Fz,0.1113277829586241,0.9268975134592964
lab7031,percent005_day1_case1,VT,tv_te_ss2,S006,ss2,Fx,0.1188310776414246,0.8961965221856344
lab7031,percent005_day1_case1,VT,tv_te_ss2,S006,ss2,Fz,0.0910419755862952,0.9481534835529626
lab7031,percent005_day1_case1,VT,tv_te_ss2,S007,ss2,Fx,0.1052862657752883,0.8992908348128873
lab7031,percent005_day1_case1,VT,tv_te_ss2,S007,ss2,Fz,0.0863933826031607,0.9463134911100888
lab7031,percent005_day1_case1,VT,tv_te_ss2,S008,ss2,Fx,0.1079561643844195,0.917720430325588
lab7031,percent005_day1_case1,VT,tv_te_ss2,S008,ss2,Fz,0.1061111187917578,0.9643348654035152
lab7031,percent005_day1_case1,VT,tv_te_ss2,S009,ss2,Fx,0.1677967792731131,0.803768426227954
lab7031,percent005_day1_case1,VT,tv_te_ss2,S009,ss2,Fz,0.142614382893393,0.8593315322096431
lab7031,percent005_day1_case1,VT,tv_te_ss2,S010,ss2,Fx,0.1287014882749157,0.8843856535353543
lab7031,percent005_day1_case1,VT,tv_te_ss2,S010,ss2,Fz,0.1035726155364052,0.9169779972788747
lab7031,percent005_day1_case1,VT,tv_te_ss2,S011,ss2,Fx,0.1343853766152715,0.8423717970267274
lab7031,percent005_day1_case1,VT,tv_te_ss2,S011,ss2,Fz,0.1177106965139103,0.9409561011759716
lab7031,percent005_day1_case1,VT,tv_te_ss2,S012,ss2,Fx,0.110681887619857,0.9155630437652118
lab7031,percent005_day1_case1,VT,tv_te_ss2,S012,ss2,Fz,0.0901235656894432,0.9697082738131082
lab7031,percent005_day1_case1,VT,tv_te_ss2,S013,ss2,Fx,0.0949122218987109,0.9309511263555196
lab7031,percent005_day1_case1,VT,tv_te_ss2,S013,ss2,Fz,0.1020623322129532,0.929733678384275
lab7031,percent005_day1_case1,VT,tv_te_ss2,S015,ss2,Fx,0.1086705932208822,0.9217833407336804
lab7031,percent005_day1_case1,VT,tv_te_ss2,S015,ss2,Fz,0.064990709752931,0.9701403385801188
lab7031,percent005_day1_case1,VT,tv_te_ss2,S016,ss2,Fx,0.0927359408438502,0.9393498299795856
lab7031,percent005_day1_case1,VT,tv_te_ss2,S016,ss2,Fz,0.1105192005702533,0.9349035018922938
lab7031,percent005_day1_case1,VT,tv_te_ss2,S017,ss2,Fx,0.0610593465468679,0.9717420219544526
lab7031,percent005_day1_case1,VT,tv_te_ss2,S017,ss2,Fz,0.0658723158041719,0.9637812013216868
lab7031,percent005_day1_case1,VT,tv_te_ss2,S018,ss2,Fx,0.1309461394681487,0.8614582521312479
lab7031,percent005_day1_case1,VT,tv_te_ss2,S018,ss2,Fz,0.0894606044854047,0.9574891324382556
lab7031,percent005_day1_case1,VT,tv_te_ss2,S019,ss2,Fx,0.1626299216688868,0.7981944532389401
lab7031,percent005_day1_case1,VT,tv_te_ss2,S019,ss2,Fz,0.0902380757301666,0.9480994174664592
lab7031,percent010_day1_case1,APVT,tv_ss1__te_ss2ss3,S001,ss2,Fx,0.1427347736488909,0.8413907182178509
lab7031,percent010_day1_case1,APVT,tv_ss1__te_ss2ss3,S001,ss2,Fz,0.1404168896462621,0.9011519056626974
lab7031,percent010_day1_case1,APVT,tv_ss1__te_ss2ss3,S002,ss2,Fx,0.1145644614126057,0.8787287190925841
lab7031,percent010_day1_case1,APVT,tv_ss1__te_ss2ss3,S002,ss2,Fz,0.08548728136354,0.9602966988309166
lab7031,percent010_day1_case1,APVT,tv_ss1__te_ss2ss3,S003,ss2,Fx,0.150825744462698,0.8396911124648959
lab7031,percent010_day1_case1,APVT,tv_ss1__te_ss2ss3,S003,ss2,Fz,0.1038189002080716,0.9322815083175062
lab7031,percent010_day1_case1,APVT,tv_ss1__te_ss2ss3,S004,ss2,Fx,0.1393075641550103,0.9305750165632596
lab7031,percent010_day1_case1,APVT,tv_ss1__te_ss2ss3,S004,ss2,Fz,0.1424909978074242,0.8948450874505021
lab7031,percent010_day1_case1,APVT,tv_ss1__te_ss2ss3,S005,ss2,Fx,0.1169602719946528,0.9098413383232002
lab7031,percent010_day1_case1,APVT,tv_ss1__te_ss2ss3,S005,ss2,Fz,0.1205648528156771,0.9166112179437128
lab7031,percent010_day1_case1,APVT,tv_ss1__te_ss2ss3,S006,ss2,Fx,0.1236693228971905,0.9056260178311862
lab7031,percent010_day1_case1,APVT,tv_ss1__te_ss2ss3,S006,ss2,Fz,0.0913999472163505,0.9586601558730924
lab7031,percent010_day1_case1,APVT,tv_ss1__te_ss2ss3,S007,ss2,Fx,0.1057322267139189,0.917433247066857
lab7031,percent010_day1_case1,APVT,tv_ss1__te_ss2ss3,S007,ss2,Fz,0.1009186582873344,0.929681195101449
lab7031,percent010_day1_case1,APVT,tv_ss1__te_ss2ss3,S008,ss2,Fx,0.1592817995268295,0.8049454040962275
lab7031,percent010_day1_case1,APVT,tv_ss1__te_ss2ss3,S008,ss2,Fz,0.1207075922683663,0.9355106141178232
lab7031,percent010_day1_case1,APVT,tv_ss1__te_ss2ss3,S009,ss2,Fx,0.1956644196584885,0.6514833423348831
lab7031,percent010_day1_case1,APVT,tv_ss1__te_ss2ss3,S009,ss2,Fz,0.1716207376051433,0.8150217138951757
lab7031,percent010_day1_case1,APVT,tv_ss1__te_ss2ss3,S010,ss2,Fx,0.1172048705835895,0.9338777826347812
lab7031,percent010_day1_case1,APVT,tv_ss1__te_ss2ss3,S010,ss2,Fz,0.0998671871407096,0.9277183406132676
lab7031,percent010_day1_case1,APVT,tv_ss1__te_ss2ss3,S011,ss2,Fx,0.1910209953521917,0.6117257708193898
lab7031,percent010_day1_case1,APVT,tv_ss1__te_ss2ss3,S011,ss2,Fz,0.1587267251314558,0.917483110937682
lab7031,percent010_day1_case1,APVT,tv_ss1__te_ss2ss3,S012,ss2,Fx,0.1306516083894834,0.8948988379272403
lab7031,percent010_day1_case1,APVT,tv_ss1__te_ss2ss3,S012,ss2,Fz,0.1234027791572647,0.9206870888448724
lab7031,percent010_day1_case1,APVT,tv_ss1__te_ss2ss3,S013,ss2,Fx,0.1057288280809795,0.9417874723500664
lab7031,percent010_day1_case1,APVT,tv_ss1__te_ss2ss3,S013,ss2,Fz,0.1188523817730942,0.9115200723339324
lab7031,percent010_day1_case1,APVT,tv_ss1__te_ss2ss3,S015,ss2,Fx,0.1190513149974589,0.8881817121213493
lab7031,percent010_day1_case1,APVT,tv_ss1__te_ss2ss3,S015,ss2,Fz,0.088994264011313,0.9492675622642648
lab7031,percent010_day1_case1,APVT,tv_ss1__te_ss2ss3,S016,ss2,Fx,0.1261891885118411,0.9006699166408502
lab7031,percent010_day1_case1,APVT,tv_ss1__te_ss2ss3,S016,ss2,Fz,0.1104538605498996,0.9350528340004682
lab7031,percent010_day1_case1,APVT,tv_ss1__te_ss2ss3,S017,ss2,Fx,0.0937600910035125,0.9311217512135244
lab7031,percent010_day1_case1,APVT,tv_ss1__te_ss2ss3,S017,ss2,Fz,0.0892230979606847,0.9603202160828516
lab7031,percent010_day1_case1,APVT,tv_ss1__te_ss2ss3,S018,ss2,Fx,0.1440903437656548,0.8826965536904824
lab7031,percent010_day1_case1,APVT,tv_ss1__te_ss2ss3,S018,ss2,Fz,0.1123733469795672,0.9337755602290536
lab7031,percent010_day1_case1,APVT,tv_ss1__te_ss2ss3,S019,ss2,Fx,0.1491272205023867,0.8328114687162695
lab7031,percent010_day1_case1,APVT,tv_ss1__te_ss2ss3,S019,ss2,Fz,0.1085774263311319,0.932503794817313
lab7031,percent010_day1_case1,APVT,tv_ss1__te_ss2ss3,S001,ss3,Fx,0.1876777614528519,0.6889266112329006
lab7031,percent010_day1_case1,APVT,tv_ss1__te_ss2ss3,S001,ss3,Fz,0.1602792115864208,0.8943131234977605
lab7031,percent010_day1_case1,APVT,tv_ss1__te_ss2ss3,S002,ss3,Fx,0.1568781536382866,0.8123632939944754
lab7031,percent010_day1_case1,APVT,tv_ss1__te_ss2ss3,S002,ss3,Fz,0.111299456348507,0.9559344389909912
lab7031,percent010_day1_case1,APVT,tv_ss1__te_ss2ss3,S003,ss3,Fx,0.1850783088825719,0.7493863952566757
lab7031,percent010_day1_case1,APVT,tv_ss1__te_ss2ss3,S003,ss3,Fz,0.1216311327381827,0.940934004553724
lab7031,percent010_day1_case1,APVT,tv_ss1__te_ss2ss3,S004,ss3,Fx,0.1755810803909409,0.8333089708822968
lab7031,percent010_day1_case1,APVT,tv_ss1__te_ss2ss3,S004,ss3,Fz,0.150835732224045,0.8804090897188216
lab7031,percent010_day1_case1,APVT,tv_ss1__te_ss2ss3,S005,ss3,Fx,0.1903095316999343,0.6731863895822392
lab7031,percent010_day1_case1,APVT,tv_ss1__te_ss2ss3,S005,ss3,Fz,0.1391548512467291,0.914206352994842
lab7031,percent010_day1_case1,APVT,tv_ss1__te_ss2ss3,S006,ss3,Fx,0.1912892386628657,0.7162380935378024
lab7031,percent010_day1_case1,APVT,tv_ss1__te_ss2ss3,S006,ss3,Fz,0.1190495504306328,0.954045454295946
lab7031,percent010_day1_case1,APVT,tv_ss1__te_ss2ss3,S007,ss3,Fx,0.1377867339015566,0.8723486721050979
lab7031,percent010_day1_case1,APVT,tv_ss1__te_ss2ss3,S007,ss3,Fz,0.1283665724819231,0.9315584172507396
lab7031,percent010_day1_case1,APVT,tv_ss1__te_ss2ss3,S008,ss3,Fx,0.1962052327185011,0.7431291114731007
lab7031,percent010_day1_case1,APVT,tv_ss1__te_ss2ss3,S008,ss3,Fz,0.1358446578862277,0.9325866813461928
lab7031,percent010_day1_case1,APVT,tv_ss1__te_ss2ss3,S009,ss3,Fx,0.2555912489586461,0.2554269573594063
lab7031,percent010_day1_case1,APVT,tv_ss1__te_ss2ss3,S009,ss3,Fz,0.1908049004539802,0.8692035971210479
lab7031,percent010_day1_case1,APVT,tv_ss1__te_ss2ss3,S010,ss3,Fx,0.1306905121911036,0.9261352292007058
lab7031,percent010_day1_case1,APVT,tv_ss1__te_ss2ss3,S010,ss3,Fz,0.1050429673030917,0.9552913806745232
lab7031,percent010_day1_case1,APVT,tv_ss1__te_ss2ss3,S012,ss3,Fx,0.1534550819517495,0.8688515398187517
lab7031,percent010_day1_case1,APVT,tv_ss1__te_ss2ss3,S012,ss3,Fz,0.1347817986227593,0.9430327173987236
lab7031,percent010_day1_case1,APVT,tv_ss1__te_ss2ss3,S013,ss3,Fx,0.1779827392106697,0.7800021989260132
lab7031,percent010_day1_case1,APVT,tv_ss1__te_ss2ss3,S013,ss3,Fz,0.1422218462584504,0.9056257749556196
lab7031,percent010_day1_case1,APVT,tv_ss1__te_ss2ss3,S014,ss3,Fx,0.252609350057157,0.2267397018347976
lab7031,percent010_day1_case1,APVT,tv_ss1__te_ss2ss3,S014,ss3,Fz,0.1933073381342964,0.8032384124038233
lab7031,percent010_day1_case1,APVT,tv_ss1__te_ss2ss3,S015,ss3,Fx,0.1877687055196493,0.6624709185531761
lab7031,percent010_day1_case1,APVT,tv_ss1__te_ss2ss3,S015,ss3,Fz,0.1239373662478319,0.9059371938076256
lab7031,percent010_day1_case1,APVT,tv_ss1__te_ss2ss3,S016,ss3,Fx,0.1272495108137239,0.916110902166288
lab7031,percent010_day1_case1,APVT,tv_ss1__te_ss2ss3,S016,ss3,Fz,0.1321067285549909,0.91944031103931
lab7031,percent010_day1_case1,APVT,tv_ss1__te_ss2ss3,S017,ss3,Fx,0.1533601790516828,0.8440050061336887
lab7031,percent010_day1_case1,APVT,tv_ss1__te_ss2ss3,S017,ss3,Fz,0.1429808819490558,0.9039775927795068
lab7031,percent010_day1_case1,APVT,tv_ss1__te_ss2ss3,S018,ss3,Fx,0.1557472479074842,0.8628924545231843
lab7031,percent010_day1_case1,APVT,tv_ss1__te_ss2ss3,S018,ss3,Fz,0.1358745442953877,0.9150986761259062
lab7031,percent010_day1_case1,APVT,tv_ss1__te_ss2ss3,S019,ss3,Fx,0.2063198350456949,0.6523349847842183
lab7031,percent010_day1_case1,APVT,tv_ss1__te_ss2ss3,S019,ss3,Fz,0.1227808038035379,0.94927817612718
lab7031,percent010_day1_case1,AP,tv_ss2__te_ss1ss3,S001,ss1,Fx,0.1551861926120708,0.9093599521144048
lab7031,percent010_day1_case1,AP,tv_ss2__te_ss1ss3,S001,ss1,Fz,0.0940684538074999,0.9425588565852964
lab7031,percent010_day1_case1,AP,tv_ss2__te_ss1ss3,S002,ss1,Fx,0.2170835650419992,0.6949723384379224
lab7031,percent010_day1_case1,AP,tv_ss2__te_ss1ss3,S002,ss1,Fz,0.1598550215638894,0.808079239513805
lab7031,percent010_day1_case1,AP,tv_ss2__te_ss1ss3,S003,ss1,Fx,0.0963724127863362,0.9422585923460652
lab7031,percent010_day1_case1,AP,tv_ss2__te_ss1ss3,S003,ss1,Fz,0.1115840173140708,0.9267739433511868
lab7031,percent010_day1_case1,AP,tv_ss2__te_ss1ss3,S004,ss1,Fx,0.1026002194091318,0.939727946538252
lab7031,percent010_day1_case1,AP,tv_ss2__te_ss1ss3,S004,ss1,Fz,0.1089042725840852,0.9565065221754
lab7031,percent010_day1_case1,AP,tv_ss2__te_ss1ss3,S005,ss1,Fx,0.1309731207896748,0.9055445801494714
lab7031,percent010_day1_case1,AP,tv_ss2__te_ss1ss3,S005,ss1,Fz,0.1363419035122625,0.8877487769551737
lab7031,percent010_day1_case1,AP,tv_ss2__te_ss1ss3,S006,ss1,Fx,0.0878796745601337,0.9632346158659284
lab7031,percent010_day1_case1,AP,tv_ss2__te_ss1ss3,S006,ss1,Fz,0.1107745833413719,0.9107701666487448
lab7031,percent010_day1_case1,AP,tv_ss2__te_ss1ss3,S007,ss1,Fx,0.1121337677212735,0.9280602367320532
lab7031,percent010_day1_case1,AP,tv_ss2__te_ss1ss3,S007,ss1,Fz,0.122819419685927,0.9034524421951382
lab7031,percent010_day1_case1,AP,tv_ss2__te_ss1ss3,S008,ss1,Fx,0.099479095066215,0.9320893175444542
lab7031,percent010_day1_case1,AP,tv_ss2__te_ss1ss3,S008,ss1,Fz,0.1423516822606997,0.9256825387771934
lab7031,percent010_day1_case1,AP,tv_ss2__te_ss1ss3,S009,ss1,Fx,0.2295136383950353,0.7259192491448456
lab7031,percent010_day1_case1,AP,tv_ss2__te_ss1ss3,S009,ss1,Fz,0.1976803977876121,0.8008718593832831
lab7031,percent010_day1_case1,AP,tv_ss2__te_ss1ss3,S010,ss1,Fx,0.2078687113281074,0.7294742641417375
lab7031,percent010_day1_case1,AP,tv_ss2__te_ss1ss3,S010,ss1,Fz,0.1313865048189735,0.8443495944205625
lab7031,percent010_day1_case1,AP,tv_ss2__te_ss1ss3,S011,ss1,Fx,0.1423606801142599,0.9144223507309782
lab7031,percent010_day1_case1,AP,tv_ss2__te_ss1ss3,S011,ss1,Fz,0.130901902794399,0.9342247570159408
lab7031,percent010_day1_case1,AP,tv_ss2__te_ss1ss3,S012,ss1,Fx,0.0949002333776195,0.9404058397819168
lab7031,percent010_day1_case1,AP,tv_ss2__te_ss1ss3,S012,ss1,Fz,0.1038681366721084,0.9232380161930912
lab7031,percent010_day1_case1,AP,tv_ss2__te_ss1ss3,S013,ss1,Fx,0.121623545430374,0.9202201350133984
lab7031,percent010_day1_case1,AP,tv_ss2__te_ss1ss3,S013,ss1,Fz,0.1418929147081012,0.8646161470757475
lab7031,percent010_day1_case1,AP,tv_ss2__te_ss1ss3,S015,ss1,Fx,0.1368632324090753,0.9226273038767157
lab7031,percent010_day1_case1,AP,tv_ss2__te_ss1ss3,S015,ss1,Fz,0.0983744336811466,0.9247790952175698
lab7031,percent010_day1_case1,AP,tv_ss2__te_ss1ss3,S016,ss1,Fx,0.2552288768290849,0.5560603224177717
lab7031,percent010_day1_case1,AP,tv_ss2__te_ss1ss3,S016,ss1,Fz,0.1901225315929767,0.7831720234412325
lab7031,percent010_day1_case1,AP,tv_ss2__te_ss1ss3,S017,ss1,Fx,0.1542577903335397,0.9325877015134966
lab7031,percent010_day1_case1,AP,tv_ss2__te_ss1ss3,S017,ss1,Fz,0.0712316244886908,0.9519098055531684
lab7031,percent010_day1_case1,AP,tv_ss2__te_ss1ss3,S018,ss1,Fx,0.1558389100416326,0.8438156092179289
lab7031,percent010_day1_case1,AP,tv_ss2__te_ss1ss3,S018,ss1,Fz,0.1118967578685392,0.94244802600779
lab7031,percent010_day1_case1,AP,tv_ss2__te_ss1ss3,S019,ss1,Fx,0.1675817464887602,0.8984641503238564
lab7031,percent010_day1_case1,AP,tv_ss2__te_ss1ss3,S019,ss1,Fz,0.1010206055888984,0.943032676155648
lab7031,percent010_day1_case1,AP,tv_ss2__te_ss1ss3,S001,ss3,Fx,0.1175710312811472,0.8859226392457876
lab7031,percent010_day1_case1,AP,tv_ss2__te_ss1ss3,S001,ss3,Fz,0.0973042424334234,0.9612261722144956
lab7031,percent010_day1_case1,AP,tv_ss2__te_ss1ss3,S002,ss3,Fx,0.0975054057423895,0.920515324595914
lab7031,percent010_day1_case1,AP,tv_ss2__te_ss1ss3,S002,ss3,Fz,0.0863885626535543,0.9628094344222564
lab7031,percent010_day1_case1,AP,tv_ss2__te_ss1ss3,S003,ss3,Fx,0.107823712142092,0.9122910588912064
lab7031,percent010_day1_case1,AP,tv_ss2__te_ss1ss3,S003,ss3,Fz,0.0705148458500977,0.978568918441145
lab7031,percent010_day1_case1,AP,tv_ss2__te_ss1ss3,S004,ss3,Fx,0.1291706076087519,0.8611712099171527
lab7031,percent010_day1_case1,AP,tv_ss2__te_ss1ss3,S004,ss3,Fz,0.0963714637133854,0.9617928885753064
lab7031,percent010_day1_case1,AP,tv_ss2__te_ss1ss3,S005,ss3,Fx,0.1367385433674357,0.8528232791294384
lab7031,percent010_day1_case1,AP,tv_ss2__te_ss1ss3,S005,ss3,Fz,0.1281467491999239,0.9092471068073812
lab7031,percent010_day1_case1,AP,tv_ss2__te_ss1ss3,S006,ss3,Fx,0.1478310269930602,0.8315452672792216
lab7031,percent010_day1_case1,AP,tv_ss2__te_ss1ss3,S006,ss3,Fz,0.0964619018982198,0.9586920655579306
lab7031,percent010_day1_case1,AP,tv_ss2__te_ss1ss3,S007,ss3,Fx,0.0894350805981899,0.9508706374704364
lab7031,percent010_day1_case1,AP,tv_ss2__te_ss1ss3,S007,ss3,Fz,0.0802100852834109,0.9627918845871988
lab7031,percent010_day1_case1,AP,tv_ss2__te_ss1ss3,S008,ss3,Fx,0.1415372797788228,0.8883218775221614
lab7031,percent010_day1_case1,AP,tv_ss2__te_ss1ss3,S008,ss3,Fz,0.1167223834812738,0.9606292246772232
lab7031,percent010_day1_case1,AP,tv_ss2__te_ss1ss3,S009,ss3,Fx,0.1536432975462772,0.8023360287618558
lab7031,percent010_day1_case1,AP,tv_ss2__te_ss1ss3,S009,ss3,Fz,0.1407444807769309,0.9266194710362844
lab7031,percent010_day1_case1,AP,tv_ss2__te_ss1ss3,S010,ss3,Fx,0.075863634046452,0.9651951044156344
lab7031,percent010_day1_case1,AP,tv_ss2__te_ss1ss3,S010,ss3,Fz,0.0819388281205157,0.9572877644139346
lab7031,percent010_day1_case1,AP,tv_ss2__te_ss1ss3,S012,ss3,Fx,0.0877778098259507,0.9613019016829082
lab7031,percent010_day1_case1,AP,tv_ss2__te_ss1ss3,S012,ss3,Fz,0.0848377846860275,0.9730884274785002
lab7031,percent010_day1_case1,AP,tv_ss2__te_ss1ss3,S013,ss3,Fx,0.1192469426863722,0.8937028541343668
lab7031,percent010_day1_case1,AP,tv_ss2__te_ss1ss3,S013,ss3,Fz,0.0956286564708758,0.9492299090827032
lab7031,percent010_day1_case1,AP,tv_ss2__te_ss1ss3,S015,ss3,Fx,0.0999756581149029,0.9254048747808964
lab7031,percent010_day1_case1,AP,tv_ss2__te_ss1ss3,S015,ss3,Fz,0.0851081411408591,0.9628096938466868
lab7031,percent010_day1_case1,AP,tv_ss2__te_ss1ss3,S016,ss3,Fx,0.1205729400152308,0.8851828803546896
lab7031,percent010_day1_case1,AP,tv_ss2__te_ss1ss3,S016,ss3,Fz,0.1332584129974105,0.9037732813990472
lab7031,percent010_day1_case1,AP,tv_ss2__te_ss1ss3,S017,ss3,Fx,0.1009760271573997,0.9112842296310422
lab7031,percent010_day1_case1,AP,tv_ss2__te_ss1ss3,S017,ss3,Fz,0.0996185581218945,0.9471523609529694
lab7031,percent010_day1_case1,AP,tv_ss2__te_ss1ss3,S018,ss3,Fx,0.120696602808647,0.8793924690224602
lab7031,percent010_day1_case1,AP,tv_ss2__te_ss1ss3,S018,ss3,Fz,0.093304298682116,0.9642588361203628
lab7031,percent010_day1_case1,AP,tv_ss2__te_ss1ss3,S019,ss3,Fx,0.1289556444319888,0.8789912603792533
lab7031,percent010_day1_case1,AP,tv_ss2__te_ss1ss3,S019,ss3,Fz,0.0864951614070769,0.9647703232505744
lab7031,percent010_day1_case1,AP,tv_ss3__te_ss1ss2,S001,ss1,Fx,0.2035984370191888,0.8738989620679773
lab7031,percent010_day1_case1,AP,tv_ss3__te_ss1ss2,S001,ss1,Fz,0.1374950172647809,0.9199972654144783
lab7031,percent010_day1_case1,AP,tv_ss3__te_ss1ss2,S002,ss1,Fx,0.3977824196848878,0.5761261056953659
lab7031,percent010_day1_case1,AP,tv_ss3__te_ss1ss2,S002,ss1,Fz,0.1936735119932091,0.7410240278583154
lab7031,percent010_day1_case1,AP,tv_ss3__te_ss1ss2,S003,ss1,Fx,0.2064456311039774,0.6818701904030446
lab7031,percent010_day1_case1,AP,tv_ss3__te_ss1ss2,S003,ss1,Fz,0.2195032632668608,0.8812347239130593
lab7031,percent010_day1_case1,AP,tv_ss3__te_ss1ss2,S004,ss1,Fx,0.1759644680989515,0.809276678198627
lab7031,percent010_day1_case1,AP,tv_ss3__te_ss1ss2,S004,ss1,Fz,0.2130660511703125,0.8750376228264748
lab7031,percent010_day1_case1,AP,tv_ss3__te_ss1ss2,S005,ss1,Fx,0.1805272550803245,0.8468939223927402
lab7031,percent010_day1_case1,AP,tv_ss3__te_ss1ss2,S005,ss1,Fz,0.2131741790535472,0.839567571074912
lab7031,percent010_day1_case1,AP,tv_ss3__te_ss1ss2,S006,ss1,Fx,0.1515791671313349,0.8750374210177995
lab7031,percent010_day1_case1,AP,tv_ss3__te_ss1ss2,S006,ss1,Fz,0.1789250688872622,0.905585670037706
lab7031,percent010_day1_case1,AP,tv_ss3__te_ss1ss2,S007,ss1,Fx,0.1765809927309153,0.9067529527315517
lab7031,percent010_day1_case1,AP,tv_ss3__te_ss1ss2,S007,ss1,Fz,0.2546502013694857,0.8962233883099489
lab7031,percent010_day1_case1,AP,tv_ss3__te_ss1ss2,S008,ss1,Fx,0.1415722780513811,0.91909307983074
lab7031,percent010_day1_case1,AP,tv_ss3__te_ss1ss2,S008,ss1,Fz,0.2373611593213433,0.8825919776578834
lab7031,percent010_day1_case1,AP,tv_ss3__te_ss1ss2,S009,ss1,Fx,0.317951205259078,0.4924227082403882
lab7031,percent010_day1_case1,AP,tv_ss3__te_ss1ss2,S009,ss1,Fz,0.2448388060173268,0.7808365034498507
lab7031,percent010_day1_case1,AP,tv_ss3__te_ss1ss2,S010,ss1,Fx,0.2978028619657238,0.5350830796919621
lab7031,percent010_day1_case1,AP,tv_ss3__te_ss1ss2,S010,ss1,Fz,0.1621449978743518,0.8208791045073159
lab7031,percent010_day1_case1,AP,tv_ss3__te_ss1ss2,S012,ss1,Fx,0.2365949669193999,0.6232756199759036
lab7031,percent010_day1_case1,AP,tv_ss3__te_ss1ss2,S012,ss1,Fz,0.2773986758418428,0.7961394782449809
lab7031,percent010_day1_case1,AP,tv_ss3__te_ss1ss2,S013,ss1,Fx,0.2184721619832297,0.632318277722272
lab7031,percent010_day1_case1,AP,tv_ss3__te_ss1ss2,S013,ss1,Fz,0.4833767167904124,0.8495759598514458
lab7031,percent010_day1_case1,AP,tv_ss3__te_ss1ss2,S014,ss1,Fx,0.1613697102162768,0.8474344382572819
lab7031,percent010_day1_case1,AP,tv_ss3__te_ss1ss2,S014,ss1,Fz,0.3366457033467218,0.7977068578029579
lab7031,percent010_day1_case1,AP,tv_ss3__te_ss1ss2,S015,ss1,Fx,0.2375308762846664,0.8123872457727006
lab7031,percent010_day1_case1,AP,tv_ss3__te_ss1ss2,S015,ss1,Fz,0.1415645956786965,0.8691337076665508
lab7031,percent010_day1_case1,AP,tv_ss3__te_ss1ss2,S016,ss1,Fx,0.2921966934125355,0.5141569270695546
lab7031,percent010_day1_case1,AP,tv_ss3__te_ss1ss2,S016,ss1,Fz,0.2588484582729447,0.7110722024415415
lab7031,percent010_day1_case1,AP,tv_ss3__te_ss1ss2,S017,ss1,Fx,0.245935343365423,0.6662252829814318
lab7031,percent010_day1_case1,AP,tv_ss3__te_ss1ss2,S017,ss1,Fz,0.1364610931918692,0.8275548169338452
lab7031,percent010_day1_case1,AP,tv_ss3__te_ss1ss2,S018,ss1,Fx,0.3212743624405288,0.6048035645684567
lab7031,percent010_day1_case1,AP,tv_ss3__te_ss1ss2,S018,ss1,Fz,0.2599999554262683,0.8592252246373278
lab7031,percent010_day1_case1,AP,tv_ss3__te_ss1ss2,S019,ss1,Fx,0.2105596432578772,0.7938179522162779
lab7031,percent010_day1_case1,AP,tv_ss3__te_ss1ss2,S019,ss1,Fz,0.1558708445259348,0.9188455981802413
lab7031,percent010_day1_case1,AP,tv_ss3__te_ss1ss2,S001,ss2,Fx,0.1107895187704451,0.9294419127655285
lab7031,percent010_day1_case1,AP,tv_ss3__te_ss1ss2,S001,ss2,Fz,0.0915018876051242,0.9647110686868708
lab7031,percent010_day1_case1,AP,tv_ss3__te_ss1ss2,S002,ss2,Fx,0.2270519159758133,0.6999223694278122
lab7031,percent010_day1_case1,AP,tv_ss3__te_ss1ss2,S002,ss2,Fz,0.1215204554133149,0.9090539148679042
lab7031,percent010_day1_case1,AP,tv_ss3__te_ss1ss2,S003,ss2,Fx,0.0967895705922782,0.9366789273559292
lab7031,percent010_day1_case1,AP,tv_ss3__te_ss1ss2,S003,ss2,Fz,0.1095194770715206,0.971413749020175
lab7031,percent010_day1_case1,AP,tv_ss3__te_ss1ss2,S004,ss2,Fx,0.0999058227530303,0.9263652004423648
lab7031,percent010_day1_case1,AP,tv_ss3__te_ss1ss2,S004,ss2,Fz,0.1229775526131151,0.9407490200328292
lab7031,percent010_day1_case1,AP,tv_ss3__te_ss1ss2,S005,ss2,Fx,0.1261552030933009,0.8971996428184705
lab7031,percent010_day1_case1,AP,tv_ss3__te_ss1ss2,S005,ss2,Fz,0.1453719256607994,0.915463549334632
lab7031,percent010_day1_case1,AP,tv_ss3__te_ss1ss2,S006,ss2,Fx,0.1056173858371888,0.925787305568085
lab7031,percent010_day1_case1,AP,tv_ss3__te_ss1ss2,S006,ss2,Fz,0.0918581803106977,0.9599054371610812
lab7031,percent010_day1_case1,AP,tv_ss3__te_ss1ss2,S007,ss2,Fx,0.0945400804850809,0.9455736330536508
lab7031,percent010_day1_case1,AP,tv_ss3__te_ss1ss2,S007,ss2,Fz,0.1192859556369227,0.9617073268591966
lab7031,percent010_day1_case1,AP,tv_ss3__te_ss1ss2,S008,ss2,Fx,0.1169063765685985,0.908238739286678
lab7031,percent010_day1_case1,AP,tv_ss3__te_ss1ss2,S008,ss2,Fz,0.1312443797067065,0.9536822476706278
lab7031,percent010_day1_case1,AP,tv_ss3__te_ss1ss2,S009,ss2,Fx,0.2393414735532925,0.6274077642146936
lab7031,percent010_day1_case1,AP,tv_ss3__te_ss1ss2,S009,ss2,Fz,0.1407882589013484,0.9171664304368882
lab7031,percent010_day1_case1,AP,tv_ss3__te_ss1ss2,S010,ss2,Fx,0.1401473327684559,0.8734859440154781
lab7031,percent010_day1_case1,AP,tv_ss3__te_ss1ss2,S010,ss2,Fz,0.1056855727322656,0.933562434486954
lab7031,percent010_day1_case1,AP,tv_ss3__te_ss1ss2,S012,ss2,Fx,0.1216812596946567,0.885972989983961
lab7031,percent010_day1_case1,AP,tv_ss3__te_ss1ss2,S012,ss2,Fz,0.1094113595078815,0.945585336686628
lab7031,percent010_day1_case1,AP,tv_ss3__te_ss1ss2,S013,ss2,Fx,0.1320733215091695,0.9013224421478344
lab7031,percent010_day1_case1,AP,tv_ss3__te_ss1ss2,S013,ss2,Fz,0.1473456738194351,0.9333422868923004
lab7031,percent010_day1_case1,AP,tv_ss3__te_ss1ss2,S015,ss2,Fx,0.154190162526215,0.9203667199650756
lab7031,percent010_day1_case1,AP,tv_ss3__te_ss1ss2,S015,ss2,Fz,0.0677904111718518,0.974315097914888
lab7031,percent010_day1_case1,AP,tv_ss3__te_ss1ss2,S016,ss2,Fx,0.095177929010803,0.940295017425038
lab7031,percent010_day1_case1,AP,tv_ss3__te_ss1ss2,S016,ss2,Fz,0.1431090466831859,0.945412457650989
lab7031,percent010_day1_case1,AP,tv_ss3__te_ss1ss2,S017,ss2,Fx,0.1015203821109544,0.9460398249223726
lab7031,percent010_day1_case1,AP,tv_ss3__te_ss1ss2,S017,ss2,Fz,0.0607323771167667,0.9658210922972748
lab7031,percent010_day1_case1,AP,tv_ss3__te_ss1ss2,S018,ss2,Fx,0.1333268276850301,0.8872799039261443
lab7031,percent010_day1_case1,AP,tv_ss3__te_ss1ss2,S018,ss2,Fz,0.0978591480149936,0.9638759072277818
lab7031,percent010_day1_case1,AP,tv_ss3__te_ss1ss2,S019,ss2,Fx,0.186628250014793,0.8151031424246291
lab7031,percent010_day1_case1,AP,tv_ss3__te_ss1ss2,S019,ss2,Fz,0.1012200106576327,0.9562259527329544
lab7031,percent010_day1_case1,APVT,tv_te_ss1,S001,ss1,Fx,0.1163278106223865,0.8677897603366213
lab7031,percent010_day1_case1,APVT,tv_te_ss1,S001,ss1,Fz,0.1213050877022848,0.9065946527866804
lab7031,percent010_day1_case1,APVT,tv_te_ss1,S002,ss1,Fx,0.1348316546605725,0.8504746028542849
lab7031,percent010_day1_case1,APVT,tv_te_ss1,S002,ss1,Fz,0.0903877288566343,0.9312212260918514
lab7031,percent010_day1_case1,APVT,tv_te_ss1,S003,ss1,Fx,0.0997499989036689,0.9189888509746474
lab7031,percent010_day1_case1,APVT,tv_te_ss1,S003,ss1,Fz,0.0957403498583879,0.9382848498789504
lab7031,percent010_day1_case1,APVT,tv_te_ss1,S004,ss1,Fx,0.0862255546886913,0.948023786624325
lab7031,percent010_day1_case1,APVT,tv_te_ss1,S004,ss1,Fz,0.0989144426487725,0.9509020097258032
lab7031,percent010_day1_case1,APVT,tv_te_ss1,S005,ss1,Fx,0.0994756339903442,0.9260350107585436
lab7031,percent010_day1_case1,APVT,tv_te_ss1,S005,ss1,Fz,0.123904262847881,0.9166882636040472
lab7031,percent010_day1_case1,APVT,tv_te_ss1,S006,ss1,Fx,0.0822326181126532,0.9525713485360392
lab7031,percent010_day1_case1,APVT,tv_te_ss1,S006,ss1,Fz,0.0873219782189578,0.9426744748854804
lab7031,percent010_day1_case1,APVT,tv_te_ss1,S007,ss1,Fx,0.1122866004667815,0.880311166362029
lab7031,percent010_day1_case1,APVT,tv_te_ss1,S007,ss1,Fz,0.0985253911574198,0.9295119979412816
lab7031,percent010_day1_case1,APVT,tv_te_ss1,S008,ss1,Fx,0.0898711800624271,0.9371918339007644
lab7031,percent010_day1_case1,APVT,tv_te_ss1,S008,ss1,Fz,0.1214306999072387,0.936035780588019
lab7031,percent010_day1_case1,APVT,tv_te_ss1,S009,ss1,Fx,0.1590971107499934,0.7314290571336447
lab7031,percent010_day1_case1,APVT,tv_te_ss1,S009,ss1,Fz,0.1783224728459477,0.7757935900292554
lab7031,percent010_day1_case1,APVT,tv_te_ss1,S010,ss1,Fx,0.1416840848585224,0.8554638122326201
lab7031,percent010_day1_case1,APVT,tv_te_ss1,S010,ss1,Fz,0.106289429812411,0.8965562698811725
lab7031,percent010_day1_case1,APVT,tv_te_ss1,S011,ss1,Fx,0.106481252006593,0.9202074755032352
lab7031,percent010_day1_case1,APVT,tv_te_ss1,S011,ss1,Fz,0.1333570164169497,0.9441231550427938
lab7031,percent010_day1_case1,APVT,tv_te_ss1,S012,ss1,Fx,0.092890496576816,0.9418032554117132
lab7031,percent010_day1_case1,APVT,tv_te_ss1,S012,ss1,Fz,0.1219972466081369,0.9051064977064008
lab7031,percent010_day1_case1,APVT,tv_te_ss1,S013,ss1,Fx,0.1127573986804754,0.8931133580657942
lab7031,percent010_day1_case1,APVT,tv_te_ss1,S013,ss1,Fz,0.1075759370104377,0.9141209542679364
lab7031,percent010_day1_case1,APVT,tv_te_ss1,S014,ss1,Fx,0.100396892942378,0.9246096918913342
lab7031,percent010_day1_case1,APVT,tv_te_ss1,S014,ss1,Fz,0.1427818873045519,0.8462785149811132
lab7031,percent010_day1_case1,APVT,tv_te_ss1,S015,ss1,Fx,0.1119695952941494,0.8885081882559088
lab7031,percent010_day1_case1,APVT,tv_te_ss1,S015,ss1,Fz,0.0973539853601652,0.9390421905537344
lab7031,percent010_day1_case1,APVT,tv_te_ss1,S016,ss1,Fx,0.2279271947814908,0.58524215592918
lab7031,percent010_day1_case1,APVT,tv_te_ss1,S016,ss1,Fz,0.17021808927214,0.7950708168760259
lab7031,percent010_day1_case1,APVT,tv_te_ss1,S017,ss1,Fx,0.0913481669491605,0.954145307550562
lab7031,percent010_day1_case1,APVT,tv_te_ss1,S017,ss1,Fz,0.0822376101168377,0.9529168505542992
lab7031,percent010_day1_case1,APVT,tv_te_ss1,S018,ss1,Fx,0.1215403565862195,0.8908374701936967
lab7031,percent010_day1_case1,APVT,tv_te_ss1,S018,ss1,Fz,0.0852878616396682,0.9631454111789276
lab7031,percent010_day1_case1,APVT,tv_te_ss1,S019,ss1,Fx,0.1310041937307399,0.8756197003195281
lab7031,percent010_day1_case1,APVT,tv_te_ss1,S019,ss1,Fz,0.0876198357422243,0.9455477395092328
lab7031,percent010_day1_case1,AP,tv_te_ss123,S001,ss1,Fx,0.1213011512821638,0.9445423045472484
lab7031,percent010_day1_case1,AP,tv_te_ss123,S001,ss1,Fz,0.091621973018294,0.9405268217477216
lab7031,percent010_day1_case1,AP,tv_te_ss123,S002,ss1,Fx,0.1397998422829987,0.8075844928071726
lab7031,percent010_day1_case1,AP,tv_te_ss123,S002,ss1,Fz,0.1041202583028994,0.9151731022558396
lab7031,percent010_day1_case1,AP,tv_te_ss123,S003,ss1,Fx,0.0952373443859539,0.9340212761448496
lab7031,percent010_day1_case1,AP,tv_te_ss123,S003,ss1,Fz,0.0778037937572931,0.9547447735298314
lab7031,percent010_day1_case1,AP,tv_te_ss123,S004,ss1,Fx,0.0854227269231897,0.9375431496508468
lab7031,percent010_day1_case1,AP,tv_te_ss123,S004,ss1,Fz,0.0964305647703656,0.960756083989374
lab7031,percent010_day1_case1,AP,tv_te_ss123,S005,ss1,Fx,0.0970349360312356,0.936323234257174
lab7031,percent010_day1_case1,AP,tv_te_ss123,S005,ss1,Fz,0.1134068930213909,0.9290934851599196
lab7031,percent010_day1_case1,AP,tv_te_ss123,S006,ss1,Fx,0.0793536346998078,0.9596787518627896
lab7031,percent010_day1_case1,AP,tv_te_ss123,S006,ss1,Fz,0.0843611555861317,0.9476875392850356
lab7031,percent010_day1_case1,AP,tv_te_ss123,S007,ss1,Fx,0.0865116569138639,0.9445092093232524
lab7031,percent010_day1_case1,AP,tv_te_ss123,S007,ss1,Fz,0.098471281286076,0.9355934193344886
lab7031,percent010_day1_case1,AP,tv_te_ss123,S008,ss1,Fx,0.0689111443335496,0.9640301782943856
lab7031,percent010_day1_case1,AP,tv_te_ss123,S008,ss1,Fz,0.136764601458137,0.9510778812093588
lab7031,percent010_day1_case1,AP,tv_te_ss123,S009,ss1,Fx,0.170353505160205,0.862044550279124
lab7031,percent010_day1_case1,AP,tv_te_ss123,S009,ss1,Fz,0.160357365191935,0.8338641649461426
lab7031,percent010_day1_case1,AP,tv_te_ss123,S010,ss1,Fx,0.121846515067214,0.8846948393689065
lab7031,percent010_day1_case1,AP,tv_te_ss123,S010,ss1,Fz,0.0900584509881441,0.9216732247320428
lab7031,percent010_day1_case1,AP,tv_te_ss123,S011,ss1,Fx,0.1087085711366662,0.9445484471607488
lab7031,percent010_day1_case1,AP,tv_te_ss123,S011,ss1,Fz,0.129434101381572,0.9562713901788662
lab7031,percent010_day1_case1,AP,tv_te_ss123,S012,ss1,Fx,0.0808401748227662,0.9556761598477383
lab7031,percent010_day1_case1,AP,tv_te_ss123,S012,ss1,Fz,0.093390945335778,0.9387012472971796
lab7031,percent010_day1_case1,AP,tv_te_ss123,S013,ss1,Fx,0.0999919081018276,0.9381779663075512
lab7031,percent010_day1_case1,AP,tv_te_ss123,S013,ss1,Fz,0.1097112081165765,0.9035770202083176
lab7031,percent010_day1_case1,AP,tv_te_ss123,S014,ss1,Fx,0.084172413264717,0.9484806018217186
lab7031,percent010_day1_case1,AP,tv_te_ss123,S014,ss1,Fz,0.1221373827618454,0.8976401603896945
lab7031,percent010_day1_case1,AP,tv_te_ss123,S015,ss1,Fx,0.0939543677858751,0.9282288241760276
lab7031,percent010_day1_case1,AP,tv_te_ss123,S015,ss1,Fz,0.0662163003865018,0.9682535925894395
lab7031,percent010_day1_case1,AP,tv_te_ss123,S016,ss1,Fx,0.2610055045291222,0.525142939496012
lab7031,percent010_day1_case1,AP,tv_te_ss123,S016,ss1,Fz,0.186814123675693,0.777465516937123
lab7031,percent010_day1_case1,AP,tv_te_ss123,S017,ss1,Fx,0.0806826485477257,0.953128569864246
lab7031,percent010_day1_case1,AP,tv_te_ss123,S017,ss1,Fz,0.0651767196383849,0.9638820198234362
lab7031,percent010_day1_case1,AP,tv_te_ss123,S018,ss1,Fx,0.1230423836729382,0.8835450394219234
lab7031,percent010_day1_case1,AP,tv_te_ss123,S018,ss1,Fz,0.0769990513914038,0.9628303687704444
lab7031,percent010_day1_case1,AP,tv_te_ss123,S019,ss1,Fx,0.1176079032246282,0.8980948881649484
lab7031,percent010_day1_case1,AP,tv_te_ss123,S019,ss1,Fz,0.0838384087043369,0.9564074201489003
lab7031,percent010_day1_case1,AP,tv_te_ss123,S001,ss2,Fx,0.0722789655749272,0.9659341237876496
lab7031,percent010_day1_case1,AP,tv_te_ss123,S001,ss2,Fz,0.069444325518564,0.972122614984798
lab7031,percent010_day1_case1,AP,tv_te_ss123,S002,ss2,Fx,0.1246704693809602,0.8411727275110717
lab7031,percent010_day1_case1,AP,tv_te_ss123,S002,ss2,Fz,0.0802473888086643,0.9583135344259373
lab7031,percent010_day1_case1,AP,tv_te_ss123,S003,ss2,Fx,0.0845802072446286,0.9545226763929504
lab7031,percent010_day1_case1,AP,tv_te_ss123,S003,ss2,Fz,0.0758942345240208,0.9709817184513536
lab7031,percent010_day1_case1,AP,tv_te_ss123,S004,ss2,Fx,0.0945108995492645,0.9356312391496234
lab7031,percent010_day1_case1,AP,tv_te_ss123,S004,ss2,Fz,0.0989104673825324,0.9571492095526832
lab7031,percent010_day1_case1,AP,tv_te_ss123,S005,ss2,Fx,0.0933372693186654,0.9374328239035358
lab7031,percent010_day1_case1,AP,tv_te_ss123,S005,ss2,Fz,0.1048819278323811,0.9372853469275572
lab7031,percent010_day1_case1,AP,tv_te_ss123,S006,ss2,Fx,0.0895876555590109,0.9462808694575908
lab7031,percent010_day1_case1,AP,tv_te_ss123,S006,ss2,Fz,0.0640175134381262,0.973129840733412
lab7031,percent010_day1_case1,AP,tv_te_ss123,S007,ss2,Fx,0.0633617029462364,0.9679712959704764
lab7031,percent010_day1_case1,AP,tv_te_ss123,S007,ss2,Fz,0.0821038445805525,0.961476420211018
lab7031,percent010_day1_case1,AP,tv_te_ss123,S008,ss2,Fx,0.0963783360843713,0.9210069420027064
lab7031,percent010_day1_case1,AP,tv_te_ss123,S008,ss2,Fz,0.1123350772283556,0.9593065733424692
lab7031,percent010_day1_case1,AP,tv_te_ss123,S009,ss2,Fx,0.1497520466528058,0.8823050526351305
lab7031,percent010_day1_case1,AP,tv_te_ss123,S009,ss2,Fz,0.1343478770088429,0.8997688124928402
lab7031,percent010_day1_case1,AP,tv_te_ss123,S010,ss2,Fx,0.0943196352406408,0.9266879497480104
lab7031,percent010_day1_case1,AP,tv_te_ss123,S010,ss2,Fz,0.078496998983251,0.9556280345020192
lab7031,percent010_day1_case1,AP,tv_te_ss123,S011,ss2,Fx,0.096301779232801,0.9331622047855326
lab7031,percent010_day1_case1,AP,tv_te_ss123,S011,ss2,Fz,0.1304383170511315,0.9630026470163046
lab7031,percent010_day1_case1,AP,tv_te_ss123,S012,ss2,Fx,0.0808009753797673,0.9677336615843544
lab7031,percent010_day1_case1,AP,tv_te_ss123,S012,ss2,Fz,0.0703855971857042,0.9731055737544436
lab7031,percent010_day1_case1,AP,tv_te_ss123,S013,ss2,Fx,0.083289420838559,0.9634728411739794
lab7031,percent010_day1_case1,AP,tv_te_ss123,S013,ss2,Fz,0.0816806381780735,0.9559535988680012
lab7031,percent010_day1_case1,AP,tv_te_ss123,S015,ss2,Fx,0.0831140021790188,0.9503593379524072
lab7031,percent010_day1_case1,AP,tv_te_ss123,S015,ss2,Fz,0.0553717596446282,0.9802365682433422
lab7031,percent010_day1_case1,AP,tv_te_ss123,S016,ss2,Fx,0.1126790957170178,0.9066332299040992
lab7031,percent010_day1_case1,AP,tv_te_ss123,S016,ss2,Fz,0.0901560230373939,0.9622228268270042
lab7031,percent010_day1_case1,AP,tv_te_ss123,S017,ss2,Fx,0.0654582123048085,0.9668368110865682
lab7031,percent010_day1_case1,AP,tv_te_ss123,S017,ss2,Fz,0.0722722686223535,0.967457944181993
lab7031,percent010_day1_case1,AP,tv_te_ss123,S018,ss2,Fx,0.1109990540302161,0.9058456708879484
lab7031,percent010_day1_case1,AP,tv_te_ss123,S018,ss2,Fz,0.0881435799278053,0.9608238628267164
lab7031,percent010_day1_case1,AP,tv_te_ss123,S019,ss2,Fx,0.1208641499677999,0.8887760625081537
lab7031,percent010_day1_case1,AP,tv_te_ss123,S019,ss2,Fz,0.084692902480801,0.9603277902605594
lab7031,percent010_day1_case1,AP,tv_te_ss123,S001,ss3,Fx,0.0657116476238708,0.9653851969471696
lab7031,percent010_day1_case1,AP,tv_te_ss123,S001,ss3,Fz,0.0687432325174437,0.979866944710487
lab7031,percent010_day1_case1,AP,tv_te_ss123,S002,ss3,Fx,0.0980000766816032,0.9180090921641622
lab7031,percent010_day1_case1,AP,tv_te_ss123,S002,ss3,Fz,0.0700986344271641,0.973791089339672
lab7031,percent010_day1_case1,AP,tv_te_ss123,S003,ss3,Fx,0.0675115678767678,0.9710611313012052
lab7031,percent010_day1_case1,AP,tv_te_ss123,S003,ss3,Fz,0.0592177851434258,0.9817991872434666
lab7031,percent010_day1_case1,AP,tv_te_ss123,S004,ss3,Fx,0.0756357489368998,0.9530573900611288
lab7031,percent010_day1_case1,AP,tv_te_ss123,S004,ss3,Fz,0.0624725187551034,0.9811668646947672
lab7031,percent010_day1_case1,AP,tv_te_ss123,S005,ss3,Fx,0.0925068483394727,0.9319828506981108
lab7031,percent010_day1_case1,AP,tv_te_ss123,S005,ss3,Fz,0.1032715933023625,0.9525757031943684
lab7031,percent010_day1_case1,AP,tv_te_ss123,S006,ss3,Fx,0.1100843420206916,0.9135929431911376
lab7031,percent010_day1_case1,AP,tv_te_ss123,S006,ss3,Fz,0.0678133628478976,0.975600156055137
lab7031,percent010_day1_case1,AP,tv_te_ss123,S007,ss3,Fx,0.0580453941197004,0.973785575451214
lab7031,percent010_day1_case1,AP,tv_te_ss123,S007,ss3,Fz,0.0659962956586427,0.9751088943611474
lab7031,percent010_day1_case1,AP,tv_te_ss123,S008,ss3,Fx,0.1068190098429719,0.9330588022493684
lab7031,percent010_day1_case1,AP,tv_te_ss123,S008,ss3,Fz,0.1142610863008514,0.9653000617366716
lab7031,percent010_day1_case1,AP,tv_te_ss123,S009,ss3,Fx,0.1366697754747305,0.8707857099600075
lab7031,percent010_day1_case1,AP,tv_te_ss123,S009,ss3,Fz,0.1186320278075027,0.9390787611603392
lab7031,percent010_day1_case1,AP,tv_te_ss123,S010,ss3,Fx,0.0515478702231158,0.9791280547519275
lab7031,percent010_day1_case1,AP,tv_te_ss123,S010,ss3,Fz,0.0650509152130288,0.973286676678318
lab7031,percent010_day1_case1,AP,tv_te_ss123,S012,ss3,Fx,0.0602304001382487,0.976407414030048
lab7031,percent010_day1_case1,AP,tv_te_ss123,S012,ss3,Fz,0.0615431042955546,0.9826249453942596
lab7031,percent010_day1_case1,AP,tv_te_ss123,S013,ss3,Fx,0.1071231980116114,0.9199882194484772
lab7031,percent010_day1_case1,AP,tv_te_ss123,S013,ss3,Fz,0.0788378814543264,0.9666032259943996
lab7031,percent010_day1_case1,AP,tv_te_ss123,S014,ss3,Fx,0.1149802901052427,0.8889466309179895
lab7031,percent010_day1_case1,AP,tv_te_ss123,S014,ss3,Fz,0.0996161671685332,0.9579925026589674
lab7031,percent010_day1_case1,AP,tv_te_ss123,S015,ss3,Fx,0.0845166761544397,0.941371272890492
lab7031,percent010_day1_case1,AP,tv_te_ss123,S015,ss3,Fz,0.0545713415894119,0.9796415145049236
lab7031,percent010_day1_case1,AP,tv_te_ss123,S016,ss3,Fx,0.1084615435990399,0.9141003724316508
lab7031,percent010_day1_case1,AP,tv_te_ss123,S016,ss3,Fz,0.1023263029033872,0.9578952254457452
lab7031,percent010_day1_case1,AP,tv_te_ss123,S017,ss3,Fx,0.0632183485840504,0.9616082821457296
lab7031,percent010_day1_case1,AP,tv_te_ss123,S017,ss3,Fz,0.0863917425422841,0.9638446038359614
lab7031,percent010_day1_case1,AP,tv_te_ss123,S018,ss3,Fx,0.0816609563344342,0.9467410544511248
lab7031,percent010_day1_case1,AP,tv_te_ss123,S018,ss3,Fz,0.0804811720133385,0.9706113940390618
lab7031,percent010_day1_case1,AP,tv_te_ss123,S019,ss3,Fx,0.0612904311944486,0.9739700606006574
lab7031,percent010_day1_case1,AP,tv_te_ss123,S019,ss3,Fz,0.0652678754873309,0.98235082565829
lab7031,percent010_day1_case1,VT,tv_te_ss2,S001,ss2,Fx,0.0952199844776068,0.937463461856078
lab7031,percent010_day1_case1,VT,tv_te_ss2,S001,ss2,Fz,0.0826484728725043,0.9616964333871572
lab7031,percent010_day1_case1,VT,tv_te_ss2,S002,ss2,Fx,0.1482925286494013,0.8256828525795992
lab7031,percent010_day1_case1,VT,tv_te_ss2,S002,ss2,Fz,0.1015444457530721,0.9442039324387664
lab7031,percent010_day1_case1,VT,tv_te_ss2,S003,ss2,Fx,0.0993337861907832,0.9211057534443238
lab7031,percent010_day1_case1,VT,tv_te_ss2,S003,ss2,Fz,0.0769873757819171,0.9687698851580148
lab7031,percent010_day1_case1,VT,tv_te_ss2,S004,ss2,Fx,0.1181448628328562,0.8895315245698501
lab7031,percent010_day1_case1,VT,tv_te_ss2,S004,ss2,Fz,0.1142559599408157,0.9470209154284632
lab7031,percent010_day1_case1,VT,tv_te_ss2,S005,ss2,Fx,0.1162284416168977,0.8902653056755937
lab7031,percent010_day1_case1,VT,tv_te_ss2,S005,ss2,Fz,0.1124902098301644,0.9272703294538364
lab7031,percent010_day1_case1,VT,tv_te_ss2,S006,ss2,Fx,0.0952234888096514,0.9381806828074752
lab7031,percent010_day1_case1,VT,tv_te_ss2,S006,ss2,Fz,0.0848416379307927,0.9502442472447332
lab7031,percent010_day1_case1,VT,tv_te_ss2,S007,ss2,Fx,0.0720729027929277,0.9518782609218788
lab7031,percent010_day1_case1,VT,tv_te_ss2,S007,ss2,Fz,0.0908904095548668,0.940328936645361
lab7031,percent010_day1_case1,VT,tv_te_ss2,S008,ss2,Fx,0.0869334386582739,0.9356859072083258
lab7031,percent010_day1_case1,VT,tv_te_ss2,S008,ss2,Fz,0.0930659998323832,0.9656766053530234
lab7031,percent010_day1_case1,VT,tv_te_ss2,S009,ss2,Fx,0.1490960381551416,0.845513294291002
lab7031,percent010_day1_case1,VT,tv_te_ss2,S009,ss2,Fz,0.124786027304007,0.9025996882911708
lab7031,percent010_day1_case1,VT,tv_te_ss2,S010,ss2,Fx,0.1025648803295166,0.9151577524911054
lab7031,percent010_day1_case1,VT,tv_te_ss2,S010,ss2,Fz,0.1059219106669966,0.9139444665844998
lab7031,percent010_day1_case1,VT,tv_te_ss2,S011,ss2,Fx,0.1526227087605515,0.7766355511712529
lab7031,percent010_day1_case1,VT,tv_te_ss2,S011,ss2,Fz,0.1195080127063547,0.9635222824939575
lab7031,percent010_day1_case1,VT,tv_te_ss2,S012,ss2,Fx,0.0961115330872142,0.94455859559064
lab7031,percent010_day1_case1,VT,tv_te_ss2,S012,ss2,Fz,0.0854393748880121,0.9745415170078848
lab7031,percent010_day1_case1,VT,tv_te_ss2,S013,ss2,Fx,0.1157637064317298,0.9016686335865448
lab7031,percent010_day1_case1,VT,tv_te_ss2,S013,ss2,Fz,0.1001949607048284,0.9279555190381932
lab7031,percent010_day1_case1,VT,tv_te_ss2,S015,ss2,Fx,0.0847674916900756,0.957380676693761
lab7031,percent010_day1_case1,VT,tv_te_ss2,S015,ss2,Fz,0.0681221453529768,0.974835641530206
lab7031,percent010_day1_case1,VT,tv_te_ss2,S016,ss2,Fx,0.0907111235382579,0.9363278276260902
lab7031,percent010_day1_case1,VT,tv_te_ss2,S016,ss2,Fz,0.1198533892231098,0.9114131323411796
lab7031,percent010_day1_case1,VT,tv_te_ss2,S017,ss2,Fx,0.0714993113215173,0.9622878936659034
lab7031,percent010_day1_case1,VT,tv_te_ss2,S017,ss2,Fz,0.0607896472549061,0.967600467399534
lab7031,percent010_day1_case1,VT,tv_te_ss2,S018,ss2,Fx,0.1326458105224906,0.8510985229940516
lab7031,percent010_day1_case1,VT,tv_te_ss2,S018,ss2,Fz,0.0893148441988831,0.9514426364497082
lab7031,percent010_day1_case1,VT,tv_te_ss2,S019,ss2,Fx,0.1356588312055495,0.8713169631343775
lab7031,percent010_day1_case1,VT,tv_te_ss2,S019,ss2,Fz,0.0941926558263008,0.9506841492166366
lab7031,percent020_day1_case1,APVT,tv_ss1__te_ss2ss3,S001,ss2,Fx,0.1211245607472056,0.9019330962709144
lab7031,percent020_day1_case1,APVT,tv_ss1__te_ss2ss3,S001,ss2,Fz,0.1138455739332723,0.9513987821582582
lab7031,percent020_day1_case1,APVT,tv_ss1__te_ss2ss3,S002,ss2,Fx,0.1056964157223758,0.9213802349590424
lab7031,percent020_day1_case1,APVT,tv_ss1__te_ss2ss3,S002,ss2,Fz,0.081052635364902,0.9624875658097568
lab7031,percent020_day1_case1,APVT,tv_ss1__te_ss2ss3,S003,ss2,Fx,0.1546049197523806,0.8094679181411134
lab7031,percent020_day1_case1,APVT,tv_ss1__te_ss2ss3,S003,ss2,Fz,0.0935602513090449,0.9458567326196556
lab7031,percent020_day1_case1,APVT,tv_ss1__te_ss2ss3,S004,ss2,Fx,0.1184098882678,0.941861752090392
lab7031,percent020_day1_case1,APVT,tv_ss1__te_ss2ss3,S004,ss2,Fz,0.1402358730480072,0.9236480816164364
lab7031,percent020_day1_case1,APVT,tv_ss1__te_ss2ss3,S005,ss2,Fx,0.1130849904683846,0.8933296068123944
lab7031,percent020_day1_case1,APVT,tv_ss1__te_ss2ss3,S005,ss2,Fz,0.1181352863730938,0.9347910253922777
lab7031,percent020_day1_case1,APVT,tv_ss1__te_ss2ss3,S006,ss2,Fx,0.118074888390905,0.9315801647825958
lab7031,percent020_day1_case1,APVT,tv_ss1__te_ss2ss3,S006,ss2,Fz,0.090863195808768,0.962262935866036
lab7031,percent020_day1_case1,APVT,tv_ss1__te_ss2ss3,S007,ss2,Fx,0.0938524522422649,0.9554098820479382
lab7031,percent020_day1_case1,APVT,tv_ss1__te_ss2ss3,S007,ss2,Fz,0.0841409520426772,0.9493010478379904
lab7031,percent020_day1_case1,APVT,tv_ss1__te_ss2ss3,S008,ss2,Fx,0.1513026667023445,0.870517907272318
lab7031,percent020_day1_case1,APVT,tv_ss1__te_ss2ss3,S008,ss2,Fz,0.1309947402861719,0.9427801521185148
lab7031,percent020_day1_case1,APVT,tv_ss1__te_ss2ss3,S009,ss2,Fx,0.1649070239550259,0.7749786913055925
lab7031,percent020_day1_case1,APVT,tv_ss1__te_ss2ss3,S009,ss2,Fz,0.1482064756430976,0.8578768479306351
lab7031,percent020_day1_case1,APVT,tv_ss1__te_ss2ss3,S010,ss2,Fx,0.116475830088853,0.9280594569271344
lab7031,percent020_day1_case1,APVT,tv_ss1__te_ss2ss3,S010,ss2,Fz,0.0925352146731556,0.9472631869736512
lab7031,percent020_day1_case1,APVT,tv_ss1__te_ss2ss3,S011,ss2,Fx,0.1543128741345677,0.8032872397210381
lab7031,percent020_day1_case1,APVT,tv_ss1__te_ss2ss3,S011,ss2,Fz,0.1301065803765089,0.9392926264944904
lab7031,percent020_day1_case1,APVT,tv_ss1__te_ss2ss3,S012,ss2,Fx,0.1072927667527071,0.9405874603678832
lab7031,percent020_day1_case1,APVT,tv_ss1__te_ss2ss3,S012,ss2,Fz,0.1137857248667325,0.9339212194798228
lab7031,percent020_day1_case1,APVT,tv_ss1__te_ss2ss3,S013,ss2,Fx,0.092878497469452,0.952249362645995
lab7031,percent020_day1_case1,APVT,tv_ss1__te_ss2ss3,S013,ss2,Fz,0.1075743613283571,0.9188239724180906
lab7031,percent020_day1_case1,APVT,tv_ss1__te_ss2ss3,S015,ss2,Fx,0.0973424931789602,0.9291672984714378
lab7031,percent020_day1_case1,APVT,tv_ss1__te_ss2ss3,S015,ss2,Fz,0.0754134142550788,0.9629445608029288
lab7031,percent020_day1_case1,APVT,tv_ss1__te_ss2ss3,S016,ss2,Fx,0.1204908341473541,0.9008976287975116
lab7031,percent020_day1_case1,APVT,tv_ss1__te_ss2ss3,S016,ss2,Fz,0.1081838527246525,0.9441938339289936
lab7031,percent020_day1_case1,APVT,tv_ss1__te_ss2ss3,S017,ss2,Fx,0.0838918790496592,0.9649075960879416
lab7031,percent020_day1_case1,APVT,tv_ss1__te_ss2ss3,S017,ss2,Fz,0.0854165307212268,0.9671865620183284
lab7031,percent020_day1_case1,APVT,tv_ss1__te_ss2ss3,S018,ss2,Fx,0.1314652399024968,0.8709720567239484
lab7031,percent020_day1_case1,APVT,tv_ss1__te_ss2ss3,S018,ss2,Fz,0.0903625240788037,0.9510571633379636
lab7031,percent020_day1_case1,APVT,tv_ss1__te_ss2ss3,S019,ss2,Fx,0.1387196414023907,0.8615260185885893
lab7031,percent020_day1_case1,APVT,tv_ss1__te_ss2ss3,S019,ss2,Fz,0.1003940441264515,0.9488124077274936
lab7031,percent020_day1_case1,APVT,tv_ss1__te_ss2ss3,S001,ss3,Fx,0.187203388248713,0.6932851623632496
lab7031,percent020_day1_case1,APVT,tv_ss1__te_ss2ss3,S001,ss3,Fz,0.1444491844270871,0.9352846802193596
lab7031,percent020_day1_case1,APVT,tv_ss1__te_ss2ss3,S002,ss3,Fx,0.1389699063504326,0.8747723567508834
lab7031,percent020_day1_case1,APVT,tv_ss1__te_ss2ss3,S002,ss3,Fz,0.1179881228013743,0.9508559208287016
lab7031,percent020_day1_case1,APVT,tv_ss1__te_ss2ss3,S003,ss3,Fx,0.1916308371097729,0.6723626589503479
lab7031,percent020_day1_case1,APVT,tv_ss1__te_ss2ss3,S003,ss3,Fz,0.115120636502135,0.945011039015868
lab7031,percent020_day1_case1,APVT,tv_ss1__te_ss2ss3,S004,ss3,Fx,0.1715964152459606,0.8408267833802647
lab7031,percent020_day1_case1,APVT,tv_ss1__te_ss2ss3,S004,ss3,Fz,0.1402707731785257,0.9147334469551612
lab7031,percent020_day1_case1,APVT,tv_ss1__te_ss2ss3,S005,ss3,Fx,0.1658084346410258,0.8087507753743729
lab7031,percent020_day1_case1,APVT,tv_ss1__te_ss2ss3,S005,ss3,Fz,0.134077778205037,0.9351489763340766
lab7031,percent020_day1_case1,APVT,tv_ss1__te_ss2ss3,S006,ss3,Fx,0.1965952526181585,0.7260909924280713
lab7031,percent020_day1_case1,APVT,tv_ss1__te_ss2ss3,S006,ss3,Fz,0.10632871080591,0.9670213234600724
lab7031,percent020_day1_case1,APVT,tv_ss1__te_ss2ss3,S007,ss3,Fx,0.1515984341294194,0.8454467352054856
lab7031,percent020_day1_case1,APVT,tv_ss1__te_ss2ss3,S007,ss3,Fz,0.1252519553265391,0.922924791812075
lab7031,percent020_day1_case1,APVT,tv_ss1__te_ss2ss3,S008,ss3,Fx,0.1929422707717145,0.7817790433535786
lab7031,percent020_day1_case1,APVT,tv_ss1__te_ss2ss3,S008,ss3,Fz,0.1462615178481006,0.94632728779567
lab7031,percent020_day1_case1,APVT,tv_ss1__te_ss2ss3,S009,ss3,Fx,0.2349807276458446,0.3993177476274297
lab7031,percent020_day1_case1,APVT,tv_ss1__te_ss2ss3,S009,ss3,Fz,0.1756619920717272,0.8438788905198559
lab7031,percent020_day1_case1,APVT,tv_ss1__te_ss2ss3,S010,ss3,Fx,0.1518468194530547,0.9186290728082384
lab7031,percent020_day1_case1,APVT,tv_ss1__te_ss2ss3,S010,ss3,Fz,0.0992655117230876,0.9609408421478716
lab7031,percent020_day1_case1,APVT,tv_ss1__te_ss2ss3,S012,ss3,Fx,0.1327219737246307,0.9142209334818632
lab7031,percent020_day1_case1,APVT,tv_ss1__te_ss2ss3,S012,ss3,Fz,0.1234274140767676,0.9491541972684274
lab7031,percent020_day1_case1,APVT,tv_ss1__te_ss2ss3,S013,ss3,Fx,0.1459063140133624,0.8976013554662498
lab7031,percent020_day1_case1,APVT,tv_ss1__te_ss2ss3,S013,ss3,Fz,0.1209333074051335,0.9339974411364836
lab7031,percent020_day1_case1,APVT,tv_ss1__te_ss2ss3,S014,ss3,Fx,0.2215131582392425,0.495604038608999
lab7031,percent020_day1_case1,APVT,tv_ss1__te_ss2ss3,S014,ss3,Fz,0.1878102240613117,0.8241301930985976
lab7031,percent020_day1_case1,APVT,tv_ss1__te_ss2ss3,S015,ss3,Fx,0.1512741650851842,0.8221264060179371
lab7031,percent020_day1_case1,APVT,tv_ss1__te_ss2ss3,S015,ss3,Fz,0.0992149376618503,0.9475798435548708
lab7031,percent020_day1_case1,APVT,tv_ss1__te_ss2ss3,S016,ss3,Fx,0.1355317936013879,0.8840442464429265
lab7031,percent020_day1_case1,APVT,tv_ss1__te_ss2ss3,S016,ss3,Fz,0.1382871831095651,0.9092872039520808
lab7031,percent020_day1_case1,APVT,tv_ss1__te_ss2ss3,S017,ss3,Fx,0.1647026866109764,0.8369289892687363
lab7031,percent020_day1_case1,APVT,tv_ss1__te_ss2ss3,S017,ss3,Fz,0.1356107727496913,0.9305238086923058
lab7031,percent020_day1_case1,APVT,tv_ss1__te_ss2ss3,S018,ss3,Fx,0.1553592429681039,0.8610507512122835
lab7031,percent020_day1_case1,APVT,tv_ss1__te_ss2ss3,S018,ss3,Fz,0.1127417338585565,0.9312631965123924
lab7031,percent020_day1_case1,APVT,tv_ss1__te_ss2ss3,S019,ss3,Fx,0.1811829336728038,0.7495515744881525
lab7031,percent020_day1_case1,APVT,tv_ss1__te_ss2ss3,S019,ss3,Fz,0.1154282504346554,0.954911379379098
lab7031,percent020_day1_case1,AP,tv_ss2__te_ss1ss3,S001,ss1,Fx,0.1461892515149195,0.900208195235367
lab7031,percent020_day1_case1,AP,tv_ss2__te_ss1ss3,S001,ss1,Fz,0.0942549025838968,0.9385270099074198
lab7031,percent020_day1_case1,AP,tv_ss2__te_ss1ss3,S002,ss1,Fx,0.2191629692638375,0.7433645890305294
lab7031,percent020_day1_case1,AP,tv_ss2__te_ss1ss3,S002,ss1,Fz,0.1191709059385447,0.8966588644072597
lab7031,percent020_day1_case1,AP,tv_ss2__te_ss1ss3,S003,ss1,Fx,0.104853979585149,0.9224860518852712
lab7031,percent020_day1_case1,AP,tv_ss2__te_ss1ss3,S003,ss1,Fz,0.1197282285102627,0.918437006269846
lab7031,percent020_day1_case1,AP,tv_ss2__te_ss1ss3,S004,ss1,Fx,0.0938147869187202,0.9372382505120644
lab7031,percent020_day1_case1,AP,tv_ss2__te_ss1ss3,S004,ss1,Fz,0.1272408665419492,0.929601299524473
lab7031,percent020_day1_case1,AP,tv_ss2__te_ss1ss3,S005,ss1,Fx,0.1398058444094737,0.880541162877442
lab7031,percent020_day1_case1,AP,tv_ss2__te_ss1ss3,S005,ss1,Fz,0.2031366308821351,0.8474365142848553
lab7031,percent020_day1_case1,AP,tv_ss2__te_ss1ss3,S006,ss1,Fx,0.101722855812741,0.9418695107049334
lab7031,percent020_day1_case1,AP,tv_ss2__te_ss1ss3,S006,ss1,Fz,0.0952919605892458,0.9334311830575848
lab7031,percent020_day1_case1,AP,tv_ss2__te_ss1ss3,S007,ss1,Fx,0.0993170160641635,0.9485480052827042
lab7031,percent020_day1_case1,AP,tv_ss2__te_ss1ss3,S007,ss1,Fz,0.1287524854100994,0.9062769419719596
lab7031,percent020_day1_case1,AP,tv_ss2__te_ss1ss3,S008,ss1,Fx,0.0950100971057666,0.945576486822468
lab7031,percent020_day1_case1,AP,tv_ss2__te_ss1ss3,S008,ss1,Fz,0.1513455808789381,0.9313349405405966
lab7031,percent020_day1_case1,AP,tv_ss2__te_ss1ss3,S009,ss1,Fx,0.1314256416530517,0.8972423312719972
lab7031,percent020_day1_case1,AP,tv_ss2__te_ss1ss3,S009,ss1,Fz,0.1541204823625494,0.8534106618793322
lab7031,percent020_day1_case1,AP,tv_ss2__te_ss1ss3,S010,ss1,Fx,0.1411264908263615,0.8523501535416226
lab7031,percent020_day1_case1,AP,tv_ss2__te_ss1ss3,S010,ss1,Fz,0.1093699992813563,0.8814163816573917
lab7031,percent020_day1_case1,AP,tv_ss2__te_ss1ss3,S011,ss1,Fx,0.1648861247150833,0.8767650228994294
lab7031,percent020_day1_case1,AP,tv_ss2__te_ss1ss3,S011,ss1,Fz,0.1180193437853866,0.9465556715908414
lab7031,percent020_day1_case1,AP,tv_ss2__te_ss1ss3,S012,ss1,Fx,0.0829356235562368,0.9534681054334672
lab7031,percent020_day1_case1,AP,tv_ss2__te_ss1ss3,S012,ss1,Fz,0.1135764505848855,0.9245241885352484
lab7031,percent020_day1_case1,AP,tv_ss2__te_ss1ss3,S013,ss1,Fx,0.1105542851159624,0.913302855161822
lab7031,percent020_day1_case1,AP,tv_ss2__te_ss1ss3,S013,ss1,Fz,0.1219095191589728,0.9304769525479734
lab7031,percent020_day1_case1,AP,tv_ss2__te_ss1ss3,S015,ss1,Fx,0.1273691266270958,0.901503352295634
lab7031,percent020_day1_case1,AP,tv_ss2__te_ss1ss3,S015,ss1,Fz,0.1194847475985096,0.8872317063207992
lab7031,percent020_day1_case1,AP,tv_ss2__te_ss1ss3,S016,ss1,Fx,0.2427855792180838,0.5901906348030027
lab7031,percent020_day1_case1,AP,tv_ss2__te_ss1ss3,S016,ss1,Fz,0.1616749761910417,0.8475987553415482
lab7031,percent020_day1_case1,AP,tv_ss2__te_ss1ss3,S017,ss1,Fx,0.1282299258228726,0.9089304667069262
lab7031,percent020_day1_case1,AP,tv_ss2__te_ss1ss3,S017,ss1,Fz,0.0701252910667738,0.9540550564990148
lab7031,percent020_day1_case1,AP,tv_ss2__te_ss1ss3,S018,ss1,Fx,0.1459053929002425,0.8674172357549267
lab7031,percent020_day1_case1,AP,tv_ss2__te_ss1ss3,S018,ss1,Fz,0.1004376783087755,0.947541371604189
lab7031,percent020_day1_case1,AP,tv_ss2__te_ss1ss3,S019,ss1,Fx,0.1768576739640323,0.8243274139303565
lab7031,percent020_day1_case1,AP,tv_ss2__te_ss1ss3,S019,ss1,Fz,0.0906896763754157,0.9442716553355934
lab7031,percent020_day1_case1,AP,tv_ss2__te_ss1ss3,S001,ss3,Fx,0.0961370364048229,0.9492457066875654
lab7031,percent020_day1_case1,AP,tv_ss2__te_ss1ss3,S001,ss3,Fz,0.0963616654430294,0.9620978457047348
lab7031,percent020_day1_case1,AP,tv_ss2__te_ss1ss3,S002,ss3,Fx,0.1025154544539986,0.8964800672247663
lab7031,percent020_day1_case1,AP,tv_ss2__te_ss1ss3,S002,ss3,Fz,0.0846939673101307,0.9629868096197216
lab7031,percent020_day1_case1,AP,tv_ss2__te_ss1ss3,S003,ss3,Fx,0.1299851806855211,0.8799204549499099
lab7031,percent020_day1_case1,AP,tv_ss2__te_ss1ss3,S003,ss3,Fz,0.0755150384287919,0.9736202766272968
lab7031,percent020_day1_case1,AP,tv_ss2__te_ss1ss3,S004,ss3,Fx,0.1070342867272408,0.910801412528166
lab7031,percent020_day1_case1,AP,tv_ss2__te_ss1ss3,S004,ss3,Fz,0.0952854345049925,0.9626351511734128
lab7031,percent020_day1_case1,AP,tv_ss2__te_ss1ss3,S005,ss3,Fx,0.1248610413890672,0.8716040709063734
lab7031,percent020_day1_case1,AP,tv_ss2__te_ss1ss3,S005,ss3,Fz,0.1105123842185907,0.9429130044737776
lab7031,percent020_day1_case1,AP,tv_ss2__te_ss1ss3,S006,ss3,Fx,0.1312422046340906,0.8791980966297749
lab7031,percent020_day1_case1,AP,tv_ss2__te_ss1ss3,S006,ss3,Fz,0.0937158680821712,0.965883331331018
lab7031,percent020_day1_case1,AP,tv_ss2__te_ss1ss3,S007,ss3,Fx,0.085120092736194,0.9531129545657128
lab7031,percent020_day1_case1,AP,tv_ss2__te_ss1ss3,S007,ss3,Fz,0.0788276700038921,0.963588799383169
lab7031,percent020_day1_case1,AP,tv_ss2__te_ss1ss3,S008,ss3,Fx,0.1343776088925789,0.8862606537692225
lab7031,percent020_day1_case1,AP,tv_ss2__te_ss1ss3,S008,ss3,Fz,0.1180544245221842,0.9653252956011688
lab7031,percent020_day1_case1,AP,tv_ss2__te_ss1ss3,S009,ss3,Fx,0.1992437517061312,0.6489193523266755
lab7031,percent020_day1_case1,AP,tv_ss2__te_ss1ss3,S009,ss3,Fz,0.1390885895296846,0.903976199199317
lab7031,percent020_day1_case1,AP,tv_ss2__te_ss1ss3,S010,ss3,Fx,0.0948445452906093,0.9415323874895536
lab7031,percent020_day1_case1,AP,tv_ss2__te_ss1ss3,S010,ss3,Fz,0.0730256955000723,0.9669269797769356
lab7031,percent020_day1_case1,AP,tv_ss2__te_ss1ss3,S012,ss3,Fx,0.0949824635249414,0.9553789178034956
lab7031,percent020_day1_case1,AP,tv_ss2__te_ss1ss3,S012,ss3,Fz,0.0725633369236056,0.9734398026235476
lab7031,percent020_day1_case1,AP,tv_ss2__te_ss1ss3,S013,ss3,Fx,0.0898268890508425,0.9543100548312494
lab7031,percent020_day1_case1,AP,tv_ss2__te_ss1ss3,S013,ss3,Fz,0.0816186283030065,0.9708088864251202
lab7031,percent020_day1_case1,AP,tv_ss2__te_ss1ss3,S015,ss3,Fx,0.1069096428777684,0.8976384023462779
lab7031,percent020_day1_case1,AP,tv_ss2__te_ss1ss3,S015,ss3,Fz,0.0813289952435885,0.9731714246984602
lab7031,percent020_day1_case1,AP,tv_ss2__te_ss1ss3,S016,ss3,Fx,0.1084786635399836,0.905882511299132
lab7031,percent020_day1_case1,AP,tv_ss2__te_ss1ss3,S016,ss3,Fz,0.1226663480291544,0.9283448603055646
lab7031,percent020_day1_case1,AP,tv_ss2__te_ss1ss3,S017,ss3,Fx,0.0886286918005061,0.951682447925446
lab7031,percent020_day1_case1,AP,tv_ss2__te_ss1ss3,S017,ss3,Fz,0.0963516149632043,0.9613340635808008
lab7031,percent020_day1_case1,AP,tv_ss2__te_ss1ss3,S018,ss3,Fx,0.082290403390676,0.9659862741351488
lab7031,percent020_day1_case1,AP,tv_ss2__te_ss1ss3,S018,ss3,Fz,0.0811306855241148,0.9650839255821104
lab7031,percent020_day1_case1,AP,tv_ss2__te_ss1ss3,S019,ss3,Fx,0.1259838217369188,0.8830379198674919
lab7031,percent020_day1_case1,AP,tv_ss2__te_ss1ss3,S019,ss3,Fz,0.0876169015636075,0.9709600310771264
lab7031,percent020_day1_case1,AP,tv_ss3__te_ss1ss2,S001,ss1,Fx,0.1942476871197962,0.889747948236843
lab7031,percent020_day1_case1,AP,tv_ss3__te_ss1ss2,S001,ss1,Fz,0.1084375664934002,0.9374957867478456
lab7031,percent020_day1_case1,AP,tv_ss3__te_ss1ss2,S002,ss1,Fx,0.3250454060978191,0.5460816506973583
lab7031,percent020_day1_case1,AP,tv_ss3__te_ss1ss2,S002,ss1,Fz,0.1890056370793131,0.8103525945051904
lab7031,percent020_day1_case1,AP,tv_ss3__te_ss1ss2,S003,ss1,Fx,0.2644072123461885,0.629137983172293
lab7031,percent020_day1_case1,AP,tv_ss3__te_ss1ss2,S003,ss1,Fz,0.1872878506467753,0.8732116915337342
lab7031,percent020_day1_case1,AP,tv_ss3__te_ss1ss2,S004,ss1,Fx,0.1591658234834048,0.8556752674138554
lab7031,percent020_day1_case1,AP,tv_ss3__te_ss1ss2,S004,ss1,Fz,0.259166458919866,0.7430749585851231
lab7031,percent020_day1_case1,AP,tv_ss3__te_ss1ss2,S005,ss1,Fx,0.2393992717882319,0.6504656826983036
lab7031,percent020_day1_case1,AP,tv_ss3__te_ss1ss2,S005,ss1,Fz,0.223545823973366,0.720431029998422
lab7031,percent020_day1_case1,AP,tv_ss3__te_ss1ss2,S006,ss1,Fx,0.1337704003747503,0.9124043946373516
lab7031,percent020_day1_case1,AP,tv_ss3__te_ss1ss2,S006,ss1,Fz,0.1245135070872973,0.9270138402696452
lab7031,percent020_day1_case1,AP,tv_ss3__te_ss1ss2,S007,ss1,Fx,0.1719744803921722,0.8025802121774755
lab7031,percent020_day1_case1,AP,tv_ss3__te_ss1ss2,S007,ss1,Fz,0.1575117109414453,0.9160549499470284
lab7031,percent020_day1_case1,AP,tv_ss3__te_ss1ss2,S008,ss1,Fx,0.1401274391496777,0.926711489948566
lab7031,percent020_day1_case1,AP,tv_ss3__te_ss1ss2,S008,ss1,Fz,0.1789924541583256,0.8825350047451749
lab7031,percent020_day1_case1,AP,tv_ss3__te_ss1ss2,S009,ss1,Fx,0.2826396420102788,0.4443626317264338
lab7031,percent020_day1_case1,AP,tv_ss3__te_ss1ss2,S009,ss1,Fz,0.2244360770953124,0.7492629016075637
lab7031,percent020_day1_case1,AP,tv_ss3__te_ss1ss2,S010,ss1,Fx,0.218338198790051,0.6069623080833517
lab7031,percent020_day1_case1,AP,tv_ss3__te_ss1ss2,S010,ss1,Fz,0.2102570645405847,0.8113972174653943
lab7031,percent020_day1_case1,AP,tv_ss3__te_ss1ss2,S012,ss1,Fx,0.2180827270874064,0.6060679598407998
lab7031,percent020_day1_case1,AP,tv_ss3__te_ss1ss2,S012,ss1,Fz,0.1552704926524652,0.9045735690055184
lab7031,percent020_day1_case1,AP,tv_ss3__te_ss1ss2,S013,ss1,Fx,0.2931113218130546,0.4376768039046295
lab7031,percent020_day1_case1,AP,tv_ss3__te_ss1ss2,S013,ss1,Fz,0.1686331368915219,0.8965125718772208
lab7031,percent020_day1_case1,AP,tv_ss3__te_ss1ss2,S014,ss1,Fx,0.1599818194501067,0.8388962190556363
lab7031,percent020_day1_case1,AP,tv_ss3__te_ss1ss2,S014,ss1,Fz,0.2980737085435225,0.738826918096982
lab7031,percent020_day1_case1,AP,tv_ss3__te_ss1ss2,S015,ss1,Fx,0.1935921213282783,0.8577026819432637
lab7031,percent020_day1_case1,AP,tv_ss3__te_ss1ss2,S015,ss1,Fz,0.1560479164923203,0.8866559331792958
lab7031,percent020_day1_case1,AP,tv_ss3__te_ss1ss2,S016,ss1,Fx,0.3588867899693292,0.259881537018077
lab7031,percent020_day1_case1,AP,tv_ss3__te_ss1ss2,S016,ss1,Fz,0.267800579399683,0.7133667761686968
lab7031,percent020_day1_case1,AP,tv_ss3__te_ss1ss2,S017,ss1,Fx,0.2280406627567133,0.6981414298808493
lab7031,percent020_day1_case1,AP,tv_ss3__te_ss1ss2,S017,ss1,Fz,0.1158274026016996,0.8887432376310493
lab7031,percent020_day1_case1,AP,tv_ss3__te_ss1ss2,S018,ss1,Fx,0.1603550515614221,0.9013326954807616
lab7031,percent020_day1_case1,AP,tv_ss3__te_ss1ss2,S018,ss1,Fz,0.2005594237823721,0.8764091974848127
lab7031,percent020_day1_case1,AP,tv_ss3__te_ss1ss2,S019,ss1,Fx,0.2543219012248578,0.7061192716009912
lab7031,percent020_day1_case1,AP,tv_ss3__te_ss1ss2,S019,ss1,Fz,0.1624653334057507,0.8857472686934955
lab7031,percent020_day1_case1,AP,tv_ss3__te_ss1ss2,S001,ss2,Fx,0.0989173381164348,0.945720772582763
lab7031,percent020_day1_case1,AP,tv_ss3__te_ss1ss2,S001,ss2,Fz,0.0642604532573559,0.97601069320166
lab7031,percent020_day1_case1,AP,tv_ss3__te_ss1ss2,S002,ss2,Fx,0.1946241587938551,0.7592754376256836
lab7031,percent020_day1_case1,AP,tv_ss3__te_ss1ss2,S002,ss2,Fz,0.1178054084480988,0.9397100363333308
lab7031,percent020_day1_case1,AP,tv_ss3__te_ss1ss2,S003,ss2,Fx,0.116786243296702,0.9094414788193024
lab7031,percent020_day1_case1,AP,tv_ss3__te_ss1ss2,S003,ss2,Fz,0.0819151790327156,0.9779145020406882
lab7031,percent020_day1_case1,AP,tv_ss3__te_ss1ss2,S004,ss2,Fx,0.1114218688348509,0.917807601024388
lab7031,percent020_day1_case1,AP,tv_ss3__te_ss1ss2,S004,ss2,Fz,0.1304405973729965,0.9271033001912716
lab7031,percent020_day1_case1,AP,tv_ss3__te_ss1ss2,S005,ss2,Fx,0.1230734170848062,0.9082162886754932
lab7031,percent020_day1_case1,AP,tv_ss3__te_ss1ss2,S005,ss2,Fz,0.1201326237117622,0.9346606750944172
lab7031,percent020_day1_case1,AP,tv_ss3__te_ss1ss2,S006,ss2,Fx,0.1083926561223754,0.910056393663081
lab7031,percent020_day1_case1,AP,tv_ss3__te_ss1ss2,S006,ss2,Fz,0.0875593715816332,0.9560534591178396
lab7031,percent020_day1_case1,AP,tv_ss3__te_ss1ss2,S007,ss2,Fx,0.0732722839439585,0.9655713108683096
lab7031,percent020_day1_case1,AP,tv_ss3__te_ss1ss2,S007,ss2,Fz,0.0999341673868066,0.959943471661594
lab7031,percent020_day1_case1,AP,tv_ss3__te_ss1ss2,S008,ss2,Fx,0.0827924403279761,0.9508367305667872
lab7031,percent020_day1_case1,AP,tv_ss3__te_ss1ss2,S008,ss2,Fz,0.1138023083661874,0.95799349978807
lab7031,percent020_day1_case1,AP,tv_ss3__te_ss1ss2,S009,ss2,Fx,0.2031986944885484,0.7467882497503855
lab7031,percent020_day1_case1,AP,tv_ss3__te_ss1ss2,S009,ss2,Fz,0.1185199847308333,0.9255166445264554
lab7031,percent020_day1_case1,AP,tv_ss3__te_ss1ss2,S010,ss2,Fx,0.1187806191854374,0.8914493889307632
lab7031,percent020_day1_case1,AP,tv_ss3__te_ss1ss2,S010,ss2,Fz,0.0966853971238753,0.9373896170293604
lab7031,percent020_day1_case1,AP,tv_ss3__te_ss1ss2,S012,ss2,Fx,0.1180877886302927,0.9070316080045824
lab7031,percent020_day1_case1,AP,tv_ss3__te_ss1ss2,S012,ss2,Fz,0.1010697362306605,0.9639908560916624
lab7031,percent020_day1_case1,AP,tv_ss3__te_ss1ss2,S013,ss2,Fx,0.142167496191249,0.8506976767512785
lab7031,percent020_day1_case1,AP,tv_ss3__te_ss1ss2,S013,ss2,Fz,0.1205049374716044,0.9259164090478426
lab7031,percent020_day1_case1,AP,tv_ss3__te_ss1ss2,S015,ss2,Fx,0.1272996945649818,0.9120412111008248
lab7031,percent020_day1_case1,AP,tv_ss3__te_ss1ss2,S015,ss2,Fz,0.0569402524222306,0.9793163897596836
lab7031,percent020_day1_case1,AP,tv_ss3__te_ss1ss2,S016,ss2,Fx,0.1348449773817272,0.8810725841581579
lab7031,percent020_day1_case1,AP,tv_ss3__te_ss1ss2,S016,ss2,Fz,0.1178548863236187,0.9556038733223344
lab7031,percent020_day1_case1,AP,tv_ss3__te_ss1ss2,S017,ss2,Fx,0.0725278247543735,0.9684613220387132
lab7031,percent020_day1_case1,AP,tv_ss3__te_ss1ss2,S017,ss2,Fz,0.0486616884325997,0.9798490146936936
lab7031,percent020_day1_case1,AP,tv_ss3__te_ss1ss2,S018,ss2,Fx,0.097871060822386,0.9362374212846768
lab7031,percent020_day1_case1,AP,tv_ss3__te_ss1ss2,S018,ss2,Fz,0.0977965432882192,0.975017245700846
lab7031,percent020_day1_case1,AP,tv_ss3__te_ss1ss2,S019,ss2,Fx,0.1740311614730531,0.8213487202906773
lab7031,percent020_day1_case1,AP,tv_ss3__te_ss1ss2,S019,ss2,Fz,0.0834898207580304,0.9598297902746148
lab7031,percent020_day1_case1,APVT,tv_te_ss1,S001,ss1,Fx,0.1178370123531153,0.8966297825204732
lab7031,percent020_day1_case1,APVT,tv_te_ss1,S001,ss1,Fz,0.1117524741207724,0.919257734126716
lab7031,percent020_day1_case1,APVT,tv_te_ss1,S002,ss1,Fx,0.1219395478506479,0.8459222626548978
lab7031,percent020_day1_case1,APVT,tv_te_ss1,S002,ss1,Fz,0.0984758438847652,0.913275701263743
lab7031,percent020_day1_case1,APVT,tv_te_ss1,S003,ss1,Fx,0.1060476102461958,0.9013952528885484
lab7031,percent020_day1_case1,APVT,tv_te_ss1,S003,ss1,Fz,0.0929119595720702,0.9372911014574472
lab7031,percent020_day1_case1,APVT,tv_te_ss1,S004,ss1,Fx,0.0734619633613543,0.9620911603898642
lab7031,percent020_day1_case1,APVT,tv_te_ss1,S004,ss1,Fz,0.1065249088369237,0.9576704389066556
lab7031,percent020_day1_case1,APVT,tv_te_ss1,S005,ss1,Fx,0.0910765366476308,0.9464527345421146
lab7031,percent020_day1_case1,APVT,tv_te_ss1,S005,ss1,Fz,0.1218510500723292,0.91953643281037
lab7031,percent020_day1_case1,APVT,tv_te_ss1,S006,ss1,Fx,0.0858904922589233,0.9478367476426518
lab7031,percent020_day1_case1,APVT,tv_te_ss1,S006,ss1,Fz,0.0828993859227491,0.9454746561753014
lab7031,percent020_day1_case1,APVT,tv_te_ss1,S007,ss1,Fx,0.0775044320929736,0.9514009069625896
lab7031,percent020_day1_case1,APVT,tv_te_ss1,S007,ss1,Fz,0.0930606740480472,0.938596822717003
lab7031,percent020_day1_case1,APVT,tv_te_ss1,S008,ss1,Fx,0.0938778259685358,0.933060839652194
lab7031,percent020_day1_case1,APVT,tv_te_ss1,S008,ss1,Fz,0.1203837221978005,0.93996494235851
lab7031,percent020_day1_case1,APVT,tv_te_ss1,S009,ss1,Fx,0.114072966250384,0.8887076298863577
lab7031,percent020_day1_case1,APVT,tv_te_ss1,S009,ss1,Fz,0.1268381663975967,0.8693141098185638
lab7031,percent020_day1_case1,APVT,tv_te_ss1,S010,ss1,Fx,0.0958425454730315,0.9158109540773112
lab7031,percent020_day1_case1,APVT,tv_te_ss1,S010,ss1,Fz,0.0826874537217157,0.924620512785926
lab7031,percent020_day1_case1,APVT,tv_te_ss1,S011,ss1,Fx,0.0993671256588087,0.9330460162158286
lab7031,percent020_day1_case1,APVT,tv_te_ss1,S011,ss1,Fz,0.1184830034166483,0.958745645305905
lab7031,percent020_day1_case1,APVT,tv_te_ss1,S012,ss1,Fx,0.0844215504026775,0.9544236114846588
lab7031,percent020_day1_case1,APVT,tv_te_ss1,S012,ss1,Fz,0.0886400829397069,0.9459047390548956
lab7031,percent020_day1_case1,APVT,tv_te_ss1,S013,ss1,Fx,0.0941095220641814,0.9300291873224488
lab7031,percent020_day1_case1,APVT,tv_te_ss1,S013,ss1,Fz,0.1052911508201274,0.9249818404856054
lab7031,percent020_day1_case1,APVT,tv_te_ss1,S014,ss1,Fx,0.1066219580088594,0.9098439253770632
lab7031,percent020_day1_case1,APVT,tv_te_ss1,S014,ss1,Fz,0.1424903912729151,0.8388584318448254
lab7031,percent020_day1_case1,APVT,tv_te_ss1,S015,ss1,Fx,0.0926324349204176,0.9257402933894712
lab7031,percent020_day1_case1,APVT,tv_te_ss1,S015,ss1,Fz,0.0793369153251014,0.9544046933066302
lab7031,percent020_day1_case1,APVT,tv_te_ss1,S016,ss1,Fx,0.2417650380182873,0.5084916920027575
lab7031,percent020_day1_case1,APVT,tv_te_ss1,S016,ss1,Fz,0.1675904080360079,0.7898849180501538
lab7031,percent020_day1_case1,APVT,tv_te_ss1,S017,ss1,Fx,0.0752002077771686,0.951550218945044
lab7031,percent020_day1_case1,APVT,tv_te_ss1,S017,ss1,Fz,0.0557652894046118,0.9799531106434048
lab7031,percent020_day1_case1,APVT,tv_te_ss1,S018,ss1,Fx,0.1175332394474651,0.8873970635567779
lab7031,percent020_day1_case1,APVT,tv_te_ss1,S018,ss1,Fz,0.0802315980373649,0.9657536758253896
lab7031,percent020_day1_case1,APVT,tv_te_ss1,S019,ss1,Fx,0.1185059023235794,0.8994453979632017
lab7031,percent020_day1_case1,APVT,tv_te_ss1,S019,ss1,Fz,0.0877487777669212,0.941745885399184
lab7031,percent020_day1_case1,AP,tv_te_ss123,S001,ss1,Fx,0.1120171373909358,0.9377380269834212
lab7031,percent020_day1_case1,AP,tv_te_ss123,S001,ss1,Fz,0.090739718095152,0.9461296313185288
lab7031,percent020_day1_case1,AP,tv_te_ss123,S002,ss1,Fx,0.1550528438843661,0.7905676781035926
lab7031,percent020_day1_case1,AP,tv_te_ss123,S002,ss1,Fz,0.0973963044509785,0.9213401137720136
lab7031,percent020_day1_case1,AP,tv_te_ss123,S003,ss1,Fx,0.101016255922978,0.9127677221553836
lab7031,percent020_day1_case1,AP,tv_te_ss123,S003,ss1,Fz,0.074259839558718,0.9580151580106444
lab7031,percent020_day1_case1,AP,tv_te_ss123,S004,ss1,Fx,0.0673258309431135,0.9643619327650929
lab7031,percent020_day1_case1,AP,tv_te_ss123,S004,ss1,Fz,0.0902510007879616,0.959584262101024
lab7031,percent020_day1_case1,AP,tv_te_ss123,S005,ss1,Fx,0.0842833129959569,0.9536580977657232
lab7031,percent020_day1_case1,AP,tv_te_ss123,S005,ss1,Fz,0.1325967201293097,0.9288546301135756
lab7031,percent020_day1_case1,AP,tv_te_ss123,S006,ss1,Fx,0.089342878739396,0.943699995304774
lab7031,percent020_day1_case1,AP,tv_te_ss123,S006,ss1,Fz,0.0771154926534745,0.9560315653882504
lab7031,percent020_day1_case1,AP,tv_te_ss123,S007,ss1,Fx,0.071368304706857,0.9592181077852598
lab7031,percent020_day1_case1,AP,tv_te_ss123,S007,ss1,Fz,0.0854050876838677,0.9545279357880762
lab7031,percent020_day1_case1,AP,tv_te_ss123,S008,ss1,Fx,0.0711828052696895,0.9615885635198016
lab7031,percent020_day1_case1,AP,tv_te_ss123,S008,ss1,Fz,0.137839179314555,0.953920188982921
lab7031,percent020_day1_case1,AP,tv_te_ss123,S009,ss1,Fx,0.1384849055222941,0.8577932778846385
lab7031,percent020_day1_case1,AP,tv_te_ss123,S009,ss1,Fz,0.1332594751725004,0.8621013615855401
lab7031,percent020_day1_case1,AP,tv_te_ss123,S010,ss1,Fx,0.0900189465637669,0.9243642682805135
lab7031,percent020_day1_case1,AP,tv_te_ss123,S010,ss1,Fz,0.0903192288946914,0.9092686866730172
lab7031,percent020_day1_case1,AP,tv_te_ss123,S011,ss1,Fx,0.0801799888446286,0.9510905715966748
lab7031,percent020_day1_case1,AP,tv_te_ss123,S011,ss1,Fz,0.0996614328584837,0.9662783701817752
lab7031,percent020_day1_case1,AP,tv_te_ss123,S012,ss1,Fx,0.068965393711157,0.9696106096789368
lab7031,percent020_day1_case1,AP,tv_te_ss123,S012,ss1,Fz,0.0785004939316662,0.9577484977411465
lab7031,percent020_day1_case1,AP,tv_te_ss123,S013,ss1,Fx,0.0922427840610113,0.9319731177660902
lab7031,percent020_day1_case1,AP,tv_te_ss123,S013,ss1,Fz,0.093934445132682,0.9419124562591924
lab7031,percent020_day1_case1,AP,tv_te_ss123,S014,ss1,Fx,0.0977023852615124,0.9253099751583738
lab7031,percent020_day1_case1,AP,tv_te_ss123,S014,ss1,Fz,0.1280450117932291,0.9001396931177204
lab7031,percent020_day1_case1,AP,tv_te_ss123,S015,ss1,Fx,0.0974787801456675,0.9308528655990208
lab7031,percent020_day1_case1,AP,tv_te_ss123,S015,ss1,Fz,0.0799858140347773,0.9559076247392476
lab7031,percent020_day1_case1,AP,tv_te_ss123,S016,ss1,Fx,0.263888568297603,0.5436889138511176
lab7031,percent020_day1_case1,AP,tv_te_ss123,S016,ss1,Fz,0.1591312962102482,0.8349278926817818
lab7031,percent020_day1_case1,AP,tv_te_ss123,S017,ss1,Fx,0.0794516129666211,0.9472409663591098
lab7031,percent020_day1_case1,AP,tv_te_ss123,S017,ss1,Fz,0.0617545580569726,0.9716478462448792
lab7031,percent020_day1_case1,AP,tv_te_ss123,S018,ss1,Fx,0.0935609266040783,0.931267169288468
lab7031,percent020_day1_case1,AP,tv_te_ss123,S018,ss1,Fz,0.0643820090250042,0.9735047713860112
lab7031,percent020_day1_case1,AP,tv_te_ss123,S019,ss1,Fx,0.131612599599164,0.875319998421919
lab7031,percent020_day1_case1,AP,tv_te_ss123,S019,ss1,Fz,0.0927009646190706,0.9471163471932684
lab7031,percent020_day1_case1,AP,tv_te_ss123,S001,ss2,Fx,0.0745340492930876,0.9621919989302604
lab7031,percent020_day1_case1,AP,tv_te_ss123,S001,ss2,Fz,0.0610225033133946,0.9789805040896716
lab7031,percent020_day1_case1,AP,tv_te_ss123,S002,ss2,Fx,0.1071180521292178,0.903581549403021
lab7031,percent020_day1_case1,AP,tv_te_ss123,S002,ss2,Fz,0.0713508623470482,0.9683724724278316
lab7031,percent020_day1_case1,AP,tv_te_ss123,S003,ss2,Fx,0.0767896572091776,0.9568070468722332
lab7031,percent020_day1_case1,AP,tv_te_ss123,S003,ss2,Fz,0.0609460958308717,0.977577408649973
lab7031,percent020_day1_case1,AP,tv_te_ss123,S004,ss2,Fx,0.091859612632423,0.9360062317799294
lab7031,percent020_day1_case1,AP,tv_te_ss123,S004,ss2,Fz,0.0869623643392,0.9605280661723016
lab7031,percent020_day1_case1,AP,tv_te_ss123,S005,ss2,Fx,0.0745624520108382,0.9442736554448978
lab7031,percent020_day1_case1,AP,tv_te_ss123,S005,ss2,Fz,0.1037428175166636,0.9582745197057768
lab7031,percent020_day1_case1,AP,tv_te_ss123,S006,ss2,Fx,0.0890139208880423,0.9488899292496554
lab7031,percent020_day1_case1,AP,tv_te_ss123,S006,ss2,Fz,0.069637967382465,0.9748699660598588
lab7031,percent020_day1_case1,AP,tv_te_ss123,S007,ss2,Fx,0.0609417513663631,0.9709225965235818
lab7031,percent020_day1_case1,AP,tv_te_ss123,S007,ss2,Fz,0.0790656538046324,0.9656557343964998
lab7031,percent020_day1_case1,AP,tv_te_ss123,S008,ss2,Fx,0.0835685416927008,0.9547223614287368
lab7031,percent020_day1_case1,AP,tv_te_ss123,S008,ss2,Fz,0.122240019569002,0.9640556792300552
lab7031,percent020_day1_case1,AP,tv_te_ss123,S009,ss2,Fx,0.1577652247802234,0.8016791420988867
lab7031,percent020_day1_case1,AP,tv_te_ss123,S009,ss2,Fz,0.1315016378209348,0.8895340846912597
lab7031,percent020_day1_case1,AP,tv_te_ss123,S010,ss2,Fx,0.0859012002320057,0.9353455712377016
lab7031,percent020_day1_case1,AP,tv_te_ss123,S010,ss2,Fz,0.0772948618427002,0.955225789406256
lab7031,percent020_day1_case1,AP,tv_te_ss123,S011,ss2,Fx,0.0935704066286959,0.9284764826110397
lab7031,percent020_day1_case1,AP,tv_te_ss123,S011,ss2,Fz,0.108086043475731,0.9748689018091672
lab7031,percent020_day1_case1,AP,tv_te_ss123,S012,ss2,Fx,0.0772639639146595,0.9635172010946932
lab7031,percent020_day1_case1,AP,tv_te_ss123,S012,ss2,Fz,0.0711232217690019,0.977175861011504
lab7031,percent020_day1_case1,AP,tv_te_ss123,S013,ss2,Fx,0.0759684438484657,0.9625028935786456
lab7031,percent020_day1_case1,AP,tv_te_ss123,S013,ss2,Fz,0.0934099804385533,0.9404912125229792
lab7031,percent020_day1_case1,AP,tv_te_ss123,S015,ss2,Fx,0.0752963205174468,0.9621835246339616
lab7031,percent020_day1_case1,AP,tv_te_ss123,S015,ss2,Fz,0.0523839628674898,0.9837708790640116
lab7031,percent020_day1_case1,AP,tv_te_ss123,S016,ss2,Fx,0.1120101991595486,0.9248058384940318
lab7031,percent020_day1_case1,AP,tv_te_ss123,S016,ss2,Fz,0.0802234596849104,0.973108385438456
lab7031,percent020_day1_case1,AP,tv_te_ss123,S017,ss2,Fx,0.0569429343845512,0.9745727556580844
lab7031,percent020_day1_case1,AP,tv_te_ss123,S017,ss2,Fz,0.0529470539545151,0.983523095677786
lab7031,percent020_day1_case1,AP,tv_te_ss123,S018,ss2,Fx,0.0952681567241999,0.9262537582202328
lab7031,percent020_day1_case1,AP,tv_te_ss123,S018,ss2,Fz,0.0607761706401233,0.9811299685731586
lab7031,percent020_day1_case1,AP,tv_te_ss123,S019,ss2,Fx,0.1329909556164614,0.8670690299885874
lab7031,percent020_day1_case1,AP,tv_te_ss123,S019,ss2,Fz,0.0886582410983935,0.9590321238794476
lab7031,percent020_day1_case1,AP,tv_te_ss123,S001,ss3,Fx,0.0757306754457345,0.9612173503975656
lab7031,percent020_day1_case1,AP,tv_te_ss123,S001,ss3,Fz,0.0690874140748413,0.976162613185974
lab7031,percent020_day1_case1,AP,tv_te_ss123,S002,ss3,Fx,0.0916357906536241,0.9240889624346096
lab7031,percent020_day1_case1,AP,tv_te_ss123,S002,ss3,Fz,0.078607980230996,0.9699215107886624
lab7031,percent020_day1_case1,AP,tv_te_ss123,S003,ss3,Fx,0.0543145022245577,0.9800394784494898
lab7031,percent020_day1_case1,AP,tv_te_ss123,S003,ss3,Fz,0.0550111019490494,0.985489869684172
lab7031,percent020_day1_case1,AP,tv_te_ss123,S004,ss3,Fx,0.0703732656264866,0.9652054534170544
lab7031,percent020_day1_case1,AP,tv_te_ss123,S004,ss3,Fz,0.0607062362326172,0.9794396125303094
lab7031,percent020_day1_case1,AP,tv_te_ss123,S005,ss3,Fx,0.1052466942630346,0.8894341226284971
lab7031,percent020_day1_case1,AP,tv_te_ss123,S005,ss3,Fz,0.0896560992051307,0.965983568603244
lab7031,percent020_day1_case1,AP,tv_te_ss123,S006,ss3,Fx,0.0980249792842151,0.9357118537064087
lab7031,percent020_day1_case1,AP,tv_te_ss123,S006,ss3,Fz,0.0705560340923262,0.9789187686771236
lab7031,percent020_day1_case1,AP,tv_te_ss123,S007,ss3,Fx,0.0656778621207896,0.9637042813029724
lab7031,percent020_day1_case1,AP,tv_te_ss123,S007,ss3,Fz,0.0646982251177473,0.978243392687188
lab7031,percent020_day1_case1,AP,tv_te_ss123,S008,ss3,Fx,0.1106554163701726,0.9207743486308022
lab7031,percent020_day1_case1,AP,tv_te_ss123,S008,ss3,Fz,0.1152942626151073,0.9677417788582112
lab7031,percent020_day1_case1,AP,tv_te_ss123,S009,ss3,Fx,0.1146748486048254,0.9184945261476232
lab7031,percent020_day1_case1,AP,tv_te_ss123,S009,ss3,Fz,0.1007319917999988,0.9473555828725996
lab7031,percent020_day1_case1,AP,tv_te_ss123,S010,ss3,Fx,0.0625995561088769,0.9703087482923765
lab7031,percent020_day1_case1,AP,tv_te_ss123,S010,ss3,Fz,0.0657649744604391,0.9714190760327652
lab7031,percent020_day1_case1,AP,tv_te_ss123,S012,ss3,Fx,0.0560427766673547,0.9806590720194706
lab7031,percent020_day1_case1,AP,tv_te_ss123,S012,ss3,Fz,0.0701761178494071,0.978271925288146
lab7031,percent020_day1_case1,AP,tv_te_ss123,S013,ss3,Fx,0.0740706425311758,0.9771318462417504
lab7031,percent020_day1_case1,AP,tv_te_ss123,S013,ss3,Fz,0.0740850136807708,0.9683715053469444
lab7031,percent020_day1_case1,AP,tv_te_ss123,S014,ss3,Fx,0.1080677173029852,0.8923858413046307
lab7031,percent020_day1_case1,AP,tv_te_ss123,S014,ss3,Fz,0.0842374339685899,0.965725020315089
lab7031,percent020_day1_case1,AP,tv_te_ss123,S015,ss3,Fx,0.0725842013503791,0.9589810690101552
lab7031,percent020_day1_case1,AP,tv_te_ss123,S015,ss3,Fz,0.049279491875031,0.98569771670194
lab7031,percent020_day1_case1,AP,tv_te_ss123,S016,ss3,Fx,0.1075467645137033,0.9201206001695968
lab7031,percent020_day1_case1,AP,tv_te_ss123,S016,ss3,Fz,0.1023282741374223,0.9610609870206258
lab7031,percent020_day1_case1,AP,tv_te_ss123,S017,ss3,Fx,0.0596419453553842,0.9735304060495338
lab7031,percent020_day1_case1,AP,tv_te_ss123,S017,ss3,Fz,0.0698014438355364,0.97660133163673
lab7031,percent020_day1_case1,AP,tv_te_ss123,S018,ss3,Fx,0.0689485725483903,0.9599897194350524
lab7031,percent020_day1_case1,AP,tv_te_ss123,S018,ss3,Fz,0.0502112677928491,0.9873680951123835
lab7031,percent020_day1_case1,AP,tv_te_ss123,S019,ss3,Fx,0.0673787157587309,0.9675969978721212
lab7031,percent020_day1_case1,AP,tv_te_ss123,S019,ss3,Fz,0.0592722481822485,0.98497896862634
lab7031,percent020_day1_case1,VT,tv_te_ss2,S001,ss2,Fx,0.0747965077673482,0.9599448631002366
lab7031,percent020_day1_case1,VT,tv_te_ss2,S001,ss2,Fz,0.0676727619172543,0.976259346858866
lab7031,percent020_day1_case1,VT,tv_te_ss2,S002,ss2,Fx,0.1104553402489718,0.9030329941626644
lab7031,percent020_day1_case1,VT,tv_te_ss2,S002,ss2,Fz,0.0807626354131483,0.9653370102718783
lab7031,percent020_day1_case1,VT,tv_te_ss2,S003,ss2,Fx,0.0974833515062027,0.9230321682502018
lab7031,percent020_day1_case1,VT,tv_te_ss2,S003,ss2,Fz,0.0804037076788631,0.9674042052968748
lab7031,percent020_day1_case1,VT,tv_te_ss2,S004,ss2,Fx,0.0961894070735328,0.9169061575925764
lab7031,percent020_day1_case1,VT,tv_te_ss2,S004,ss2,Fz,0.1030085324402866,0.952505824100585
lab7031,percent020_day1_case1,VT,tv_te_ss2,S005,ss2,Fx,0.0926523063244414,0.9216647841598352
lab7031,percent020_day1_case1,VT,tv_te_ss2,S005,ss2,Fz,0.100839491953824,0.9529546924861207
lab7031,percent020_day1_case1,VT,tv_te_ss2,S006,ss2,Fx,0.0919386323636027,0.9432230495606324
lab7031,percent020_day1_case1,VT,tv_te_ss2,S006,ss2,Fz,0.0752847475510156,0.9686407272936696
lab7031,percent020_day1_case1,VT,tv_te_ss2,S007,ss2,Fx,0.0737781882516674,0.9570506502854178
lab7031,percent020_day1_case1,VT,tv_te_ss2,S007,ss2,Fz,0.0771101810537966,0.9631419671469054
lab7031,percent020_day1_case1,VT,tv_te_ss2,S008,ss2,Fx,0.0987703474545723,0.9326336963247096
lab7031,percent020_day1_case1,VT,tv_te_ss2,S008,ss2,Fz,0.1183646503713835,0.9636842594700052
lab7031,percent020_day1_case1,VT,tv_te_ss2,S009,ss2,Fx,0.144097770907386,0.8234828438281929
lab7031,percent020_day1_case1,VT,tv_te_ss2,S009,ss2,Fz,0.130330363450955,0.8908852799531801
lab7031,percent020_day1_case1,VT,tv_te_ss2,S010,ss2,Fx,0.0984796124409642,0.9190516176239096
lab7031,percent020_day1_case1,VT,tv_te_ss2,S010,ss2,Fz,0.0757456915991558,0.9560726010466848
lab7031,percent020_day1_case1,VT,tv_te_ss2,S011,ss2,Fx,0.1167488505573545,0.8844146691037856
lab7031,percent020_day1_case1,VT,tv_te_ss2,S011,ss2,Fz,0.1245851910940703,0.9721421664730364
lab7031,percent020_day1_case1,VT,tv_te_ss2,S012,ss2,Fx,0.0663431374248397,0.9783822403293696
lab7031,percent020_day1_case1,VT,tv_te_ss2,S012,ss2,Fz,0.0799029605239019,0.9789751456462944
lab7031,percent020_day1_case1,VT,tv_te_ss2,S013,ss2,Fx,0.0869131532620885,0.9436139605963084
lab7031,percent020_day1_case1,VT,tv_te_ss2,S013,ss2,Fz,0.0961529111983993,0.941247083062974
lab7031,percent020_day1_case1,VT,tv_te_ss2,S015,ss2,Fx,0.0789296445052768,0.9621567049978624
lab7031,percent020_day1_case1,VT,tv_te_ss2,S015,ss2,Fz,0.064716120460719,0.9730384538461916
lab7031,percent020_day1_case1,VT,tv_te_ss2,S016,ss2,Fx,0.0963710313700684,0.9287295284808632
lab7031,percent020_day1_case1,VT,tv_te_ss2,S016,ss2,Fz,0.1053105591808524,0.9345093757607356
lab7031,percent020_day1_case1,VT,tv_te_ss2,S017,ss2,Fx,0.0643048280435684,0.9689688605191912
lab7031,percent020_day1_case1,VT,tv_te_ss2,S017,ss2,Fz,0.0590983636033077,0.9700551000993074
lab7031,percent020_day1_case1,VT,tv_te_ss2,S018,ss2,Fx,0.1071024302179888,0.905974963907894
lab7031,percent020_day1_case1,VT,tv_te_ss2,S018,ss2,Fz,0.076410345812453,0.9638567670223696
lab7031,percent020_day1_case1,VT,tv_te_ss2,S019,ss2,Fx,0.1422440631017532,0.846452390583991
lab7031,percent020_day1_case1,VT,tv_te_ss2,S019,ss2,Fz,0.0856178859940031,0.9617496573224368
lab7031,percent050_day1_case1,APVT,tv_ss1__te_ss2ss3,S001,ss2,Fx,0.1157887952215258,0.902814865845697
lab7031,percent050_day1_case1,APVT,tv_ss1__te_ss2ss3,S001,ss2,Fz,0.1032153945482795,0.9569713848007512
lab7031,percent050_day1_case1,APVT,tv_ss1__te_ss2ss3,S002,ss2,Fx,0.1302126307813431,0.8478592330123041
lab7031,percent050_day1_case1,APVT,tv_ss1__te_ss2ss3,S002,ss2,Fz,0.0922537632412461,0.9574560082961546
lab7031,percent050_day1_case1,APVT,tv_ss1__te_ss2ss3,S003,ss2,Fx,0.097850306513187,0.944185234648082
lab7031,percent050_day1_case1,APVT,tv_ss1__te_ss2ss3,S003,ss2,Fz,0.0772744224926591,0.9658629745176928
lab7031,percent050_day1_case1,APVT,tv_ss1__te_ss2ss3,S004,ss2,Fx,0.1286597409583427,0.8866258275609064
lab7031,percent050_day1_case1,APVT,tv_ss1__te_ss2ss3,S004,ss2,Fz,0.1171707719107722,0.9431283152177088
lab7031,percent050_day1_case1,APVT,tv_ss1__te_ss2ss3,S005,ss2,Fx,0.1110124371579674,0.8983146069269232
lab7031,percent050_day1_case1,APVT,tv_ss1__te_ss2ss3,S005,ss2,Fz,0.0966505444185214,0.9504827964488748
lab7031,percent050_day1_case1,APVT,tv_ss1__te_ss2ss3,S006,ss2,Fx,0.1261673072252203,0.90708999227691
lab7031,percent050_day1_case1,APVT,tv_ss1__te_ss2ss3,S006,ss2,Fz,0.0870550335196643,0.96352760361523
lab7031,percent050_day1_case1,APVT,tv_ss1__te_ss2ss3,S007,ss2,Fx,0.1043571021448367,0.9408185086168644
lab7031,percent050_day1_case1,APVT,tv_ss1__te_ss2ss3,S007,ss2,Fz,0.0841968660069748,0.9526711586328024
lab7031,percent050_day1_case1,APVT,tv_ss1__te_ss2ss3,S008,ss2,Fx,0.1432820577116152,0.8859633374125715
lab7031,percent050_day1_case1,APVT,tv_ss1__te_ss2ss3,S008,ss2,Fz,0.1331230023066368,0.9453932725941252
lab7031,percent050_day1_case1,APVT,tv_ss1__te_ss2ss3,S009,ss2,Fx,0.1483712524869642,0.8165698103420306
lab7031,percent050_day1_case1,APVT,tv_ss1__te_ss2ss3,S009,ss2,Fz,0.1330031477882615,0.8999552267186302
lab7031,percent050_day1_case1,APVT,tv_ss1__te_ss2ss3,S010,ss2,Fx,0.0991931526948499,0.9466216971606044
lab7031,percent050_day1_case1,APVT,tv_ss1__te_ss2ss3,S010,ss2,Fz,0.0908584773382229,0.9495925273336032
lab7031,percent050_day1_case1,APVT,tv_ss1__te_ss2ss3,S011,ss2,Fx,0.1474355743532299,0.8051179968982582
lab7031,percent050_day1_case1,APVT,tv_ss1__te_ss2ss3,S011,ss2,Fz,0.1345566990584339,0.9317294686736995
lab7031,percent050_day1_case1,APVT,tv_ss1__te_ss2ss3,S012,ss2,Fx,0.122041365953721,0.9136482139234892
lab7031,percent050_day1_case1,APVT,tv_ss1__te_ss2ss3,S012,ss2,Fz,0.1027575967829689,0.95666967871489
lab7031,percent050_day1_case1,APVT,tv_ss1__te_ss2ss3,S013,ss2,Fx,0.0896522559580603,0.9581371084294812
lab7031,percent050_day1_case1,APVT,tv_ss1__te_ss2ss3,S013,ss2,Fz,0.1032737507113852,0.9378143032828712
lab7031,percent050_day1_case1,APVT,tv_ss1__te_ss2ss3,S015,ss2,Fx,0.1049420746282245,0.913661820783286
lab7031,percent050_day1_case1,APVT,tv_ss1__te_ss2ss3,S015,ss2,Fz,0.0836550631520309,0.9717663900097848
lab7031,percent050_day1_case1,APVT,tv_ss1__te_ss2ss3,S016,ss2,Fx,0.1249339677554035,0.8912192389632724
lab7031,percent050_day1_case1,APVT,tv_ss1__te_ss2ss3,S016,ss2,Fz,0.10236373661062,0.9425962516119668
lab7031,percent050_day1_case1,APVT,tv_ss1__te_ss2ss3,S017,ss2,Fx,0.0825969477582462,0.973010098974398
lab7031,percent050_day1_case1,APVT,tv_ss1__te_ss2ss3,S017,ss2,Fz,0.0656325311950908,0.9774715440622194
lab7031,percent050_day1_case1,APVT,tv_ss1__te_ss2ss3,S018,ss2,Fx,0.111389594089526,0.9235007966620334
lab7031,percent050_day1_case1,APVT,tv_ss1__te_ss2ss3,S018,ss2,Fz,0.1042918885701093,0.9568003888163472
lab7031,percent050_day1_case1,APVT,tv_ss1__te_ss2ss3,S019,ss2,Fx,0.1422512934109473,0.8539439640863599
lab7031,percent050_day1_case1,APVT,tv_ss1__te_ss2ss3,S019,ss2,Fz,0.0967434898570633,0.9555542240962306
lab7031,percent050_day1_case1,APVT,tv_ss1__te_ss2ss3,S001,ss3,Fx,0.1672679922209866,0.777073504185805
lab7031,percent050_day1_case1,APVT,tv_ss1__te_ss2ss3,S001,ss3,Fz,0.1317544884340825,0.9344104440688966
lab7031,percent050_day1_case1,APVT,tv_ss1__te_ss2ss3,S002,ss3,Fx,0.1550550406100229,0.8178692450957338
lab7031,percent050_day1_case1,APVT,tv_ss1__te_ss2ss3,S002,ss3,Fz,0.1294767619101363,0.9568771003099515
lab7031,percent050_day1_case1,APVT,tv_ss1__te_ss2ss3,S003,ss3,Fx,0.1340148895826275,0.9009111312593384
lab7031,percent050_day1_case1,APVT,tv_ss1__te_ss2ss3,S003,ss3,Fz,0.1053077725945694,0.9636640108233688
lab7031,percent050_day1_case1,APVT,tv_ss1__te_ss2ss3,S004,ss3,Fx,0.148889249044487,0.8741385328692487
lab7031,percent050_day1_case1,APVT,tv_ss1__te_ss2ss3,S004,ss3,Fz,0.1300097748762292,0.9439552971279256
lab7031,percent050_day1_case1,APVT,tv_ss1__te_ss2ss3,S005,ss3,Fx,0.1841513494993979,0.7040981271440055
lab7031,percent050_day1_case1,APVT,tv_ss1__te_ss2ss3,S005,ss3,Fz,0.1100384038233691,0.9548305733227934
lab7031,percent050_day1_case1,APVT,tv_ss1__te_ss2ss3,S006,ss3,Fx,0.1632835964320424,0.822524724478343
lab7031,percent050_day1_case1,APVT,tv_ss1__te_ss2ss3,S006,ss3,Fz,0.1103907767923003,0.9591035181394152
lab7031,percent050_day1_case1,APVT,tv_ss1__te_ss2ss3,S007,ss3,Fx,0.1493986891879509,0.8558975161583845
lab7031,percent050_day1_case1,APVT,tv_ss1__te_ss2ss3,S007,ss3,Fz,0.1088662207817613,0.9496810419798324
lab7031,percent050_day1_case1,APVT,tv_ss1__te_ss2ss3,S008,ss3,Fx,0.1801955726359298,0.8205156392631453
lab7031,percent050_day1_case1,APVT,tv_ss1__te_ss2ss3,S008,ss3,Fz,0.1562387296736401,0.9409107146093084
lab7031,percent050_day1_case1,APVT,tv_ss1__te_ss2ss3,S009,ss3,Fx,0.1833615478373111,0.742462936285218
lab7031,percent050_day1_case1,APVT,tv_ss1__te_ss2ss3,S009,ss3,Fz,0.1828169559227775,0.869424255217161
lab7031,percent050_day1_case1,APVT,tv_ss1__te_ss2ss3,S010,ss3,Fx,0.1352965305921798,0.901978372757246
lab7031,percent050_day1_case1,APVT,tv_ss1__te_ss2ss3,S010,ss3,Fz,0.1188734745857627,0.9439037484969712
lab7031,percent050_day1_case1,APVT,tv_ss1__te_ss2ss3,S012,ss3,Fx,0.1588507236968497,0.8404014896090247
lab7031,percent050_day1_case1,APVT,tv_ss1__te_ss2ss3,S012,ss3,Fz,0.1199304915394195,0.9614869090728684
lab7031,percent050_day1_case1,APVT,tv_ss1__te_ss2ss3,S013,ss3,Fx,0.1370055211841996,0.9143277649340096
lab7031,percent050_day1_case1,APVT,tv_ss1__te_ss2ss3,S013,ss3,Fz,0.1279464533833408,0.9508772542814996
lab7031,percent050_day1_case1,APVT,tv_ss1__te_ss2ss3,S014,ss3,Fx,0.2279943180947465,0.4303216505361426
lab7031,percent050_day1_case1,APVT,tv_ss1__te_ss2ss3,S014,ss3,Fz,0.1572125590994232,0.8959797222782686
lab7031,percent050_day1_case1,APVT,tv_ss1__te_ss2ss3,S015,ss3,Fx,0.1753739932718511,0.732165364302259
lab7031,percent050_day1_case1,APVT,tv_ss1__te_ss2ss3,S015,ss3,Fz,0.1137604648600874,0.954306071475166
lab7031,percent050_day1_case1,APVT,tv_ss1__te_ss2ss3,S016,ss3,Fx,0.1213069397341999,0.9140348616439395
lab7031,percent050_day1_case1,APVT,tv_ss1__te_ss2ss3,S016,ss3,Fz,0.1347377070043101,0.9093887227708836
lab7031,percent050_day1_case1,APVT,tv_ss1__te_ss2ss3,S017,ss3,Fx,0.1415805226347059,0.9188818824165734
lab7031,percent050_day1_case1,APVT,tv_ss1__te_ss2ss3,S017,ss3,Fz,0.1213760221689721,0.944384434928815
lab7031,percent050_day1_case1,APVT,tv_ss1__te_ss2ss3,S018,ss3,Fx,0.1436225445931973,0.9055538131973324
lab7031,percent050_day1_case1,APVT,tv_ss1__te_ss2ss3,S018,ss3,Fz,0.1171402606113134,0.954444292795224
lab7031,percent050_day1_case1,APVT,tv_ss1__te_ss2ss3,S019,ss3,Fx,0.1670745125884589,0.8081687280301199
lab7031,percent050_day1_case1,APVT,tv_ss1__te_ss2ss3,S019,ss3,Fz,0.1152389378477792,0.9561082244159838
lab7031,percent050_day1_case1,AP,tv_ss2__te_ss1ss3,S001,ss1,Fx,0.1220423672334903,0.928059190396553
lab7031,percent050_day1_case1,AP,tv_ss2__te_ss1ss3,S001,ss1,Fz,0.0899741506752398,0.9505203558030788
lab7031,percent050_day1_case1,AP,tv_ss2__te_ss1ss3,S002,ss1,Fx,0.1837832257698169,0.7572969096332913
lab7031,percent050_day1_case1,AP,tv_ss2__te_ss1ss3,S002,ss1,Fz,0.1155716123548506,0.9024489353438616
lab7031,percent050_day1_case1,AP,tv_ss2__te_ss1ss3,S003,ss1,Fx,0.0821983847827941,0.9593127932162268
lab7031,percent050_day1_case1,AP,tv_ss2__te_ss1ss3,S003,ss1,Fz,0.1064440167459519,0.9513336334799712
lab7031,percent050_day1_case1,AP,tv_ss2__te_ss1ss3,S004,ss1,Fx,0.1086183562224849,0.9240208399248316
lab7031,percent050_day1_case1,AP,tv_ss2__te_ss1ss3,S004,ss1,Fz,0.1041300236487277,0.9534335456392709
lab7031,percent050_day1_case1,AP,tv_ss2__te_ss1ss3,S005,ss1,Fx,0.1517202270177671,0.8916795684688752
lab7031,percent050_day1_case1,AP,tv_ss2__te_ss1ss3,S005,ss1,Fz,0.1382732739956237,0.893484059845983
lab7031,percent050_day1_case1,AP,tv_ss2__te_ss1ss3,S006,ss1,Fx,0.082989384828723,0.9585205564889322
lab7031,percent050_day1_case1,AP,tv_ss2__te_ss1ss3,S006,ss1,Fz,0.0949540259594507,0.9459857483272476
lab7031,percent050_day1_case1,AP,tv_ss2__te_ss1ss3,S007,ss1,Fx,0.1117772716905123,0.9320420536245866
lab7031,percent050_day1_case1,AP,tv_ss2__te_ss1ss3,S007,ss1,Fz,0.125559754589589,0.9268077460112646
lab7031,percent050_day1_case1,AP,tv_ss2__te_ss1ss3,S008,ss1,Fx,0.0896606093265607,0.9446704986331924
lab7031,percent050_day1_case1,AP,tv_ss2__te_ss1ss3,S008,ss1,Fz,0.1406953091114329,0.9411168174468104
lab7031,percent050_day1_case1,AP,tv_ss2__te_ss1ss3,S009,ss1,Fx,0.1716940901821736,0.8701746084540332
lab7031,percent050_day1_case1,AP,tv_ss2__te_ss1ss3,S009,ss1,Fz,0.1534501360157716,0.8282070715545042
lab7031,percent050_day1_case1,AP,tv_ss2__te_ss1ss3,S010,ss1,Fx,0.1571830149539811,0.8248977967222404
lab7031,percent050_day1_case1,AP,tv_ss2__te_ss1ss3,S010,ss1,Fz,0.1005290736101139,0.900331741090187
lab7031,percent050_day1_case1,AP,tv_ss2__te_ss1ss3,S011,ss1,Fx,0.1210548099323368,0.9330420513042604
lab7031,percent050_day1_case1,AP,tv_ss2__te_ss1ss3,S011,ss1,Fz,0.1213288561494748,0.9532654472192325
lab7031,percent050_day1_case1,AP,tv_ss2__te_ss1ss3,S012,ss1,Fx,0.0945476003806096,0.9510450292661544
lab7031,percent050_day1_case1,AP,tv_ss2__te_ss1ss3,S012,ss1,Fz,0.115656893226439,0.919834331705261
lab7031,percent050_day1_case1,AP,tv_ss2__te_ss1ss3,S013,ss1,Fx,0.1249082844301801,0.8991483941704594
lab7031,percent050_day1_case1,AP,tv_ss2__te_ss1ss3,S013,ss1,Fz,0.1288399636322596,0.9065077595395886
lab7031,percent050_day1_case1,AP,tv_ss2__te_ss1ss3,S015,ss1,Fx,0.1120030936066182,0.9429051155342568
lab7031,percent050_day1_case1,AP,tv_ss2__te_ss1ss3,S015,ss1,Fz,0.0878290277859038,0.944026592076578
lab7031,percent050_day1_case1,AP,tv_ss2__te_ss1ss3,S016,ss1,Fx,0.2891211686031285,0.4781569352422074
lab7031,percent050_day1_case1,AP,tv_ss2__te_ss1ss3,S016,ss1,Fz,0.1556669706606446,0.8527478036323284
lab7031,percent050_day1_case1,AP,tv_ss2__te_ss1ss3,S017,ss1,Fx,0.140954045010341,0.9107700369528536
lab7031,percent050_day1_case1,AP,tv_ss2__te_ss1ss3,S017,ss1,Fz,0.0779476656070733,0.9406704925971664
lab7031,percent050_day1_case1,AP,tv_ss2__te_ss1ss3,S018,ss1,Fx,0.1479369395287822,0.8838271363877432
lab7031,percent050_day1_case1,AP,tv_ss2__te_ss1ss3,S018,ss1,Fz,0.100323869845698,0.9438194352070012
lab7031,percent050_day1_case1,AP,tv_ss2__te_ss1ss3,S019,ss1,Fx,0.1829179839766468,0.8553688619662267
lab7031,percent050_day1_case1,AP,tv_ss2__te_ss1ss3,S019,ss1,Fz,0.0900276849727693,0.9551384413146692
lab7031,percent050_day1_case1,AP,tv_ss2__te_ss1ss3,S001,ss3,Fx,0.0882487703463657,0.9542447422026064
lab7031,percent050_day1_case1,AP,tv_ss2__te_ss1ss3,S001,ss3,Fz,0.0884584850601787,0.972222602134589
lab7031,percent050_day1_case1,AP,tv_ss2__te_ss1ss3,S002,ss3,Fx,0.096517803214011,0.9230653508674024
lab7031,percent050_day1_case1,AP,tv_ss2__te_ss1ss3,S002,ss3,Fz,0.07545333712997,0.9736983156720728
lab7031,percent050_day1_case1,AP,tv_ss2__te_ss1ss3,S003,ss3,Fx,0.1043520009869797,0.9170522524178114
lab7031,percent050_day1_case1,AP,tv_ss2__te_ss1ss3,S003,ss3,Fz,0.068775530913718,0.9761585024005064
lab7031,percent050_day1_case1,AP,tv_ss2__te_ss1ss3,S004,ss3,Fx,0.1105095125207469,0.9064068021466212
lab7031,percent050_day1_case1,AP,tv_ss2__te_ss1ss3,S004,ss3,Fz,0.0802784324984227,0.97095554060396
lab7031,percent050_day1_case1,AP,tv_ss2__te_ss1ss3,S005,ss3,Fx,0.0997790691040791,0.922329304582047
lab7031,percent050_day1_case1,AP,tv_ss2__te_ss1ss3,S005,ss3,Fz,0.0967030750016893,0.9621328606511106
lab7031,percent050_day1_case1,AP,tv_ss2__te_ss1ss3,S006,ss3,Fx,0.1286633452916905,0.8776335324577976
lab7031,percent050_day1_case1,AP,tv_ss2__te_ss1ss3,S006,ss3,Fz,0.0947963353147661,0.9633479247396828
lab7031,percent050_day1_case1,AP,tv_ss2__te_ss1ss3,S007,ss3,Fx,0.0993600788591329,0.9305016450016848
lab7031,percent050_day1_case1,AP,tv_ss2__te_ss1ss3,S007,ss3,Fz,0.0637439791204394,0.9772107526267552
lab7031,percent050_day1_case1,AP,tv_ss2__te_ss1ss3,S008,ss3,Fx,0.1196744802278218,0.9171723137218132
lab7031,percent050_day1_case1,AP,tv_ss2__te_ss1ss3,S008,ss3,Fz,0.1167477081800461,0.9612696360544914
lab7031,percent050_day1_case1,AP,tv_ss2__te_ss1ss3,S009,ss3,Fx,0.1361818553599332,0.8455625063526906
lab7031,percent050_day1_case1,AP,tv_ss2__te_ss1ss3,S009,ss3,Fz,0.1307320945091806,0.9278583538275824
lab7031,percent050_day1_case1,AP,tv_ss2__te_ss1ss3,S010,ss3,Fx,0.0728944188272934,0.9653796879836608
lab7031,percent050_day1_case1,AP,tv_ss2__te_ss1ss3,S010,ss3,Fz,0.0806843398663972,0.9641422330879134
lab7031,percent050_day1_case1,AP,tv_ss2__te_ss1ss3,S012,ss3,Fx,0.0815667992555951,0.9686061013488
lab7031,percent050_day1_case1,AP,tv_ss2__te_ss1ss3,S012,ss3,Fz,0.0766629907800528,0.9770464858616548
lab7031,percent050_day1_case1,AP,tv_ss2__te_ss1ss3,S013,ss3,Fx,0.0926428775941737,0.957254320965999
lab7031,percent050_day1_case1,AP,tv_ss2__te_ss1ss3,S013,ss3,Fz,0.0836911783474506,0.9760125079718422
lab7031,percent050_day1_case1,AP,tv_ss2__te_ss1ss3,S015,ss3,Fx,0.0960495103854938,0.923422944724402
lab7031,percent050_day1_case1,AP,tv_ss2__te_ss1ss3,S015,ss3,Fz,0.0667110932175034,0.980012277950802
lab7031,percent050_day1_case1,AP,tv_ss2__te_ss1ss3,S016,ss3,Fx,0.098802159421375,0.9314509839748304
lab7031,percent050_day1_case1,AP,tv_ss2__te_ss1ss3,S016,ss3,Fz,0.1054578410704388,0.9506515213470682
lab7031,percent050_day1_case1,AP,tv_ss2__te_ss1ss3,S017,ss3,Fx,0.0758179829507959,0.963806892126282
lab7031,percent050_day1_case1,AP,tv_ss2__te_ss1ss3,S017,ss3,Fz,0.0914579854393728,0.9537035937694835
lab7031,percent050_day1_case1,AP,tv_ss2__te_ss1ss3,S018,ss3,Fx,0.0949353472101077,0.9415732066141342
lab7031,percent050_day1_case1,AP,tv_ss2__te_ss1ss3,S018,ss3,Fz,0.0820872036074917,0.9742412618996314
lab7031,percent050_day1_case1,AP,tv_ss2__te_ss1ss3,S019,ss3,Fx,0.0924479288261082,0.9475187055738508
lab7031,percent050_day1_case1,AP,tv_ss2__te_ss1ss3,S019,ss3,Fz,0.0815621552911892,0.980951621860082
lab7031,percent050_day1_case1,AP,tv_ss3__te_ss1ss2,S001,ss1,Fx,0.1732403017319118,0.9141217199759788
lab7031,percent050_day1_case1,AP,tv_ss3__te_ss1ss2,S001,ss1,Fz,0.1089632275466413,0.937220338741422
lab7031,percent050_day1_case1,AP,tv_ss3__te_ss1ss2,S002,ss1,Fx,0.2821807809863911,0.5939563168847953
lab7031,percent050_day1_case1,AP,tv_ss3__te_ss1ss2,S002,ss1,Fz,0.1876842951539805,0.8307679206982108
lab7031,percent050_day1_case1,AP,tv_ss3__te_ss1ss2,S003,ss1,Fx,0.1457677554716881,0.9156190546970506
lab7031,percent050_day1_case1,AP,tv_ss3__te_ss1ss2,S003,ss1,Fz,0.1397498388078872,0.9162053141106464
lab7031,percent050_day1_case1,AP,tv_ss3__te_ss1ss2,S004,ss1,Fx,0.2006781309865739,0.7555231648402723
lab7031,percent050_day1_case1,AP,tv_ss3__te_ss1ss2,S004,ss1,Fz,0.1851941800227599,0.9160283015758192
lab7031,percent050_day1_case1,AP,tv_ss3__te_ss1ss2,S005,ss1,Fx,0.1932492643381746,0.8378178610117786
lab7031,percent050_day1_case1,AP,tv_ss3__te_ss1ss2,S005,ss1,Fz,0.220868663200103,0.8367434107844608
lab7031,percent050_day1_case1,AP,tv_ss3__te_ss1ss2,S006,ss1,Fx,0.1707711254844096,0.8325436041767657
lab7031,percent050_day1_case1,AP,tv_ss3__te_ss1ss2,S006,ss1,Fz,0.1628438052416228,0.8984895729042633
lab7031,percent050_day1_case1,AP,tv_ss3__te_ss1ss2,S007,ss1,Fx,0.1792646314685358,0.7350625113100556
lab7031,percent050_day1_case1,AP,tv_ss3__te_ss1ss2,S007,ss1,Fz,0.1938681065606015,0.9078722895209296
lab7031,percent050_day1_case1,AP,tv_ss3__te_ss1ss2,S008,ss1,Fx,0.1462476995457483,0.8898290911358999
lab7031,percent050_day1_case1,AP,tv_ss3__te_ss1ss2,S008,ss1,Fz,0.1831227653628451,0.8922363935950549
lab7031,percent050_day1_case1,AP,tv_ss3__te_ss1ss2,S009,ss1,Fx,0.2952647889499584,0.4398921259662529
lab7031,percent050_day1_case1,AP,tv_ss3__te_ss1ss2,S009,ss1,Fz,0.2121387790532224,0.7898354539274383
lab7031,percent050_day1_case1,AP,tv_ss3__te_ss1ss2,S010,ss1,Fx,0.2067922830546382,0.8064341922121676
lab7031,percent050_day1_case1,AP,tv_ss3__te_ss1ss2,S010,ss1,Fz,0.1501855631239933,0.8161803444076093
lab7031,percent050_day1_case1,AP,tv_ss3__te_ss1ss2,S012,ss1,Fx,0.2108718446877327,0.6908189171788842
lab7031,percent050_day1_case1,AP,tv_ss3__te_ss1ss2,S012,ss1,Fz,0.110512821558507,0.9189051034497158
lab7031,percent050_day1_case1,AP,tv_ss3__te_ss1ss2,S013,ss1,Fx,0.2374278033707791,0.7306520725489014
lab7031,percent050_day1_case1,AP,tv_ss3__te_ss1ss2,S013,ss1,Fz,0.1757543589969553,0.8348836362230871
lab7031,percent050_day1_case1,AP,tv_ss3__te_ss1ss2,S014,ss1,Fx,0.1713228919803313,0.8770524066671296
lab7031,percent050_day1_case1,AP,tv_ss3__te_ss1ss2,S014,ss1,Fz,0.1925404392765269,0.8176987889356374
lab7031,percent050_day1_case1,AP,tv_ss3__te_ss1ss2,S015,ss1,Fx,0.1847952788900736,0.8566837789557527
lab7031,percent050_day1_case1,AP,tv_ss3__te_ss1ss2,S015,ss1,Fz,0.1404692822084071,0.9235428577392234
lab7031,percent050_day1_case1,AP,tv_ss3__te_ss1ss2,S016,ss1,Fx,0.314971752462936,0.5482066129031563
lab7031,percent050_day1_case1,AP,tv_ss3__te_ss1ss2,S016,ss1,Fz,0.2016955705650274,0.8087818968193994
lab7031,percent050_day1_case1,AP,tv_ss3__te_ss1ss2,S017,ss1,Fx,0.2174455182539227,0.7381293638209545
lab7031,percent050_day1_case1,AP,tv_ss3__te_ss1ss2,S017,ss1,Fz,0.0980067081811628,0.9151323561230944
lab7031,percent050_day1_case1,AP,tv_ss3__te_ss1ss2,S018,ss1,Fx,0.2679461452604787,0.6935684356717963
lab7031,percent050_day1_case1,AP,tv_ss3__te_ss1ss2,S018,ss1,Fz,0.1550138196541734,0.9341925030552348
lab7031,percent050_day1_case1,AP,tv_ss3__te_ss1ss2,S019,ss1,Fx,0.2695882076982657,0.644613270191302
lab7031,percent050_day1_case1,AP,tv_ss3__te_ss1ss2,S019,ss1,Fz,0.1206047921301908,0.952216782482666
lab7031,percent050_day1_case1,AP,tv_ss3__te_ss1ss2,S001,ss2,Fx,0.0837302348809854,0.959796273787121
lab7031,percent050_day1_case1,AP,tv_ss3__te_ss1ss2,S001,ss2,Fz,0.0745876742372669,0.9696487548052856
lab7031,percent050_day1_case1,AP,tv_ss3__te_ss1ss2,S002,ss2,Fx,0.1608262080060502,0.8415990146258753
lab7031,percent050_day1_case1,AP,tv_ss3__te_ss1ss2,S002,ss2,Fz,0.1004964496100644,0.9574781314981932
lab7031,percent050_day1_case1,AP,tv_ss3__te_ss1ss2,S003,ss2,Fx,0.0823325726185852,0.9635133678981388
lab7031,percent050_day1_case1,AP,tv_ss3__te_ss1ss2,S003,ss2,Fz,0.0762935768429276,0.9750737900868004
lab7031,percent050_day1_case1,AP,tv_ss3__te_ss1ss2,S004,ss2,Fx,0.114507934139683,0.9049373422913668
lab7031,percent050_day1_case1,AP,tv_ss3__te_ss1ss2,S004,ss2,Fz,0.1045862521531097,0.9637478941832528
lab7031,percent050_day1_case1,AP,tv_ss3__te_ss1ss2,S005,ss2,Fx,0.1196053225006374,0.9381919848973376
lab7031,percent050_day1_case1,AP,tv_ss3__te_ss1ss2,S005,ss2,Fz,0.134909738110963,0.9268770470149076
lab7031,percent050_day1_case1,AP,tv_ss3__te_ss1ss2,S006,ss2,Fx,0.1062953009402832,0.9224379208253308
lab7031,percent050_day1_case1,AP,tv_ss3__te_ss1ss2,S006,ss2,Fz,0.0855482818874734,0.9617103943890524
lab7031,percent050_day1_case1,AP,tv_ss3__te_ss1ss2,S007,ss2,Fx,0.0712137013819196,0.958139213397704
lab7031,percent050_day1_case1,AP,tv_ss3__te_ss1ss2,S007,ss2,Fz,0.1041900643229569,0.9598493290909896
lab7031,percent050_day1_case1,AP,tv_ss3__te_ss1ss2,S008,ss2,Fx,0.1077920159626538,0.8997385888504225
lab7031,percent050_day1_case1,AP,tv_ss3__te_ss1ss2,S008,ss2,Fz,0.1170501331977859,0.9542781690155704
lab7031,percent050_day1_case1,AP,tv_ss3__te_ss1ss2,S009,ss2,Fx,0.1826485068779443,0.7740378498757725
lab7031,percent050_day1_case1,AP,tv_ss3__te_ss1ss2,S009,ss2,Fz,0.1249602053675223,0.9185657815766192
lab7031,percent050_day1_case1,AP,tv_ss3__te_ss1ss2,S010,ss2,Fx,0.1106366584794636,0.9198161146647652
lab7031,percent050_day1_case1,AP,tv_ss3__te_ss1ss2,S010,ss2,Fz,0.0926503703066933,0.944489236940672
lab7031,percent050_day1_case1,AP,tv_ss3__te_ss1ss2,S012,ss2,Fx,0.089102690655655,0.9493178063327006
lab7031,percent050_day1_case1,AP,tv_ss3__te_ss1ss2,S012,ss2,Fz,0.0895572954038672,0.9558420954112932
lab7031,percent050_day1_case1,AP,tv_ss3__te_ss1ss2,S013,ss2,Fx,0.1406083482319268,0.8649352968877866
lab7031,percent050_day1_case1,AP,tv_ss3__te_ss1ss2,S013,ss2,Fz,0.122383240828449,0.926099629773298
lab7031,percent050_day1_case1,AP,tv_ss3__te_ss1ss2,S015,ss2,Fx,0.124153769181605,0.9264488970889369
lab7031,percent050_day1_case1,AP,tv_ss3__te_ss1ss2,S015,ss2,Fz,0.0631831191754598,0.97727413386464
lab7031,percent050_day1_case1,AP,tv_ss3__te_ss1ss2,S016,ss2,Fx,0.1229474511543501,0.9166846070555864
lab7031,percent050_day1_case1,AP,tv_ss3__te_ss1ss2,S016,ss2,Fz,0.1029254758620312,0.9747147916300032
lab7031,percent050_day1_case1,AP,tv_ss3__te_ss1ss2,S017,ss2,Fx,0.0915957819807032,0.9634368092717588
lab7031,percent050_day1_case1,AP,tv_ss3__te_ss1ss2,S017,ss2,Fz,0.0521245497187081,0.9769793430817032
lab7031,percent050_day1_case1,AP,tv_ss3__te_ss1ss2,S018,ss2,Fx,0.0892609340997922,0.9451837607006012
lab7031,percent050_day1_case1,AP,tv_ss3__te_ss1ss2,S018,ss2,Fz,0.0773933744015209,0.9783298852916974
lab7031,percent050_day1_case1,AP,tv_ss3__te_ss1ss2,S019,ss2,Fx,0.1935454971528714,0.7954760291177287
lab7031,percent050_day1_case1,AP,tv_ss3__te_ss1ss2,S019,ss2,Fz,0.0874553896532504,0.9642585012138368
lab7031,percent050_day1_case1,APVT,tv_te_ss1,S001,ss1,Fx,0.1077192939904806,0.8992761558484186
lab7031,percent050_day1_case1,APVT,tv_te_ss1,S001,ss1,Fz,0.0987880463337893,0.9394509212487848
lab7031,percent050_day1_case1,APVT,tv_te_ss1,S002,ss1,Fx,0.1419828174531926,0.7964475285009109
lab7031,percent050_day1_case1,APVT,tv_te_ss1,S002,ss1,Fz,0.0953982903354443,0.9185363210598688
lab7031,percent050_day1_case1,APVT,tv_te_ss1,S003,ss1,Fx,0.0789923609546427,0.9493681349196345
lab7031,percent050_day1_case1,APVT,tv_te_ss1,S003,ss1,Fz,0.0798251238107168,0.9548609563627832
lab7031,percent050_day1_case1,APVT,tv_te_ss1,S004,ss1,Fx,0.0784348863068816,0.9533054554087148
lab7031,percent050_day1_case1,APVT,tv_te_ss1,S004,ss1,Fz,0.08985423234664,0.9619548084063648
lab7031,percent050_day1_case1,APVT,tv_te_ss1,S005,ss1,Fx,0.0912889693885127,0.9284639947053424
lab7031,percent050_day1_case1,APVT,tv_te_ss1,S005,ss1,Fz,0.1039986470434392,0.941283853463218
lab7031,percent050_day1_case1,APVT,tv_te_ss1,S006,ss1,Fx,0.0815999209916567,0.9547275444796418
lab7031,percent050_day1_case1,APVT,tv_te_ss1,S006,ss1,Fz,0.0671190212810773,0.9626924517774108
lab7031,percent050_day1_case1,APVT,tv_te_ss1,S007,ss1,Fx,0.0713851725907439,0.9590928434747568
lab7031,percent050_day1_case1,APVT,tv_te_ss1,S007,ss1,Fz,0.0830702552988029,0.950299557878027
lab7031,percent050_day1_case1,APVT,tv_te_ss1,S008,ss1,Fx,0.0905050685866987,0.9367775675441916
lab7031,percent050_day1_case1,APVT,tv_te_ss1,S008,ss1,Fz,0.1131917312251087,0.9519884361071028
lab7031,percent050_day1_case1,APVT,tv_te_ss1,S009,ss1,Fx,0.1176385166146529,0.8864971392667775
lab7031,percent050_day1_case1,APVT,tv_te_ss1,S009,ss1,Fz,0.1128646016497816,0.8828078355112681
lab7031,percent050_day1_case1,APVT,tv_te_ss1,S010,ss1,Fx,0.0869622139165255,0.9293421200652
lab7031,percent050_day1_case1,APVT,tv_te_ss1,S010,ss1,Fz,0.0761252137161646,0.9371169704214471
lab7031,percent050_day1_case1,APVT,tv_te_ss1,S011,ss1,Fx,0.0703732406092671,0.9644373863384093
lab7031,percent050_day1_case1,APVT,tv_te_ss1,S011,ss1,Fz,0.1121597546226849,0.9615272053408064
lab7031,percent050_day1_case1,APVT,tv_te_ss1,S012,ss1,Fx,0.0767827521244313,0.9659565905904992
lab7031,percent050_day1_case1,APVT,tv_te_ss1,S012,ss1,Fz,0.0889772376601451,0.9610395518485396
lab7031,percent050_day1_case1,APVT,tv_te_ss1,S013,ss1,Fx,0.0928249579114573,0.9280616280391184
lab7031,percent050_day1_case1,APVT,tv_te_ss1,S013,ss1,Fz,0.1004068530666136,0.9348370747047556
lab7031,percent050_day1_case1,APVT,tv_te_ss1,S014,ss1,Fx,0.0976871889006618,0.9289269328923712
lab7031,percent050_day1_case1,APVT,tv_te_ss1,S014,ss1,Fz,0.1341717049558929,0.87597498394476
lab7031,percent050_day1_case1,APVT,tv_te_ss1,S015,ss1,Fx,0.0791735777152031,0.947788153626792
lab7031,percent050_day1_case1,APVT,tv_te_ss1,S015,ss1,Fz,0.0847434689553869,0.9578804376098168
lab7031,percent050_day1_case1,APVT,tv_te_ss1,S016,ss1,Fx,0.2320969547875295,0.5521434881448016
lab7031,percent050_day1_case1,APVT,tv_te_ss1,S016,ss1,Fz,0.1706690276004734,0.7972288228397771
lab7031,percent050_day1_case1,APVT,tv_te_ss1,S017,ss1,Fx,0.0682170523217948,0.9605874967835256
lab7031,percent050_day1_case1,APVT,tv_te_ss1,S017,ss1,Fz,0.0493142176690197,0.9819214890275996
lab7031,percent050_day1_case1,APVT,tv_te_ss1,S018,ss1,Fx,0.1044783146841219,0.9140630245625084
lab7031,percent050_day1_case1,APVT,tv_te_ss1,S018,ss1,Fz,0.0912675299350931,0.9659456373823996
lab7031,percent050_day1_case1,APVT,tv_te_ss1,S019,ss1,Fx,0.111267280113213,0.914844091146856
lab7031,percent050_day1_case1,APVT,tv_te_ss1,S019,ss1,Fz,0.0775619891655048,0.9582541494329472
lab7031,percent050_day1_case1,AP,tv_te_ss123,S001,ss1,Fx,0.1062472308532694,0.9324204919773784
lab7031,percent050_day1_case1,AP,tv_te_ss123,S001,ss1,Fz,0.0777381741462854,0.9608702394215812
lab7031,percent050_day1_case1,AP,tv_te_ss123,S002,ss1,Fx,0.1297734277397313,0.8423392300839015
lab7031,percent050_day1_case1,AP,tv_te_ss123,S002,ss1,Fz,0.0931032331933929,0.932704159070598
lab7031,percent050_day1_case1,AP,tv_te_ss123,S003,ss1,Fx,0.0807733805475203,0.9471212877543854
lab7031,percent050_day1_case1,AP,tv_te_ss123,S003,ss1,Fz,0.0772061067006695,0.9592536322949716
lab7031,percent050_day1_case1,AP,tv_te_ss123,S004,ss1,Fx,0.0795808370783309,0.9575733918293254
lab7031,percent050_day1_case1,AP,tv_te_ss123,S004,ss1,Fz,0.080288992202816,0.9688515956364496
lab7031,percent050_day1_case1,AP,tv_te_ss123,S005,ss1,Fx,0.089123534222515,0.9342467498558168
lab7031,percent050_day1_case1,AP,tv_te_ss123,S005,ss1,Fz,0.1075338495893416,0.9458639423758116
lab7031,percent050_day1_case1,AP,tv_te_ss123,S006,ss1,Fx,0.0808180654090009,0.9527574307103636
lab7031,percent050_day1_case1,AP,tv_te_ss123,S006,ss1,Fz,0.075292494306923,0.9571220325724524
lab7031,percent050_day1_case1,AP,tv_te_ss123,S007,ss1,Fx,0.075109401350427,0.9558505291454216
lab7031,percent050_day1_case1,AP,tv_te_ss123,S007,ss1,Fz,0.0885290508916887,0.94413959179644
lab7031,percent050_day1_case1,AP,tv_te_ss123,S008,ss1,Fx,0.0757541401191828,0.95395436208305
lab7031,percent050_day1_case1,AP,tv_te_ss123,S008,ss1,Fz,0.1186798809315228,0.9539663200159316
lab7031,percent050_day1_case1,AP,tv_te_ss123,S009,ss1,Fx,0.1121777177835398,0.9101967526024606
lab7031,percent050_day1_case1,AP,tv_te_ss123,S009,ss1,Fz,0.1124482818524343,0.9005399398276084
lab7031,percent050_day1_case1,AP,tv_te_ss123,S010,ss1,Fx,0.091272973527796,0.9225021132429468
lab7031,percent050_day1_case1,AP,tv_te_ss123,S010,ss1,Fz,0.0787545255939449,0.9302627291447289
lab7031,percent050_day1_case1,AP,tv_te_ss123,S011,ss1,Fx,0.0781474457711192,0.9626969006413048
lab7031,percent050_day1_case1,AP,tv_te_ss123,S011,ss1,Fz,0.0997414296495284,0.9653935554433708
lab7031,percent050_day1_case1,AP,tv_te_ss123,S012,ss1,Fx,0.0821674947391258,0.957324925603665
lab7031,percent050_day1_case1,AP,tv_te_ss123,S012,ss1,Fz,0.0685898056395728,0.9621149195779932
lab7031,percent050_day1_case1,AP,tv_te_ss123,S013,ss1,Fx,0.0941990864174053,0.9295787385302208
lab7031,percent050_day1_case1,AP,tv_te_ss123,S013,ss1,Fz,0.0955007041787791,0.9400569813403852
lab7031,percent050_day1_case1,AP,tv_te_ss123,S014,ss1,Fx,0.0891591530760008,0.9352224542790784
lab7031,percent050_day1_case1,AP,tv_te_ss123,S014,ss1,Fz,0.1321532396030799,0.9006478219235122
lab7031,percent050_day1_case1,AP,tv_te_ss123,S015,ss1,Fx,0.0940387730286584,0.9326413800215017
lab7031,percent050_day1_case1,AP,tv_te_ss123,S015,ss1,Fz,0.0711824038893543,0.9623089262684924
lab7031,percent050_day1_case1,AP,tv_te_ss123,S016,ss1,Fx,0.2410282041992775,0.5847602986532611
lab7031,percent050_day1_case1,AP,tv_te_ss123,S016,ss1,Fz,0.1523681600658908,0.8373077672868838
lab7031,percent050_day1_case1,AP,tv_te_ss123,S017,ss1,Fx,0.0716272037933939,0.9630846550762692
lab7031,percent050_day1_case1,AP,tv_te_ss123,S017,ss1,Fz,0.0480871787579116,0.9808065857421052
lab7031,percent050_day1_case1,AP,tv_te_ss123,S018,ss1,Fx,0.0988784176807733,0.9231213206724966
lab7031,percent050_day1_case1,AP,tv_te_ss123,S018,ss1,Fz,0.0769584486079039,0.9737846637028966
lab7031,percent050_day1_case1,AP,tv_te_ss123,S019,ss1,Fx,0.1038997172255478,0.9262027669497452
lab7031,percent050_day1_case1,AP,tv_te_ss123,S019,ss1,Fz,0.0727699056421315,0.9638727560014396
lab7031,percent050_day1_case1,AP,tv_te_ss123,S001,ss2,Fx,0.0637170414136809,0.9665212867632552
lab7031,percent050_day1_case1,AP,tv_te_ss123,S001,ss2,Fz,0.0633743948245305,0.9789010212974368
lab7031,percent050_day1_case1,AP,tv_te_ss123,S002,ss2,Fx,0.0962016979282879,0.9224777486746868
lab7031,percent050_day1_case1,AP,tv_te_ss123,S002,ss2,Fz,0.0631438155276658,0.9762110406648674
lab7031,percent050_day1_case1,AP,tv_te_ss123,S003,ss2,Fx,0.0641009888224601,0.9729863974836442
lab7031,percent050_day1_case1,AP,tv_te_ss123,S003,ss2,Fz,0.0608994086628627,0.9790743372079346
lab7031,percent050_day1_case1,AP,tv_te_ss123,S004,ss2,Fx,0.0937301924829115,0.9369524848891696
lab7031,percent050_day1_case1,AP,tv_te_ss123,S004,ss2,Fz,0.0806611399807903,0.969910502565824
lab7031,percent050_day1_case1,AP,tv_te_ss123,S005,ss2,Fx,0.0727237968240314,0.9600105556625416
lab7031,percent050_day1_case1,AP,tv_te_ss123,S005,ss2,Fz,0.0914088289765975,0.9555285630587808
lab7031,percent050_day1_case1,AP,tv_te_ss123,S006,ss2,Fx,0.1012664533542073,0.9285241782945506
lab7031,percent050_day1_case1,AP,tv_te_ss123,S006,ss2,Fz,0.0710825893993606,0.9687302805071204
lab7031,percent050_day1_case1,AP,tv_te_ss123,S007,ss2,Fx,0.0665980596998784,0.9604397717103744
lab7031,percent050_day1_case1,AP,tv_te_ss123,S007,ss2,Fz,0.0790745292071865,0.961229013784874
lab7031,percent050_day1_case1,AP,tv_te_ss123,S008,ss2,Fx,0.0798278594997788,0.955795445332166
lab7031,percent050_day1_case1,AP,tv_te_ss123,S008,ss2,Fz,0.1047873012833505,0.9656490226557762
lab7031,percent050_day1_case1,AP,tv_te_ss123,S009,ss2,Fx,0.1287487828370255,0.8786655995540654
lab7031,percent050_day1_case1,AP,tv_te_ss123,S009,ss2,Fz,0.1066147934911206,0.9250357160306026
lab7031,percent050_day1_case1,AP,tv_te_ss123,S010,ss2,Fx,0.0824971596334303,0.942112542239108
lab7031,percent050_day1_case1,AP,tv_te_ss123,S010,ss2,Fz,0.0645881719937106,0.9695870672476046
lab7031,percent050_day1_case1,AP,tv_te_ss123,S011,ss2,Fx,0.0715272114244066,0.9665907404546128
lab7031,percent050_day1_case1,AP,tv_te_ss123,S011,ss2,Fz,0.1042875563375348,0.9745448921190852
lab7031,percent050_day1_case1,AP,tv_te_ss123,S012,ss2,Fx,0.081101625365961,0.96255944095974
lab7031,percent050_day1_case1,AP,tv_te_ss123,S012,ss2,Fz,0.0658111202739492,0.973790769244721
lab7031,percent050_day1_case1,AP,tv_te_ss123,S013,ss2,Fx,0.0774725622508833,0.9558114646744594
lab7031,percent050_day1_case1,AP,tv_te_ss123,S013,ss2,Fz,0.0886383584509658,0.9460622640003205
lab7031,percent050_day1_case1,AP,tv_te_ss123,S015,ss2,Fx,0.0704631526994708,0.9611445865409132
lab7031,percent050_day1_case1,AP,tv_te_ss123,S015,ss2,Fz,0.0487461044754717,0.9850581323940302
lab7031,percent050_day1_case1,AP,tv_te_ss123,S016,ss2,Fx,0.0842367641282525,0.9535573499240888
lab7031,percent050_day1_case1,AP,tv_te_ss123,S016,ss2,Fz,0.0738065133081484,0.9738146371404528
lab7031,percent050_day1_case1,AP,tv_te_ss123,S017,ss2,Fx,0.0560788380227419,0.9764499158410452
lab7031,percent050_day1_case1,AP,tv_te_ss123,S017,ss2,Fz,0.049617174964815,0.9839900456911156
lab7031,percent050_day1_case1,AP,tv_te_ss123,S018,ss2,Fx,0.100324599795102,0.9167179556587434
lab7031,percent050_day1_case1,AP,tv_te_ss123,S018,ss2,Fz,0.069334923591721,0.9816055440663964
lab7031,percent050_day1_case1,AP,tv_te_ss123,S019,ss2,Fx,0.1136304423774989,0.9045395223867432
lab7031,percent050_day1_case1,AP,tv_te_ss123,S019,ss2,Fz,0.0710892315198741,0.9727222315167858
lab7031,percent050_day1_case1,AP,tv_te_ss123,S001,ss3,Fx,0.0579411262972423,0.9743421321363174
lab7031,percent050_day1_case1,AP,tv_te_ss123,S001,ss3,Fz,0.0609235288218372,0.9846377749748624
lab7031,percent050_day1_case1,AP,tv_te_ss123,S002,ss3,Fx,0.0961739614246551,0.9256762456146652
lab7031,percent050_day1_case1,AP,tv_te_ss123,S002,ss3,Fz,0.0681971385090741,0.9747730514523636
lab7031,percent050_day1_case1,AP,tv_te_ss123,S003,ss3,Fx,0.0517374426615921,0.9815972716187468
lab7031,percent050_day1_case1,AP,tv_te_ss123,S003,ss3,Fz,0.0490891833689061,0.9873708895980838
lab7031,percent050_day1_case1,AP,tv_te_ss123,S004,ss3,Fx,0.0643662286722397,0.9683490887986408
lab7031,percent050_day1_case1,AP,tv_te_ss123,S004,ss3,Fz,0.0566989926745884,0.9855974049416611
lab7031,percent050_day1_case1,AP,tv_te_ss123,S005,ss3,Fx,0.0757325421468903,0.9493902974384744
lab7031,percent050_day1_case1,AP,tv_te_ss123,S005,ss3,Fz,0.0777851889501736,0.966903727929783
lab7031,percent050_day1_case1,AP,tv_te_ss123,S006,ss3,Fx,0.1123007941494206,0.9082035313944568
lab7031,percent050_day1_case1,AP,tv_te_ss123,S006,ss3,Fz,0.0746372008662005,0.9755559766992236
lab7031,percent050_day1_case1,AP,tv_te_ss123,S007,ss3,Fx,0.0549144245834062,0.9775812868621224
lab7031,percent050_day1_case1,AP,tv_te_ss123,S007,ss3,Fz,0.0608462459180435,0.9792249100394944
lab7031,percent050_day1_case1,AP,tv_te_ss123,S008,ss3,Fx,0.1018884273783485,0.9262074180241322
lab7031,percent050_day1_case1,AP,tv_te_ss123,S008,ss3,Fz,0.0974247903215574,0.9683080235475714
lab7031,percent050_day1_case1,AP,tv_te_ss123,S009,ss3,Fx,0.1247378222958233,0.9144754031968954
lab7031,percent050_day1_case1,AP,tv_te_ss123,S009,ss3,Fz,0.1102092530303533,0.9391568873193432
lab7031,percent050_day1_case1,AP,tv_te_ss123,S010,ss3,Fx,0.0612267926375799,0.9710443257838076
lab7031,percent050_day1_case1,AP,tv_te_ss123,S010,ss3,Fz,0.0617154352200058,0.975957186368296
lab7031,percent050_day1_case1,AP,tv_te_ss123,S012,ss3,Fx,0.0599023766497695,0.9769177505703616
lab7031,percent050_day1_case1,AP,tv_te_ss123,S012,ss3,Fz,0.0609330370767019,0.9811941261876352
lab7031,percent050_day1_case1,AP,tv_te_ss123,S013,ss3,Fx,0.066934785722335,0.97671434266994
lab7031,percent050_day1_case1,AP,tv_te_ss123,S013,ss3,Fz,0.0725853983732547,0.9688911296324136
lab7031,percent050_day1_case1,AP,tv_te_ss123,S014,ss3,Fx,0.1139987712480863,0.8841872196958824
lab7031,percent050_day1_case1,AP,tv_te_ss123,S014,ss3,Fz,0.0870556234180042,0.9619472378131368
lab7031,percent050_day1_case1,AP,tv_te_ss123,S015,ss3,Fx,0.0669900644006976,0.9643325088948648
lab7031,percent050_day1_case1,AP,tv_te_ss123,S015,ss3,Fz,0.0502775905156859,0.9834032132589836
lab7031,percent050_day1_case1,AP,tv_te_ss123,S016,ss3,Fx,0.0661965864629059,0.9704389547514168
lab7031,percent050_day1_case1,AP,tv_te_ss123,S016,ss3,Fz,0.0876701334068434,0.9666445108361958
lab7031,percent050_day1_case1,AP,tv_te_ss123,S017,ss3,Fx,0.056203182021347,0.9777062079863208
lab7031,percent050_day1_case1,AP,tv_te_ss123,S017,ss3,Fz,0.0684340952298884,0.9768788612638272
lab7031,percent050_day1_case1,AP,tv_te_ss123,S018,ss3,Fx,0.0671463783528927,0.9621816126940108
lab7031,percent050_day1_case1,AP,tv_te_ss123,S018,ss3,Fz,0.0544038803280601,0.9874331290794957
lab7031,percent050_day1_case1,AP,tv_te_ss123,S019,ss3,Fx,0.0659258846157189,0.9651041820587482
lab7031,percent050_day1_case1,AP,tv_te_ss123,S019,ss3,Fz,0.0612187203405189,0.9833729401634236
lab7031,percent050_day1_case1,VT,tv_te_ss2,S001,ss2,Fx,0.0762658499291651,0.963485638879514
lab7031,percent050_day1_case1,VT,tv_te_ss2,S001,ss2,Fz,0.0729408116745722,0.9719106770984958
lab7031,percent050_day1_case1,VT,tv_te_ss2,S002,ss2,Fx,0.1001746354171619,0.9065616182202784
lab7031,percent050_day1_case1,VT,tv_te_ss2,S002,ss2,Fz,0.0737910418112263,0.9677303184712188
lab7031,percent050_day1_case1,VT,tv_te_ss2,S003,ss2,Fx,0.0545534723864895,0.977407762149022
lab7031,percent050_day1_case1,VT,tv_te_ss2,S003,ss2,Fz,0.0643589404927208,0.9795172253230569
lab7031,percent050_day1_case1,VT,tv_te_ss2,S004,ss2,Fx,0.0787154250558424,0.9544120372199374
lab7031,percent050_day1_case1,VT,tv_te_ss2,S004,ss2,Fz,0.0892491287723168,0.9689029771509842
lab7031,percent050_day1_case1,VT,tv_te_ss2,S005,ss2,Fx,0.0719993453042822,0.9599402690881516
lab7031,percent050_day1_case1,VT,tv_te_ss2,S005,ss2,Fz,0.0983150975885849,0.9567219053691276
lab7031,percent050_day1_case1,VT,tv_te_ss2,S006,ss2,Fx,0.1029156423599941,0.9255890190718384
lab7031,percent050_day1_case1,VT,tv_te_ss2,S006,ss2,Fz,0.081506330281817,0.9617639744803196
lab7031,percent050_day1_case1,VT,tv_te_ss2,S007,ss2,Fx,0.073217840671846,0.9507603443366875
lab7031,percent050_day1_case1,VT,tv_te_ss2,S007,ss2,Fz,0.0776484601203201,0.9622187226040666
lab7031,percent050_day1_case1,VT,tv_te_ss2,S008,ss2,Fx,0.079532970513382,0.955596952423394
lab7031,percent050_day1_case1,VT,tv_te_ss2,S008,ss2,Fz,0.1042631651166386,0.966108969816974
lab7031,percent050_day1_case1,VT,tv_te_ss2,S009,ss2,Fx,0.1352092074128099,0.8340760450156877
lab7031,percent050_day1_case1,VT,tv_te_ss2,S009,ss2,Fz,0.108147320587306,0.9238392326717428
lab7031,percent050_day1_case1,VT,tv_te_ss2,S010,ss2,Fx,0.0744997088078636,0.9591908750976168
lab7031,percent050_day1_case1,VT,tv_te_ss2,S010,ss2,Fz,0.0724727022645866,0.964451941617145
lab7031,percent050_day1_case1,VT,tv_te_ss2,S011,ss2,Fx,0.0877936246888843,0.9320796621204692
lab7031,percent050_day1_case1,VT,tv_te_ss2,S011,ss2,Fz,0.1233060910788046,0.9658802253234048
lab7031,percent050_day1_case1,VT,tv_te_ss2,S012,ss2,Fx,0.073807123940332,0.9653926572121208
lab7031,percent050_day1_case1,VT,tv_te_ss2,S012,ss2,Fz,0.0763429653553884,0.9784773857330216
lab7031,percent050_day1_case1,VT,tv_te_ss2,S013,ss2,Fx,0.0875809615941112,0.935444753393732
lab7031,percent050_day1_case1,VT,tv_te_ss2,S013,ss2,Fz,0.0882475042378507,0.9486516817972266
lab7031,percent050_day1_case1,VT,tv_te_ss2,S015,ss2,Fx,0.068544037340813,0.9642872501127194
lab7031,percent050_day1_case1,VT,tv_te_ss2,S015,ss2,Fz,0.0515903879414857,0.9829781364301116
lab7031,percent050_day1_case1,VT,tv_te_ss2,S016,ss2,Fx,0.0838093946165781,0.950035267430922
lab7031,percent050_day1_case1,VT,tv_te_ss2,S016,ss2,Fz,0.0857080561291652,0.95631321014758
lab7031,percent050_day1_case1,VT,tv_te_ss2,S017,ss2,Fx,0.0538242834596137,0.976284676786656
lab7031,percent050_day1_case1,VT,tv_te_ss2,S017,ss2,Fz,0.0554504679516608,0.9744684141169146
lab7031,percent050_day1_case1,VT,tv_te_ss2,S018,ss2,Fx,0.1081211203187576,0.9062998989227834
lab7031,percent050_day1_case1,VT,tv_te_ss2,S018,ss2,Fz,0.0784669426946733,0.9687012860210568
lab7031,percent050_day1_case1,VT,tv_te_ss2,S019,ss2,Fx,0.1301180204526341,0.8725387267937478
lab7031,percent050_day1_case1,VT,tv_te_ss2,S019,ss2,Fz,0.0800187142852305,0.9636299197168972
lab7035,full_day1,AP,tv_ss1__te_ss2ss3,S001,ss2,Fx,0.1251768264330899,0.9254615394403034
lab7035,full_day1,AP,tv_ss1__te_ss2ss3,S001,ss2,Fz,0.1029592622041164,0.9542956657742268
lab7035,full_day1,AP,tv_ss1__te_ss2ss3,S002,ss2,Fx,0.0973122755588846,0.9295875676066204
lab7035,full_day1,AP,tv_ss1__te_ss2ss3,S002,ss2,Fz,0.0870528737533317,0.9588254748642044
lab7035,full_day1,AP,tv_ss1__te_ss2ss3,S003,ss2,Fx,0.1098624405995585,0.9227282538491668
lab7035,full_day1,AP,tv_ss1__te_ss2ss3,S003,ss2,Fz,0.0841387032064321,0.9569254003202536
lab7035,full_day1,AP,tv_ss1__te_ss2ss3,S004,ss2,Fx,0.1179431164896342,0.9380158269058064
lab7035,full_day1,AP,tv_ss1__te_ss2ss3,S004,ss2,Fz,0.1126721134202875,0.9426740082655394
lab7035,full_day1,AP,tv_ss1__te_ss2ss3,S005,ss2,Fx,0.0889734389948214,0.9444778977783512
lab7035,full_day1,AP,tv_ss1__te_ss2ss3,S005,ss2,Fz,0.1023152312112814,0.9476490022139912
lab7035,full_day1,AP,tv_ss1__te_ss2ss3,S006,ss2,Fx,0.1215660313446216,0.9122120963027792
lab7035,full_day1,AP,tv_ss1__te_ss2ss3,S006,ss2,Fz,0.0934794737904472,0.9636726486936392
lab7035,full_day1,AP,tv_ss1__te_ss2ss3,S007,ss2,Fx,0.1190833307819604,0.9066444089748922
lab7035,full_day1,AP,tv_ss1__te_ss2ss3,S007,ss2,Fz,0.0875052071750455,0.951227969224926
lab7035,full_day1,AP,tv_ss1__te_ss2ss3,S008,ss2,Fx,0.1208736560643088,0.9327143936826592
lab7035,full_day1,AP,tv_ss1__te_ss2ss3,S008,ss2,Fz,0.1266650694527887,0.9509193454782078
lab7035,full_day1,AP,tv_ss1__te_ss2ss3,S009,ss2,Fx,0.1388706179727913,0.8406843154401206
lab7035,full_day1,AP,tv_ss1__te_ss2ss3,S009,ss2,Fz,0.1402153008923535,0.8846329188737863
lab7035,full_day1,AP,tv_ss1__te_ss2ss3,S010,ss2,Fx,0.0941240378615165,0.9415377778162994
lab7035,full_day1,AP,tv_ss1__te_ss2ss3,S010,ss2,Fz,0.0912857786777962,0.948528331692913
lab7035,full_day1,AP,tv_ss1__te_ss2ss3,S011,ss2,Fx,0.1175710941652242,0.8765605446398119
lab7035,full_day1,AP,tv_ss1__te_ss2ss3,S011,ss2,Fz,0.1177859583963491,0.9532101666367906
lab7035,full_day1,AP,tv_ss1__te_ss2ss3,S012,ss2,Fx,0.094750665236543,0.9711702472215848
lab7035,full_day1,AP,tv_ss1__te_ss2ss3,S012,ss2,Fz,0.0993222983779046,0.950223305799931
lab7035,full_day1,AP,tv_ss1__te_ss2ss3,S013,ss2,Fx,0.0913323249054638,0.9508363642434594
lab7035,full_day1,AP,tv_ss1__te_ss2ss3,S013,ss2,Fz,0.0960924408211668,0.9391565626198924
lab7035,full_day1,AP,tv_ss1__te_ss2ss3,S015,ss2,Fx,0.1117414801633251,0.8985795061075825
lab7035,full_day1,AP,tv_ss1__te_ss2ss3,S015,ss2,Fz,0.08598328795456,0.961038651098744
lab7035,full_day1,AP,tv_ss1__te_ss2ss3,S016,ss2,Fx,0.1178843399325096,0.901085896767838
lab7035,full_day1,AP,tv_ss1__te_ss2ss3,S016,ss2,Fz,0.1064017348210013,0.9505466226124883
lab7035,full_day1,AP,tv_ss1__te_ss2ss3,S017,ss2,Fx,0.0844492169631235,0.9684019745474548
lab7035,full_day1,AP,tv_ss1__te_ss2ss3,S017,ss2,Fz,0.0691928583789277,0.9733718466830504
lab7035,full_day1,AP,tv_ss1__te_ss2ss3,S018,ss2,Fx,0.104899399595111,0.9351953751534556
lab7035,full_day1,AP,tv_ss1__te_ss2ss3,S018,ss2,Fz,0.0959798786849518,0.9728039468572346
lab7035,full_day1,AP,tv_ss1__te_ss2ss3,S019,ss2,Fx,0.1479689379213813,0.8406951043165392
lab7035,full_day1,AP,tv_ss1__te_ss2ss3,S019,ss2,Fz,0.0934710415939952,0.9587230001326824
lab7035,full_day1,AP,tv_ss1__te_ss2ss3,S001,ss3,Fx,0.1710231411818176,0.820586356821907
lab7035,full_day1,AP,tv_ss1__te_ss2ss3,S001,ss3,Fz,0.129674200641175,0.9478473247013168
lab7035,full_day1,AP,tv_ss1__te_ss2ss3,S002,ss3,Fx,0.1272639197741181,0.9029492796344818
lab7035,full_day1,AP,tv_ss1__te_ss2ss3,S002,ss3,Fz,0.1240470044916541,0.949063082110282
lab7035,full_day1,AP,tv_ss1__te_ss2ss3,S003,ss3,Fx,0.151056807384465,0.8465724585199876
lab7035,full_day1,AP,tv_ss1__te_ss2ss3,S003,ss3,Fz,0.111902038444823,0.9449910941322284
lab7035,full_day1,AP,tv_ss1__te_ss2ss3,S004,ss3,Fx,0.1677624634806718,0.8423466694114299
lab7035,full_day1,AP,tv_ss1__te_ss2ss3,S004,ss3,Fz,0.1318860656313228,0.9335804296284944
lab7035,full_day1,AP,tv_ss1__te_ss2ss3,S005,ss3,Fx,0.1461947267213157,0.8488249368441326
lab7035,full_day1,AP,tv_ss1__te_ss2ss3,S005,ss3,Fz,0.1209549745361135,0.9381030284232784
lab7035,full_day1,AP,tv_ss1__te_ss2ss3,S006,ss3,Fx,0.166636544447698,0.8085736000999451
lab7035,full_day1,AP,tv_ss1__te_ss2ss3,S006,ss3,Fz,0.1245813709378478,0.9539754503671364
lab7035,full_day1,AP,tv_ss1__te_ss2ss3,S007,ss3,Fx,0.1703042464407669,0.7861338239356663
lab7035,full_day1,AP,tv_ss1__te_ss2ss3,S007,ss3,Fz,0.1129169756958812,0.9474549554943154
lab7035,full_day1,AP,tv_ss1__te_ss2ss3,S008,ss3,Fx,0.1678072293682639,0.8579564018598083
lab7035,full_day1,AP,tv_ss1__te_ss2ss3,S008,ss3,Fz,0.1500630848373877,0.9472548997320416
lab7035,full_day1,AP,tv_ss1__te_ss2ss3,S009,ss3,Fx,0.1866215536476877,0.6850514528481821
lab7035,full_day1,AP,tv_ss1__te_ss2ss3,S009,ss3,Fz,0.1866888678395767,0.8691990894629584
lab7035,full_day1,AP,tv_ss1__te_ss2ss3,S010,ss3,Fx,0.1126861907983642,0.9421611620407648
lab7035,full_day1,AP,tv_ss1__te_ss2ss3,S010,ss3,Fz,0.107171568890328,0.9522195490183843
lab7035,full_day1,AP,tv_ss1__te_ss2ss3,S012,ss3,Fx,0.1328280552916561,0.934692360968418
lab7035,full_day1,AP,tv_ss1__te_ss2ss3,S012,ss3,Fz,0.1182972428388244,0.9591578502908664
lab7035,full_day1,AP,tv_ss1__te_ss2ss3,S013,ss3,Fx,0.1224391650889867,0.9430640099805336
lab7035,full_day1,AP,tv_ss1__te_ss2ss3,S013,ss3,Fz,0.1129507625555171,0.9536919200188624
lab7035,full_day1,AP,tv_ss1__te_ss2ss3,S014,ss3,Fx,0.193485324709199,0.667417219417641
lab7035,full_day1,AP,tv_ss1__te_ss2ss3,S014,ss3,Fz,0.1257971340865799,0.9308816800949602
lab7035,full_day1,AP,tv_ss1__te_ss2ss3,S015,ss3,Fx,0.1634087769559051,0.7565216295270459
lab7035,full_day1,AP,tv_ss1__te_ss2ss3,S015,ss3,Fz,0.1319711608557184,0.9355037646748626
lab7035,full_day1,AP,tv_ss1__te_ss2ss3,S016,ss3,Fx,0.1248074764072133,0.9056656954436576
lab7035,full_day1,AP,tv_ss1__te_ss2ss3,S016,ss3,Fz,0.1446525730989001,0.910608971441417
lab7035,full_day1,AP,tv_ss1__te_ss2ss3,S017,ss3,Fx,0.1344475554598576,0.9237674498480593
lab7035,full_day1,AP,tv_ss1__te_ss2ss3,S017,ss3,Fz,0.1151319114221285,0.950516834940764
lab7035,full_day1,AP,tv_ss1__te_ss2ss3,S018,ss3,Fx,0.1386177618129543,0.9000439913222001
lab7035,full_day1,AP,tv_ss1__te_ss2ss3,S018,ss3,Fz,0.1305412438014506,0.954035645769082
lab7035,full_day1,AP,tv_ss1__te_ss2ss3,S019,ss3,Fx,0.1485620318305006,0.8793268575769877
lab7035,full_day1,AP,tv_ss1__te_ss2ss3,S019,ss3,Fz,0.1099588570703695,0.9665236647843108
lab7035,full_day1,VT,tv_ss2__te_ss1ss3,S001,ss1,Fx,0.132857616457453,0.9287261292245031
lab7035,full_day1,VT,tv_ss2__te_ss1ss3,S001,ss1,Fz,0.089140554746048,0.9520943218952982
lab7035,full_day1,VT,tv_ss2__te_ss1ss3,S002,ss1,Fx,0.2153546548890352,0.7867435953443124
lab7035,full_day1,VT,tv_ss2__te_ss1ss3,S002,ss1,Fz,0.1184404826373033,0.8938332470253835
lab7035,full_day1,VT,tv_ss2__te_ss1ss3,S003,ss1,Fx,0.0934798666338157,0.9359587061865412
lab7035,full_day1,VT,tv_ss2__te_ss1ss3,S003,ss1,Fz,0.1053108426662346,0.9423672522486056
lab7035,full_day1,VT,tv_ss2__te_ss1ss3,S004,ss1,Fx,0.0908450493823693,0.943663482097435
lab7035,full_day1,VT,tv_ss2__te_ss1ss3,S004,ss1,Fz,0.0924405427281287,0.9538453138247192
lab7035,full_day1,VT,tv_ss2__te_ss1ss3,S005,ss1,Fx,0.121681381773156,0.923332994322936
lab7035,full_day1,VT,tv_ss2__te_ss1ss3,S005,ss1,Fz,0.1488860456761815,0.9300075337893318
lab7035,full_day1,VT,tv_ss2__te_ss1ss3,S006,ss1,Fx,0.0836874956607185,0.9568620833191168
lab7035,full_day1,VT,tv_ss2__te_ss1ss3,S006,ss1,Fz,0.0760194583953992,0.9526874567597872
lab7035,full_day1,VT,tv_ss2__te_ss1ss3,S007,ss1,Fx,0.1012837524395879,0.9341164981862564
lab7035,full_day1,VT,tv_ss2__te_ss1ss3,S007,ss1,Fz,0.1097802469049627,0.930887878272788
lab7035,full_day1,VT,tv_ss2__te_ss1ss3,S008,ss1,Fx,0.0865230712861782,0.9502788023901164
lab7035,full_day1,VT,tv_ss2__te_ss1ss3,S008,ss1,Fz,0.1384551990922339,0.9452222045966112
lab7035,full_day1,VT,tv_ss2__te_ss1ss3,S009,ss1,Fx,0.1578402022157477,0.8838437148314107
lab7035,full_day1,VT,tv_ss2__te_ss1ss3,S009,ss1,Fz,0.1605555556092598,0.8189864182880455
lab7035,full_day1,VT,tv_ss2__te_ss1ss3,S010,ss1,Fx,0.110850205792788,0.9119023899153778
lab7035,full_day1,VT,tv_ss2__te_ss1ss3,S010,ss1,Fz,0.0915019714672369,0.9168893619045512
lab7035,full_day1,VT,tv_ss2__te_ss1ss3,S011,ss1,Fx,0.1285243532012146,0.9559564368877296
lab7035,full_day1,VT,tv_ss2__te_ss1ss3,S011,ss1,Fz,0.1244288933072721,0.960450326679313
lab7035,full_day1,VT,tv_ss2__te_ss1ss3,S012,ss1,Fx,0.0852675367438853,0.9532700362081136
lab7035,full_day1,VT,tv_ss2__te_ss1ss3,S012,ss1,Fz,0.1009876604922938,0.9291854629945768
lab7035,full_day1,VT,tv_ss2__te_ss1ss3,S013,ss1,Fx,0.1299345365702474,0.8940707507893115
lab7035,full_day1,VT,tv_ss2__te_ss1ss3,S013,ss1,Fz,0.1163503473572526,0.9109479083948776
lab7035,full_day1,VT,tv_ss2__te_ss1ss3,S015,ss1,Fx,0.1248968333098618,0.926748209581688
lab7035,full_day1,VT,tv_ss2__te_ss1ss3,S015,ss1,Fz,0.0911351563606435,0.9401197057097735
lab7035,full_day1,VT,tv_ss2__te_ss1ss3,S016,ss1,Fx,0.2234775252931316,0.7081810741026429
lab7035,full_day1,VT,tv_ss2__te_ss1ss3,S016,ss1,Fz,0.1581226233949785,0.853294663693068
lab7035,full_day1,VT,tv_ss2__te_ss1ss3,S017,ss1,Fx,0.1250518548214153,0.9324746078903722
lab7035,full_day1,VT,tv_ss2__te_ss1ss3,S017,ss1,Fz,0.063759026582972,0.9580806270472444
lab7035,full_day1,VT,tv_ss2__te_ss1ss3,S018,ss1,Fx,0.1354178435156343,0.8943340861250555
lab7035,full_day1,VT,tv_ss2__te_ss1ss3,S018,ss1,Fz,0.1059956697370918,0.9344460999431106
lab7035,full_day1,VT,tv_ss2__te_ss1ss3,S019,ss1,Fx,0.1737915351358961,0.8661709833790019
lab7035,full_day1,VT,tv_ss2__te_ss1ss3,S019,ss1,Fz,0.0790260779935857,0.9588842129033404
lab7035,full_day1,VT,tv_ss2__te_ss1ss3,S001,ss3,Fx,0.0894224258832568,0.9557356839760774
lab7035,full_day1,VT,tv_ss2__te_ss1ss3,S001,ss3,Fz,0.0759357347960094,0.9820320362729394
lab7035,full_day1,VT,tv_ss2__te_ss1ss3,S002,ss3,Fx,0.0878566778915622,0.9293823715654418
lab7035,full_day1,VT,tv_ss2__te_ss1ss3,S002,ss3,Fz,0.0808300803321083,0.97124828843397
lab7035,full_day1,VT,tv_ss2__te_ss1ss3,S003,ss3,Fx,0.0972219517220989,0.936494336078336
lab7035,full_day1,VT,tv_ss2__te_ss1ss3,S003,ss3,Fz,0.0694450991509678,0.9748274430005972
lab7035,full_day1,VT,tv_ss2__te_ss1ss3,S004,ss3,Fx,0.0911224866088908,0.9541264281346916
lab7035,full_day1,VT,tv_ss2__te_ss1ss3,S004,ss3,Fz,0.0879808106229866,0.9704177598640464
lab7035,full_day1,VT,tv_ss2__te_ss1ss3,S005,ss3,Fx,0.0984104189802414,0.9205440788768092
lab7035,full_day1,VT,tv_ss2__te_ss1ss3,S005,ss3,Fz,0.0916387189643628,0.9631272256486656
lab7035,full_day1,VT,tv_ss2__te_ss1ss3,S006,ss3,Fx,0.123772533952637,0.8928827916184605
lab7035,full_day1,VT,tv_ss2__te_ss1ss3,S006,ss3,Fz,0.0865257853822696,0.9701310165546684
lab7035,full_day1,VT,tv_ss2__te_ss1ss3,S007,ss3,Fx,0.0845506764288059,0.9628685702071372
lab7035,full_day1,VT,tv_ss2__te_ss1ss3,S007,ss3,Fz,0.0635640654604358,0.9792067854391056
lab7035,full_day1,VT,tv_ss2__te_ss1ss3,S008,ss3,Fx,0.1180704525081853,0.922631008459947
lab7035,full_day1,VT,tv_ss2__te_ss1ss3,S008,ss3,Fz,0.1106147699770954,0.964661236742442
lab7035,full_day1,VT,tv_ss2__te_ss1ss3,S009,ss3,Fx,0.1953970177855919,0.6405370957490345
lab7035,full_day1,VT,tv_ss2__te_ss1ss3,S009,ss3,Fz,0.1383609655137961,0.9043012702839068
lab7035,full_day1,VT,tv_ss2__te_ss1ss3,S010,ss3,Fx,0.0922939873477989,0.9443282418876312
lab7035,full_day1,VT,tv_ss2__te_ss1ss3,S010,ss3,Fz,0.0893909852413173,0.9529838978407844
lab7035,full_day1,VT,tv_ss2__te_ss1ss3,S012,ss3,Fx,0.0961984088471842,0.9458653975578374
lab7035,full_day1,VT,tv_ss2__te_ss1ss3,S012,ss3,Fz,0.0717431871161592,0.9779306200567316
lab7035,full_day1,VT,tv_ss2__te_ss1ss3,S013,ss3,Fx,0.0784713991450069,0.9669617912404684
lab7035,full_day1,VT,tv_ss2__te_ss1ss3,S013,ss3,Fz,0.0872797031138231,0.9687334808295136
lab7035,full_day1,VT,tv_ss2__te_ss1ss3,S015,ss3,Fx,0.116352400563931,0.865701986977375
lab7035,full_day1,VT,tv_ss2__te_ss1ss3,S015,ss3,Fz,0.0632129442692726,0.979037280181589
lab7035,full_day1,VT,tv_ss2__te_ss1ss3,S016,ss3,Fx,0.0949963555469332,0.9250715313158302
lab7035,full_day1,VT,tv_ss2__te_ss1ss3,S016,ss3,Fz,0.1186482322764153,0.9317185748470812
lab7035,full_day1,VT,tv_ss2__te_ss1ss3,S017,ss3,Fx,0.0803846660427916,0.9700226654047812
lab7035,full_day1,VT,tv_ss2__te_ss1ss3,S017,ss3,Fz,0.0832475561622515,0.9703808220493368
lab7035,full_day1,VT,tv_ss2__te_ss1ss3,S018,ss3,Fx,0.0949627030229371,0.9348318135835216
lab7035,full_day1,VT,tv_ss2__te_ss1ss3,S018,ss3,Fz,0.080468039167897,0.9706151483552252
lab7035,full_day1,VT,tv_ss2__te_ss1ss3,S019,ss3,Fx,0.0847840212758776,0.9512064952896218
lab7035,full_day1,VT,tv_ss2__te_ss1ss3,S019,ss3,Fz,0.0755543300487002,0.9783795686037952
lab7035,full_day1,VT,tv_ss3__te_ss1ss2,S001,ss1,Fx,0.1715578116092003,0.9179010730172252
lab7035,full_day1,VT,tv_ss3__te_ss1ss2,S001,ss1,Fz,0.1059248578164938,0.9488477172529496
lab7035,full_day1,VT,tv_ss3__te_ss1ss2,S002,ss1,Fx,0.2961246165597743,0.6006992499036797
lab7035,full_day1,VT,tv_ss3__te_ss1ss2,S002,ss1,Fz,0.1746218445946963,0.8431398451269313
lab7035,full_day1,VT,tv_ss3__te_ss1ss2,S003,ss1,Fx,0.1735786146522053,0.8597443750464479
lab7035,full_day1,VT,tv_ss3__te_ss1ss2,S003,ss1,Fz,0.1606378561771238,0.8900115794367105
lab7035,full_day1,VT,tv_ss3__te_ss1ss2,S004,ss1,Fx,0.1998668854394084,0.7568965776561534
lab7035,full_day1,VT,tv_ss3__te_ss1ss2,S004,ss1,Fz,0.1517186237475122,0.8903734161515667
lab7035,full_day1,VT,tv_ss3__te_ss1ss2,S005,ss1,Fx,0.212105287514666,0.8312641734023567
lab7035,full_day1,VT,tv_ss3__te_ss1ss2,S005,ss1,Fz,0.1656334363174437,0.8670410796708963
lab7035,full_day1,VT,tv_ss3__te_ss1ss2,S006,ss1,Fx,0.1470720867513019,0.8533919218345616
lab7035,full_day1,VT,tv_ss3__te_ss1ss2,S006,ss1,Fz,0.1322258402626462,0.9317081434728574
lab7035,full_day1,VT,tv_ss3__te_ss1ss2,S007,ss1,Fx,0.1361759247318349,0.9248811628687998
lab7035,full_day1,VT,tv_ss3__te_ss1ss2,S007,ss1,Fz,0.1731433827986425,0.9190971444610836
lab7035,full_day1,VT,tv_ss3__te_ss1ss2,S008,ss1,Fx,0.1457114546465725,0.8897399956080424
lab7035,full_day1,VT,tv_ss3__te_ss1ss2,S008,ss1,Fz,0.1828422059951744,0.9077874344429084
lab7035,full_day1,VT,tv_ss3__te_ss1ss2,S009,ss1,Fx,0.2325526760423229,0.8039160145671794
lab7035,full_day1,VT,tv_ss3__te_ss1ss2,S009,ss1,Fz,0.2418926415655664,0.77291480017341
lab7035,full_day1,VT,tv_ss3__te_ss1ss2,S010,ss1,Fx,0.233166004623106,0.748322703611086
lab7035,full_day1,VT,tv_ss3__te_ss1ss2,S010,ss1,Fz,0.1285094733132098,0.8490225044713724
lab7035,full_day1,VT,tv_ss3__te_ss1ss2,S012,ss1,Fx,0.2743563373089165,0.5359982494596855
lab7035,full_day1,VT,tv_ss3__te_ss1ss2,S012,ss1,Fz,0.1580285691820377,0.8396173361908316
lab7035,full_day1,VT,tv_ss3__te_ss1ss2,S013,ss1,Fx,0.2223916356001318,0.6672879753354456
lab7035,full_day1,VT,tv_ss3__te_ss1ss2,S013,ss1,Fz,0.1657327800244499,0.852094601201187
lab7035,full_day1,VT,tv_ss3__te_ss1ss2,S014,ss1,Fx,0.1677834626036152,0.8726880016842136
lab7035,full_day1,VT,tv_ss3__te_ss1ss2,S014,ss1,Fz,0.1756643646149563,0.8771758579682971
lab7035,full_day1,VT,tv_ss3__te_ss1ss2,S015,ss1,Fx,0.2042478956012342,0.8054494546738038
lab7035,full_day1,VT,tv_ss3__te_ss1ss2,S015,ss1,Fz,0.1409892919723667,0.9244150699053068
lab7035,full_day1,VT,tv_ss3__te_ss1ss2,S016,ss1,Fx,0.3175877683489826,0.5058254701704263
lab7035,full_day1,VT,tv_ss3__te_ss1ss2,S016,ss1,Fz,0.2071212433102542,0.8090201630362508
lab7035,full_day1,VT,tv_ss3__te_ss1ss2,S017,ss1,Fx,0.2016345705165035,0.8583102916597368
lab7035,full_day1,VT,tv_ss3__te_ss1ss2,S017,ss1,Fz,0.0968976367416441,0.9257803271035798
lab7035,full_day1,VT,tv_ss3__te_ss1ss2,S018,ss1,Fx,0.2532241729641302,0.8388996235865328
lab7035,full_day1,VT,tv_ss3__te_ss1ss2,S018,ss1,Fz,0.1617258922985939,0.9380201526447668
lab7035,full_day1,VT,tv_ss3__te_ss1ss2,S019,ss1,Fx,0.2837255071284482,0.7553911508537972
lab7035,full_day1,VT,tv_ss3__te_ss1ss2,S019,ss1,Fz,0.1374494985267222,0.9252661577333732
lab7035,full_day1,VT,tv_ss3__te_ss1ss2,S001,ss2,Fx,0.0821508385147592,0.9596005438688392
lab7035,full_day1,VT,tv_ss3__te_ss1ss2,S001,ss2,Fz,0.0625039268046613,0.9773377180802189
lab7035,full_day1,VT,tv_ss3__te_ss1ss2,S002,ss2,Fx,0.1603636191569021,0.8492296866326651
lab7035,full_day1,VT,tv_ss3__te_ss1ss2,S002,ss2,Fz,0.0981723233369036,0.9557714596150436
lab7035,full_day1,VT,tv_ss3__te_ss1ss2,S003,ss2,Fx,0.0858042473842179,0.959232784655394
lab7035,full_day1,VT,tv_ss3__te_ss1ss2,S003,ss2,Fz,0.0787076310026808,0.9741964661526064
lab7035,full_day1,VT,tv_ss3__te_ss1ss2,S004,ss2,Fx,0.099404740199929,0.9266574114214882
lab7035,full_day1,VT,tv_ss3__te_ss1ss2,S004,ss2,Fz,0.0984230507245143,0.9584529603429044
lab7035,full_day1,VT,tv_ss3__te_ss1ss2,S005,ss2,Fx,0.1088969019340776,0.9393382676935956
lab7035,full_day1,VT,tv_ss3__te_ss1ss2,S005,ss2,Fz,0.1070138816411778,0.9539541386994084
lab7035,full_day1,VT,tv_ss3__te_ss1ss2,S006,ss2,Fx,0.0947246691163425,0.931567752497397
lab7035,full_day1,VT,tv_ss3__te_ss1ss2,S006,ss2,Fz,0.0814356802360756,0.9665341854747036
lab7035,full_day1,VT,tv_ss3__te_ss1ss2,S007,ss2,Fx,0.0679469636353193,0.9732645098496564
lab7035,full_day1,VT,tv_ss3__te_ss1ss2,S007,ss2,Fz,0.0925623654895002,0.96486215759596
lab7035,full_day1,VT,tv_ss3__te_ss1ss2,S008,ss2,Fx,0.0788683073089574,0.9394439707957354
lab7035,full_day1,VT,tv_ss3__te_ss1ss2,S008,ss2,Fz,0.1195127810642879,0.95435952006633
lab7035,full_day1,VT,tv_ss3__te_ss1ss2,S009,ss2,Fx,0.162237366014083,0.8541803920452071
lab7035,full_day1,VT,tv_ss3__te_ss1ss2,S009,ss2,Fz,0.1318437351616843,0.923925917158578
lab7035,full_day1,VT,tv_ss3__te_ss1ss2,S010,ss2,Fx,0.1045231648156469,0.9191490108724066
lab7035,full_day1,VT,tv_ss3__te_ss1ss2,S010,ss2,Fz,0.0871778598271668,0.9456991700644238
lab7035,full_day1,VT,tv_ss3__te_ss1ss2,S012,ss2,Fx,0.0939803133769801,0.9438824341651366
lab7035,full_day1,VT,tv_ss3__te_ss1ss2,S012,ss2,Fz,0.0812390392203548,0.9614538169580332
lab7035,full_day1,VT,tv_ss3__te_ss1ss2,S013,ss2,Fx,0.1536711977068992,0.8381628341412639
lab7035,full_day1,VT,tv_ss3__te_ss1ss2,S013,ss2,Fz,0.1275700109589327,0.916443108679665
lab7035,full_day1,VT,tv_ss3__te_ss1ss2,S015,ss2,Fx,0.1295338116378322,0.9134640115791756
lab7035,full_day1,VT,tv_ss3__te_ss1ss2,S015,ss2,Fz,0.0626893466264803,0.979231191045887
lab7035,full_day1,VT,tv_ss3__te_ss1ss2,S016,ss2,Fx,0.1213356241676712,0.9204179331591044
lab7035,full_day1,VT,tv_ss3__te_ss1ss2,S016,ss2,Fz,0.0977364478145736,0.9792877709427992
lab7035,full_day1,VT,tv_ss3__te_ss1ss2,S017,ss2,Fx,0.0768824928369246,0.9658279922977986
lab7035,full_day1,VT,tv_ss3__te_ss1ss2,S017,ss2,Fz,0.0477165470627491,0.9786565774207958
lab7035,full_day1,VT,tv_ss3__te_ss1ss2,S018,ss2,Fx,0.1002134587214065,0.9399891311137336
lab7035,full_day1,VT,tv_ss3__te_ss1ss2,S018,ss2,Fz,0.0724148977458016,0.979308876428278
lab7035,full_day1,VT,tv_ss3__te_ss1ss2,S019,ss2,Fx,0.1923915324367997,0.7946054913727075
lab7035,full_day1,VT,tv_ss3__te_ss1ss2,S019,ss2,Fz,0.0874894547697035,0.9620954880724546
lab7035,full_day1,AP,tv_te_ss1,S001,ss1,Fx,0.1116287881473306,0.9117517211715662
lab7035,full_day1,AP,tv_te_ss1,S001,ss1,Fz,0.092996642019032,0.948606672079508
lab7035,full_day1,AP,tv_te_ss1,S002,ss1,Fx,0.1071972638633518,0.8923575552544303
lab7035,full_day1,AP,tv_te_ss1,S002,ss1,Fz,0.0856012678582695,0.937553599076554
lab7035,full_day1,AP,tv_te_ss1,S003,ss1,Fx,0.0773937631242001,0.9546366547764102
lab7035,full_day1,AP,tv_te_ss1,S003,ss1,Fz,0.0818046417237702,0.9548645402181708
lab7035,full_day1,AP,tv_te_ss1,S004,ss1,Fx,0.0713779088335909,0.963792170551284
lab7035,full_day1,AP,tv_te_ss1,S004,ss1,Fz,0.0847358975248453,0.9640526181928408
lab7035,full_day1,AP,tv_te_ss1,S005,ss1,Fx,0.0788306924330472,0.9507374797064688
lab7035,full_day1,AP,tv_te_ss1,S005,ss1,Fz,0.104500488161058,0.9420389400956296
lab7035,full_day1,AP,tv_te_ss1,S006,ss1,Fx,0.080494887460393,0.9548166559429676
lab7035,full_day1,AP,tv_te_ss1,S006,ss1,Fz,0.0695672061555075,0.9635780866239184
lab7035,full_day1,AP,tv_te_ss1,S007,ss1,Fx,0.0815347680040383,0.945962998938916
lab7035,full_day1,AP,tv_te_ss1,S007,ss1,Fz,0.0847169963067804,0.9440687224557158
lab7035,full_day1,AP,tv_te_ss1,S008,ss1,Fx,0.0732276063315253,0.9630408468160204
lab7035,full_day1,AP,tv_te_ss1,S008,ss1,Fz,0.1084054251225719,0.9592416507301722
lab7035,full_day1,AP,tv_te_ss1,S009,ss1,Fx,0.1168406899246443,0.9082507042905268
lab7035,full_day1,AP,tv_te_ss1,S009,ss1,Fz,0.1037900311907607,0.9063624917273968
lab7035,full_day1,AP,tv_te_ss1,S010,ss1,Fx,0.0827915604366184,0.9355297068224692
lab7035,full_day1,AP,tv_te_ss1,S010,ss1,Fz,0.0734029358468667,0.9430924713581426
lab7035,full_day1,AP,tv_te_ss1,S011,ss1,Fx,0.0695803215139601,0.967756290923534
lab7035,full_day1,AP,tv_te_ss1,S011,ss1,Fz,0.1144459983090475,0.9722188790127602
lab7035,full_day1,AP,tv_te_ss1,S012,ss1,Fx,0.0605835161523505,0.9794574165650928
lab7035,full_day1,AP,tv_te_ss1,S012,ss1,Fz,0.0718641161050546,0.9583770041524674
lab7035,full_day1,AP,tv_te_ss1,S013,ss1,Fx,0.0859281199209006,0.9398056664233656
lab7035,full_day1,AP,tv_te_ss1,S013,ss1,Fz,0.0897530877302015,0.9443869093054988
lab7035,full_day1,AP,tv_te_ss1,S014,ss1,Fx,0.0882140893662615,0.9424611533207962
lab7035,full_day1,AP,tv_te_ss1,S014,ss1,Fz,0.1257665036669292,0.8912672563676481
lab7035,full_day1,AP,tv_te_ss1,S015,ss1,Fx,0.0862769204681226,0.9338901445066736
lab7035,full_day1,AP,tv_te_ss1,S015,ss1,Fz,0.0656169715512911,0.967726445025692
lab7035,full_day1,AP,tv_te_ss1,S016,ss1,Fx,0.219467086749601,0.6157211312085606
lab7035,full_day1,AP,tv_te_ss1,S016,ss1,Fz,0.1630058746935506,0.7989868988827051
lab7035,full_day1,AP,tv_te_ss1,S017,ss1,Fx,0.0630558339691148,0.966828319257728
lab7035,full_day1,AP,tv_te_ss1,S017,ss1,Fz,0.0569455886998705,0.9748136058606884
lab7035,full_day1,AP,tv_te_ss1,S018,ss1,Fx,0.0720837440471087,0.9618630440162969
lab7035,full_day1,AP,tv_te_ss1,S018,ss1,Fz,0.0659409496164702,0.9789456927357228
lab7035,full_day1,AP,tv_te_ss1,S019,ss1,Fx,0.1173326916778492,0.9005623727380424
lab7035,full_day1,AP,tv_te_ss1,S019,ss1,Fz,0.0773847877682062,0.9572107727429984
lab7035,full_day1,APVT,tv_te_ss3,S001,ss3,Fx,0.0616004158849946,0.9708210525537928
lab7035,full_day1,APVT,tv_te_ss3,S001,ss3,Fz,0.0575499208277812,0.9857715128314832
lab7035,full_day1,APVT,tv_te_ss3,S002,ss3,Fx,0.1078979095968152,0.908444250870114
lab7035,full_day1,APVT,tv_te_ss3,S002,ss3,Fz,0.0781417438424805,0.969869908278044
lab7035,full_day1,APVT,tv_te_ss3,S003,ss3,Fx,0.04081550062271,0.987752181160066
lab7035,full_day1,APVT,tv_te_ss3,S003,ss3,Fz,0.0477271675698244,0.9887405452157983
lab7035,full_day1,APVT,tv_te_ss3,S004,ss3,Fx,0.0536342826582241,0.9765569584345546
lab7035,full_day1,APVT,tv_te_ss3,S004,ss3,Fz,0.0530870602746718,0.986996300545841
lab7035,full_day1,APVT,tv_te_ss3,S005,ss3,Fx,0.0786515106675993,0.948262410479192
lab7035,full_day1,APVT,tv_te_ss3,S005,ss3,Fz,0.0815782708504327,0.9645245928650018
lab7035,full_day1,APVT,tv_te_ss3,S006,ss3,Fx,0.0940804821239024,0.9386052710048844
lab7035,full_day1,APVT,tv_te_ss3,S006,ss3,Fz,0.0621911663485659,0.9798336992282026
lab7035,full_day1,APVT,tv_te_ss3,S007,ss3,Fx,0.0506178919494483,0.979027086487554
lab7035,full_day1,APVT,tv_te_ss3,S007,ss3,Fz,0.0589848428706778,0.9806177639774828
lab7035,full_day1,APVT,tv_te_ss3,S008,ss3,Fx,0.0927709504598976,0.9369695708778664
lab7035,full_day1,APVT,tv_te_ss3,S008,ss3,Fz,0.0929130472959658,0.969034960623512
lab7035,full_day1,APVT,tv_te_ss3,S009,ss3,Fx,0.0993094610130257,0.9368506117863628
lab7035,full_day1,APVT,tv_te_ss3,S009,ss3,Fz,0.1180384129026796,0.9284812104143692
lab7035,full_day1,APVT,tv_te_ss3,S010,ss3,Fx,0.0657883307548149,0.9648176839929322
lab7035,full_day1,APVT,tv_te_ss3,S010,ss3,Fz,0.0545267044942121,0.980328773148436
lab7035,full_day1,APVT,tv_te_ss3,S012,ss3,Fx,0.0601568730069588,0.977405955529153
lab7035,full_day1,APVT,tv_te_ss3,S012,ss3,Fz,0.0594286280977023,0.983131755584555
lab7035,full_day1,APVT,tv_te_ss3,S013,ss3,Fx,0.0590506660944353,0.9748012036470596
lab7035,full_day1,APVT,tv_te_ss3,S013,ss3,Fz,0.0754570665900078,0.965324139236144
lab7035,full_day1,APVT,tv_te_ss3,S014,ss3,Fx,0.0813018615633334,0.9440225686283258
lab7035,full_day1,APVT,tv_te_ss3,S014,ss3,Fz,0.0848500207157309,0.9604537427507668
lab7035,full_day1,APVT,tv_te_ss3,S015,ss3,Fx,0.0715755988399503,0.9610581012613756
lab7035,full_day1,APVT,tv_te_ss3,S015,ss3,Fz,0.0476100142856644,0.9850161966354832
lab7035,full_day1,APVT,tv_te_ss3,S016,ss3,Fx,0.1096719473235832,0.9044436863767048
lab7035,full_day1,APVT,tv_te_ss3,S016,ss3,Fz,0.0920522099205919,0.9654833899865872
lab7035,full_day1,APVT,tv_te_ss3,S017,ss3,Fx,0.0587489129891149,0.9760979189579698
lab7035,full_day1,APVT,tv_te_ss3,S017,ss3,Fz,0.063119168915294,0.9785760037009535
lab7035,full_day1,APVT,tv_te_ss3,S018,ss3,Fx,0.0561756542647127,0.9715739440588894
lab7035,full_day1,APVT,tv_te_ss3,S018,ss3,Fz,0.0506501272226364,0.9905030313922202
lab7035,full_day1,APVT,tv_te_ss3,S019,ss3,Fx,0.0642967183323296,0.9683448675712596
lab7035,full_day1,APVT,tv_te_ss3,S019,ss3,Fz,0.0538421977584266,0.9862014331748128
lab7035,percent005_day1_case1,AP,tv_ss1__te_ss2ss3,S001,ss2,Fx,0.1944042509873137,0.6255124078673777
lab7035,percent005_day1_case1,AP,tv_ss1__te_ss2ss3,S001,ss2,Fz,0.1945789217063897,0.7022652765861516
lab7035,percent005_day1_case1,AP,tv_ss1__te_ss2ss3,S002,ss2,Fx,0.142862761765405,0.8101093358222633
lab7035,percent005_day1_case1,AP,tv_ss1__te_ss2ss3,S002,ss2,Fz,0.1310976921771784,0.8808352816819761
lab7035,percent005_day1_case1,AP,tv_ss1__te_ss2ss3,S003,ss2,Fx,0.1220912985856315,0.9173836434807044
lab7035,percent005_day1_case1,AP,tv_ss1__te_ss2ss3,S003,ss2,Fz,0.103534725688648,0.9345107703376316
lab7035,percent005_day1_case1,AP,tv_ss1__te_ss2ss3,S004,ss2,Fx,0.129746578013514,0.9101119852723568
lab7035,percent005_day1_case1,AP,tv_ss1__te_ss2ss3,S004,ss2,Fz,0.1431004538246995,0.880519218452967
lab7035,percent005_day1_case1,AP,tv_ss1__te_ss2ss3,S005,ss2,Fx,0.123199475555403,0.902366913392259
lab7035,percent005_day1_case1,AP,tv_ss1__te_ss2ss3,S005,ss2,Fz,0.151821985546537,0.8593824899355925
lab7035,percent005_day1_case1,AP,tv_ss1__te_ss2ss3,S006,ss2,Fx,0.1289025801092702,0.9054590703241684
lab7035,percent005_day1_case1,AP,tv_ss1__te_ss2ss3,S006,ss2,Fz,0.1019578455962139,0.933941358486243
lab7035,percent005_day1_case1,AP,tv_ss1__te_ss2ss3,S007,ss2,Fx,0.1066846092917303,0.927309009178489
lab7035,percent005_day1_case1,AP,tv_ss1__te_ss2ss3,S007,ss2,Fz,0.0979737889662675,0.9376669214965108
lab7035,percent005_day1_case1,AP,tv_ss1__te_ss2ss3,S008,ss2,Fx,0.1347105994575059,0.8915171536443779
lab7035,percent005_day1_case1,AP,tv_ss1__te_ss2ss3,S008,ss2,Fz,0.1210349245844463,0.9401888409870948
lab7035,percent005_day1_case1,AP,tv_ss1__te_ss2ss3,S009,ss2,Fx,0.1888284565901514,0.6214870471847819
lab7035,percent005_day1_case1,AP,tv_ss1__te_ss2ss3,S009,ss2,Fz,0.2189541601898175,0.666435086213664
lab7035,percent005_day1_case1,AP,tv_ss1__te_ss2ss3,S010,ss2,Fx,0.1527046110099785,0.8624653755531546
lab7035,percent005_day1_case1,AP,tv_ss1__te_ss2ss3,S010,ss2,Fz,0.1481914221246212,0.8894863779554146
lab7035,percent005_day1_case1,AP,tv_ss1__te_ss2ss3,S011,ss2,Fx,0.1789200328605421,0.6425188437345098
lab7035,percent005_day1_case1,AP,tv_ss1__te_ss2ss3,S011,ss2,Fz,0.1396511418673614,0.9180325894956216
lab7035,percent005_day1_case1,AP,tv_ss1__te_ss2ss3,S012,ss2,Fx,0.16380803892981,0.799860379346985
lab7035,percent005_day1_case1,AP,tv_ss1__te_ss2ss3,S012,ss2,Fz,0.1008854901077719,0.9429820183237012
lab7035,percent005_day1_case1,AP,tv_ss1__te_ss2ss3,S013,ss2,Fx,0.1217944463009255,0.900726554013334
lab7035,percent005_day1_case1,AP,tv_ss1__te_ss2ss3,S013,ss2,Fz,0.11864365025845,0.906056946426428
lab7035,percent005_day1_case1,AP,tv_ss1__te_ss2ss3,S015,ss2,Fx,0.1391632020853,0.8728573876640452
lab7035,percent005_day1_case1,AP,tv_ss1__te_ss2ss3,S015,ss2,Fz,0.1043501532428073,0.9343750734579018
lab7035,percent005_day1_case1,AP,tv_ss1__te_ss2ss3,S016,ss2,Fx,0.1249820074633198,0.9140893932137826
lab7035,percent005_day1_case1,AP,tv_ss1__te_ss2ss3,S016,ss2,Fz,0.1421825448613903,0.8833329681253881
lab7035,percent005_day1_case1,AP,tv_ss1__te_ss2ss3,S017,ss2,Fx,0.0984956520352,0.9373948814453852
lab7035,percent005_day1_case1,AP,tv_ss1__te_ss2ss3,S017,ss2,Fz,0.0844479930410618,0.9547706260683048
lab7035,percent005_day1_case1,AP,tv_ss1__te_ss2ss3,S018,ss2,Fx,0.1790244613470019,0.7464921210044531
lab7035,percent005_day1_case1,AP,tv_ss1__te_ss2ss3,S018,ss2,Fz,0.1235628312224854,0.91513417460213
lab7035,percent005_day1_case1,AP,tv_ss1__te_ss2ss3,S019,ss2,Fx,0.1693780690531371,0.7738379720032044
lab7035,percent005_day1_case1,AP,tv_ss1__te_ss2ss3,S019,ss2,Fz,0.1100963687104364,0.9329638457189696
lab7035,percent005_day1_case1,AP,tv_ss1__te_ss2ss3,S001,ss3,Fx,0.1998943970688061,0.6730589764516326
lab7035,percent005_day1_case1,AP,tv_ss1__te_ss2ss3,S001,ss3,Fz,0.1693458169730132,0.8354142027405634
lab7035,percent005_day1_case1,AP,tv_ss1__te_ss2ss3,S002,ss3,Fx,0.1719097158024108,0.7166948206446007
lab7035,percent005_day1_case1,AP,tv_ss1__te_ss2ss3,S002,ss3,Fz,0.1755714143996727,0.8346276936384243
lab7035,percent005_day1_case1,AP,tv_ss1__te_ss2ss3,S003,ss3,Fx,0.1704721660683486,0.7842992218869614
lab7035,percent005_day1_case1,AP,tv_ss1__te_ss2ss3,S003,ss3,Fz,0.1342013090588903,0.9229688640572384
lab7035,percent005_day1_case1,AP,tv_ss1__te_ss2ss3,S004,ss3,Fx,0.1894251148234196,0.7814911495809097
lab7035,percent005_day1_case1,AP,tv_ss1__te_ss2ss3,S004,ss3,Fz,0.1773040893068603,0.8215388206041824
lab7035,percent005_day1_case1,AP,tv_ss1__te_ss2ss3,S005,ss3,Fx,0.1780671441287419,0.7315072423973619
lab7035,percent005_day1_case1,AP,tv_ss1__te_ss2ss3,S005,ss3,Fz,0.1572584166229036,0.8889736939297554
lab7035,percent005_day1_case1,AP,tv_ss1__te_ss2ss3,S006,ss3,Fx,0.172850821395339,0.7986191750666688
lab7035,percent005_day1_case1,AP,tv_ss1__te_ss2ss3,S006,ss3,Fz,0.1449443600020369,0.922133800783572
lab7035,percent005_day1_case1,AP,tv_ss1__te_ss2ss3,S007,ss3,Fx,0.1576975752159109,0.8263716470694908
lab7035,percent005_day1_case1,AP,tv_ss1__te_ss2ss3,S007,ss3,Fz,0.1380986825537721,0.9014049973943096
lab7035,percent005_day1_case1,AP,tv_ss1__te_ss2ss3,S008,ss3,Fx,0.1710176247235102,0.897754248312859
lab7035,percent005_day1_case1,AP,tv_ss1__te_ss2ss3,S008,ss3,Fz,0.1659928030242412,0.8997203428531384
lab7035,percent005_day1_case1,AP,tv_ss1__te_ss2ss3,S009,ss3,Fx,0.2413766458565693,0.3138611490615479
lab7035,percent005_day1_case1,AP,tv_ss1__te_ss2ss3,S009,ss3,Fz,0.2002436951721077,0.75214628618249
lab7035,percent005_day1_case1,AP,tv_ss1__te_ss2ss3,S010,ss3,Fx,0.1527748187251526,0.9410063199059344
lab7035,percent005_day1_case1,AP,tv_ss1__te_ss2ss3,S010,ss3,Fz,0.1553863220076382,0.8435418175286485
lab7035,percent005_day1_case1,AP,tv_ss1__te_ss2ss3,S012,ss3,Fx,0.1532329275159152,0.8540139955024874
lab7035,percent005_day1_case1,AP,tv_ss1__te_ss2ss3,S012,ss3,Fz,0.1346186679899603,0.9400669782855968
lab7035,percent005_day1_case1,AP,tv_ss1__te_ss2ss3,S013,ss3,Fx,0.1630285516357245,0.8404163412808728
lab7035,percent005_day1_case1,AP,tv_ss1__te_ss2ss3,S013,ss3,Fz,0.1346511137618798,0.9167455517951548
lab7035,percent005_day1_case1,AP,tv_ss1__te_ss2ss3,S014,ss3,Fx,0.2529832195283492,0.2102817292631438
lab7035,percent005_day1_case1,AP,tv_ss1__te_ss2ss3,S014,ss3,Fz,0.1739959811716694,0.8232775465470338
lab7035,percent005_day1_case1,AP,tv_ss1__te_ss2ss3,S015,ss3,Fx,0.1814406292817293,0.7292556749858031
lab7035,percent005_day1_case1,AP,tv_ss1__te_ss2ss3,S015,ss3,Fz,0.1396320337262571,0.9136838230947568
lab7035,percent005_day1_case1,AP,tv_ss1__te_ss2ss3,S016,ss3,Fx,0.1264867483506881,0.9167888182357004
lab7035,percent005_day1_case1,AP,tv_ss1__te_ss2ss3,S016,ss3,Fz,0.1785856504669786,0.8007122675346992
lab7035,percent005_day1_case1,AP,tv_ss1__te_ss2ss3,S017,ss3,Fx,0.1964345656733675,0.6997788999783364
lab7035,percent005_day1_case1,AP,tv_ss1__te_ss2ss3,S017,ss3,Fz,0.1552597656948663,0.8482916824082275
lab7035,percent005_day1_case1,AP,tv_ss1__te_ss2ss3,S018,ss3,Fx,0.1747057153672336,0.8031121757370961
lab7035,percent005_day1_case1,AP,tv_ss1__te_ss2ss3,S018,ss3,Fz,0.1496680031445552,0.8788857163839632
lab7035,percent005_day1_case1,AP,tv_ss1__te_ss2ss3,S019,ss3,Fx,0.1745286325448882,0.8340833983410478
lab7035,percent005_day1_case1,AP,tv_ss1__te_ss2ss3,S019,ss3,Fz,0.1425435313965048,0.8875316918226329
lab7035,percent005_day1_case1,VT,tv_ss2__te_ss1ss3,S001,ss1,Fx,0.1638003220990355,0.8436780348931266
lab7035,percent005_day1_case1,VT,tv_ss2__te_ss1ss3,S001,ss1,Fz,0.1620206689426594,0.8410418371219314
lab7035,percent005_day1_case1,VT,tv_ss2__te_ss1ss3,S002,ss1,Fx,0.2556837519327262,0.4937120508399677
lab7035,percent005_day1_case1,VT,tv_ss2__te_ss1ss3,S002,ss1,Fz,0.1811036962945786,0.8290639758370796
lab7035,percent005_day1_case1,VT,tv_ss2__te_ss1ss3,S003,ss1,Fx,0.1168816118454715,0.9115192050248326
lab7035,percent005_day1_case1,VT,tv_ss2__te_ss1ss3,S003,ss1,Fz,0.1302320219511328,0.9154609759655152
lab7035,percent005_day1_case1,VT,tv_ss2__te_ss1ss3,S004,ss1,Fx,0.1251804391460557,0.8960829381174478
lab7035,percent005_day1_case1,VT,tv_ss2__te_ss1ss3,S004,ss1,Fz,0.1517397815630563,0.8879309729365038
lab7035,percent005_day1_case1,VT,tv_ss2__te_ss1ss3,S005,ss1,Fx,0.1478433424806762,0.8675781078613021
lab7035,percent005_day1_case1,VT,tv_ss2__te_ss1ss3,S005,ss1,Fz,0.1490513392270722,0.8811474476439323
lab7035,percent005_day1_case1,VT,tv_ss2__te_ss1ss3,S006,ss1,Fx,0.1032591130444182,0.9249492708146536
lab7035,percent005_day1_case1,VT,tv_ss2__te_ss1ss3,S006,ss1,Fz,0.1006524978360765,0.9400956699920904
lab7035,percent005_day1_case1,VT,tv_ss2__te_ss1ss3,S007,ss1,Fx,0.1086770421222576,0.9256258840602344
lab7035,percent005_day1_case1,VT,tv_ss2__te_ss1ss3,S007,ss1,Fz,0.1577410585262908,0.7882251822388117
lab7035,percent005_day1_case1,VT,tv_ss2__te_ss1ss3,S008,ss1,Fx,0.1129279349853073,0.9350753055466652
lab7035,percent005_day1_case1,VT,tv_ss2__te_ss1ss3,S008,ss1,Fz,0.1718908657433,0.9142650670338746
lab7035,percent005_day1_case1,VT,tv_ss2__te_ss1ss3,S009,ss1,Fx,0.2124502401320425,0.7759691597227354
lab7035,percent005_day1_case1,VT,tv_ss2__te_ss1ss3,S009,ss1,Fz,0.1895280167530516,0.7799233758179432
lab7035,percent005_day1_case1,VT,tv_ss2__te_ss1ss3,S010,ss1,Fx,0.1647130153786058,0.855501964846189
lab7035,percent005_day1_case1,VT,tv_ss2__te_ss1ss3,S010,ss1,Fz,0.087290117213574,0.915200637906164
lab7035,percent005_day1_case1,VT,tv_ss2__te_ss1ss3,S011,ss1,Fx,0.1754982495824577,0.8390612665202939
lab7035,percent005_day1_case1,VT,tv_ss2__te_ss1ss3,S011,ss1,Fz,0.1376482474611589,0.922353842163966
lab7035,percent005_day1_case1,VT,tv_ss2__te_ss1ss3,S012,ss1,Fx,0.1082185935488278,0.9205880262122004
lab7035,percent005_day1_case1,VT,tv_ss2__te_ss1ss3,S012,ss1,Fz,0.1969355324374115,0.9218165230441316
lab7035,percent005_day1_case1,VT,tv_ss2__te_ss1ss3,S013,ss1,Fx,0.1450151384592913,0.8613256002229224
lab7035,percent005_day1_case1,VT,tv_ss2__te_ss1ss3,S013,ss1,Fz,0.1607009502736641,0.862932089162123
lab7035,percent005_day1_case1,VT,tv_ss2__te_ss1ss3,S015,ss1,Fx,0.1420076326802074,0.8935238720106822
lab7035,percent005_day1_case1,VT,tv_ss2__te_ss1ss3,S015,ss1,Fz,0.1259352044533766,0.8997004591851787
lab7035,percent005_day1_case1,VT,tv_ss2__te_ss1ss3,S016,ss1,Fx,0.2981444748864909,0.4978699954943654
lab7035,percent005_day1_case1,VT,tv_ss2__te_ss1ss3,S016,ss1,Fz,0.1908757142193364,0.7914946905797972
lab7035,percent005_day1_case1,VT,tv_ss2__te_ss1ss3,S017,ss1,Fx,0.1581601559920267,0.8945024691616495
lab7035,percent005_day1_case1,VT,tv_ss2__te_ss1ss3,S017,ss1,Fz,0.0862152768288673,0.9373263443261576
lab7035,percent005_day1_case1,VT,tv_ss2__te_ss1ss3,S018,ss1,Fx,0.2117314061902171,0.8158888583273449
lab7035,percent005_day1_case1,VT,tv_ss2__te_ss1ss3,S018,ss1,Fz,0.1092167572950048,0.9157560093904472
lab7035,percent005_day1_case1,VT,tv_ss2__te_ss1ss3,S019,ss1,Fx,0.2053652117038186,0.7392374181029098
lab7035,percent005_day1_case1,VT,tv_ss2__te_ss1ss3,S019,ss1,Fz,0.1320075278926284,0.8996381098992929
lab7035,percent005_day1_case1,VT,tv_ss2__te_ss1ss3,S001,ss3,Fx,0.1342837761048032,0.8538713868343498
lab7035,percent005_day1_case1,VT,tv_ss2__te_ss1ss3,S001,ss3,Fz,0.1205331761092996,0.922620139491789
lab7035,percent005_day1_case1,VT,tv_ss2__te_ss1ss3,S002,ss3,Fx,0.13510024995497,0.8316376452399252
lab7035,percent005_day1_case1,VT,tv_ss2__te_ss1ss3,S002,ss3,Fz,0.1252865489384673,0.9183153454151588
lab7035,percent005_day1_case1,VT,tv_ss2__te_ss1ss3,S003,ss3,Fx,0.1211242943070047,0.8938088694752025
lab7035,percent005_day1_case1,VT,tv_ss2__te_ss1ss3,S003,ss3,Fz,0.0815771188118985,0.978590715328858
lab7035,percent005_day1_case1,VT,tv_ss2__te_ss1ss3,S004,ss3,Fx,0.1602796796581487,0.7767486738684033
lab7035,percent005_day1_case1,VT,tv_ss2__te_ss1ss3,S004,ss3,Fz,0.1032209064857252,0.9480029669618432
lab7035,percent005_day1_case1,VT,tv_ss2__te_ss1ss3,S005,ss3,Fx,0.1347796953281507,0.8453992608213861
lab7035,percent005_day1_case1,VT,tv_ss2__te_ss1ss3,S005,ss3,Fz,0.1321974894601111,0.9154546577664184
lab7035,percent005_day1_case1,VT,tv_ss2__te_ss1ss3,S006,ss3,Fx,0.1591070932223897,0.8121183953767147
lab7035,percent005_day1_case1,VT,tv_ss2__te_ss1ss3,S006,ss3,Fz,0.1068372239495917,0.9590061875134916
lab7035,percent005_day1_case1,VT,tv_ss2__te_ss1ss3,S007,ss3,Fx,0.1138648685007905,0.905471965575527
lab7035,percent005_day1_case1,VT,tv_ss2__te_ss1ss3,S007,ss3,Fz,0.0891278247821081,0.9541444871956556
lab7035,percent005_day1_case1,VT,tv_ss2__te_ss1ss3,S008,ss3,Fx,0.1473165109016971,0.8692456543797262
lab7035,percent005_day1_case1,VT,tv_ss2__te_ss1ss3,S008,ss3,Fz,0.1299602807570762,0.9377481315120552
lab7035,percent005_day1_case1,VT,tv_ss2__te_ss1ss3,S009,ss3,Fx,0.1160927910584703,0.8970211765735376
lab7035,percent005_day1_case1,VT,tv_ss2__te_ss1ss3,S009,ss3,Fz,0.1453031607273111,0.893792249699663
lab7035,percent005_day1_case1,VT,tv_ss2__te_ss1ss3,S010,ss3,Fx,0.0674471535570172,0.9760957686680306
lab7035,percent005_day1_case1,VT,tv_ss2__te_ss1ss3,S010,ss3,Fz,0.0699044970895268,0.974922032119561
lab7035,percent005_day1_case1,VT,tv_ss2__te_ss1ss3,S012,ss3,Fx,0.1524558286595167,0.8268863278160644
lab7035,percent005_day1_case1,VT,tv_ss2__te_ss1ss3,S012,ss3,Fz,0.0818290151923513,0.9741725190852852
lab7035,percent005_day1_case1,VT,tv_ss2__te_ss1ss3,S013,ss3,Fx,0.112416473616272,0.9147339567014384
lab7035,percent005_day1_case1,VT,tv_ss2__te_ss1ss3,S013,ss3,Fz,0.0893495657290601,0.9539682561041904
lab7035,percent005_day1_case1,VT,tv_ss2__te_ss1ss3,S015,ss3,Fx,0.1185559987544246,0.881213585042581
lab7035,percent005_day1_case1,VT,tv_ss2__te_ss1ss3,S015,ss3,Fz,0.0875908547610015,0.9566209789864272
lab7035,percent005_day1_case1,VT,tv_ss2__te_ss1ss3,S016,ss3,Fx,0.1178841003027945,0.8889949344671796
lab7035,percent005_day1_case1,VT,tv_ss2__te_ss1ss3,S016,ss3,Fz,0.1659632931983233,0.8681210359758594
lab7035,percent005_day1_case1,VT,tv_ss2__te_ss1ss3,S017,ss3,Fx,0.1194974273994256,0.8880794041456292
lab7035,percent005_day1_case1,VT,tv_ss2__te_ss1ss3,S017,ss3,Fz,0.0989060752299403,0.95175883445982
lab7035,percent005_day1_case1,VT,tv_ss2__te_ss1ss3,S018,ss3,Fx,0.137699830017948,0.838137517604746
lab7035,percent005_day1_case1,VT,tv_ss2__te_ss1ss3,S018,ss3,Fz,0.1053753169600135,0.9392527634191664
lab7035,percent005_day1_case1,VT,tv_ss2__te_ss1ss3,S019,ss3,Fx,0.167472598914694,0.7663594241397091
lab7035,percent005_day1_case1,VT,tv_ss2__te_ss1ss3,S019,ss3,Fz,0.0982621135699781,0.9545647912113372
lab7035,percent005_day1_case1,APVT,tv_ss3__te_ss1ss2,S001,ss1,Fx,0.1906419401256281,0.835778467783214
lab7035,percent005_day1_case1,APVT,tv_ss3__te_ss1ss2,S001,ss1,Fz,0.149680544694597,0.8631934492756361
lab7035,percent005_day1_case1,APVT,tv_ss3__te_ss1ss2,S002,ss1,Fx,0.2087812564693247,0.5253158570778264
lab7035,percent005_day1_case1,APVT,tv_ss3__te_ss1ss2,S002,ss1,Fz,0.2900060424111489,0.8140421658107161
lab7035,percent005_day1_case1,APVT,tv_ss3__te_ss1ss2,S003,ss1,Fx,0.2276591627679229,0.4815601574005954
lab7035,percent005_day1_case1,APVT,tv_ss3__te_ss1ss2,S003,ss1,Fz,0.2302160310873417,0.901763976971379
lab7035,percent005_day1_case1,APVT,tv_ss3__te_ss1ss2,S004,ss1,Fx,0.2154287238757158,0.6722273746989312
lab7035,percent005_day1_case1,APVT,tv_ss3__te_ss1ss2,S004,ss1,Fz,0.3965528446056652,0.8734282739492375
lab7035,percent005_day1_case1,APVT,tv_ss3__te_ss1ss2,S005,ss1,Fx,0.2182933428781826,0.7412712767612378
lab7035,percent005_day1_case1,APVT,tv_ss3__te_ss1ss2,S005,ss1,Fz,0.2201832835577152,0.7581859512565403
lab7035,percent005_day1_case1,APVT,tv_ss3__te_ss1ss2,S006,ss1,Fx,0.1400379219824406,0.8542072941514421
lab7035,percent005_day1_case1,APVT,tv_ss3__te_ss1ss2,S006,ss1,Fz,0.1737033501171284,0.8721614173863295
lab7035,percent005_day1_case1,APVT,tv_ss3__te_ss1ss2,S007,ss1,Fx,0.2344122189069034,0.450459897802085
lab7035,percent005_day1_case1,APVT,tv_ss3__te_ss1ss2,S007,ss1,Fz,0.2512583804055396,0.7800618386438928
lab7035,percent005_day1_case1,APVT,tv_ss3__te_ss1ss2,S008,ss1,Fx,0.1826889515402144,0.8164054770014663
lab7035,percent005_day1_case1,APVT,tv_ss3__te_ss1ss2,S008,ss1,Fz,0.1985877579413304,0.8719116567059687
lab7035,percent005_day1_case1,APVT,tv_ss3__te_ss1ss2,S009,ss1,Fx,0.1991523402705027,0.7329917580912251
lab7035,percent005_day1_case1,APVT,tv_ss3__te_ss1ss2,S009,ss1,Fz,0.3302981511319727,0.80918515446804
lab7035,percent005_day1_case1,APVT,tv_ss3__te_ss1ss2,S010,ss1,Fx,0.2020208998966013,0.64615103722225
lab7035,percent005_day1_case1,APVT,tv_ss3__te_ss1ss2,S010,ss1,Fz,0.1969979975611566,0.813739351909311
lab7035,percent005_day1_case1,APVT,tv_ss3__te_ss1ss2,S012,ss1,Fx,0.1469744043356992,0.8494936695600405
lab7035,percent005_day1_case1,APVT,tv_ss3__te_ss1ss2,S012,ss1,Fz,0.3651353088915925,0.9201288985643596
lab7035,percent005_day1_case1,APVT,tv_ss3__te_ss1ss2,S013,ss1,Fx,0.2535089789669867,0.3435396170852259
lab7035,percent005_day1_case1,APVT,tv_ss3__te_ss1ss2,S013,ss1,Fz,0.281272748229345,0.7511904647703653
lab7035,percent005_day1_case1,APVT,tv_ss3__te_ss1ss2,S014,ss1,Fx,0.1720337294082166,0.8134897026925938
lab7035,percent005_day1_case1,APVT,tv_ss3__te_ss1ss2,S014,ss1,Fz,0.19321934907336,0.8368859061181351
lab7035,percent005_day1_case1,APVT,tv_ss3__te_ss1ss2,S015,ss1,Fx,0.1599699280853984,0.82825278918737
lab7035,percent005_day1_case1,APVT,tv_ss3__te_ss1ss2,S015,ss1,Fz,0.1260074513877448,0.8881364133520627
lab7035,percent005_day1_case1,APVT,tv_ss3__te_ss1ss2,S016,ss1,Fx,0.3435640562891616,0.2691878140202955
lab7035,percent005_day1_case1,APVT,tv_ss3__te_ss1ss2,S016,ss1,Fz,0.2215778577808494,0.6522781405651952
lab7035,percent005_day1_case1,APVT,tv_ss3__te_ss1ss2,S017,ss1,Fx,0.182011969062337,0.8501022351302665
lab7035,percent005_day1_case1,APVT,tv_ss3__te_ss1ss2,S017,ss1,Fz,0.1196060145032254,0.8804980845261805
lab7035,percent005_day1_case1,APVT,tv_ss3__te_ss1ss2,S018,ss1,Fx,0.2425096439719937,0.6386392592913362
lab7035,percent005_day1_case1,APVT,tv_ss3__te_ss1ss2,S018,ss1,Fz,0.2090331905304346,0.8775400864901277
lab7035,percent005_day1_case1,APVT,tv_ss3__te_ss1ss2,S019,ss1,Fx,0.2516432623704741,0.639076781691508
lab7035,percent005_day1_case1,APVT,tv_ss3__te_ss1ss2,S019,ss1,Fz,0.1793204680854316,0.81755231693414
lab7035,percent005_day1_case1,APVT,tv_ss3__te_ss1ss2,S001,ss2,Fx,0.0924327704903205,0.9380955685589965
lab7035,percent005_day1_case1,APVT,tv_ss3__te_ss1ss2,S001,ss2,Fz,0.1376328430420364,0.9143477913767146
lab7035,percent005_day1_case1,APVT,tv_ss3__te_ss1ss2,S002,ss2,Fx,0.2047613633077794,0.6126886234986559
lab7035,percent005_day1_case1,APVT,tv_ss3__te_ss1ss2,S002,ss2,Fz,0.1363691622031566,0.8958131513712537
lab7035,percent005_day1_case1,APVT,tv_ss3__te_ss1ss2,S003,ss2,Fx,0.105044354058611,0.9086411362576398
lab7035,percent005_day1_case1,APVT,tv_ss3__te_ss1ss2,S003,ss2,Fz,0.0927621507004636,0.9717246474171076
lab7035,percent005_day1_case1,APVT,tv_ss3__te_ss1ss2,S004,ss2,Fx,0.1125890623574177,0.8944749480180546
lab7035,percent005_day1_case1,APVT,tv_ss3__te_ss1ss2,S004,ss2,Fz,0.1529148933554186,0.8706457830961085
lab7035,percent005_day1_case1,APVT,tv_ss3__te_ss1ss2,S005,ss2,Fx,0.1313393163137713,0.889853219820842
lab7035,percent005_day1_case1,APVT,tv_ss3__te_ss1ss2,S005,ss2,Fz,0.1737923105190959,0.8813777036774412
lab7035,percent005_day1_case1,APVT,tv_ss3__te_ss1ss2,S006,ss2,Fx,0.1372130700968515,0.8665853353570137
lab7035,percent005_day1_case1,APVT,tv_ss3__te_ss1ss2,S006,ss2,Fz,0.1302253088578652,0.917857498839337
lab7035,percent005_day1_case1,APVT,tv_ss3__te_ss1ss2,S007,ss2,Fx,0.0955382343387491,0.9234706974696172
lab7035,percent005_day1_case1,APVT,tv_ss3__te_ss1ss2,S007,ss2,Fz,0.1256548682926174,0.9445841557824906
lab7035,percent005_day1_case1,APVT,tv_ss3__te_ss1ss2,S008,ss2,Fx,0.1030154134040789,0.92718886030536
lab7035,percent005_day1_case1,APVT,tv_ss3__te_ss1ss2,S008,ss2,Fz,0.1153471953082352,0.9356935124223232
lab7035,percent005_day1_case1,APVT,tv_ss3__te_ss1ss2,S009,ss2,Fx,0.1875555441797066,0.7399685979461602
lab7035,percent005_day1_case1,APVT,tv_ss3__te_ss1ss2,S009,ss2,Fz,0.1740615962664557,0.8433429325734171
lab7035,percent005_day1_case1,APVT,tv_ss3__te_ss1ss2,S010,ss2,Fx,0.1476965332230952,0.8100992651349196
lab7035,percent005_day1_case1,APVT,tv_ss3__te_ss1ss2,S010,ss2,Fz,0.1376872324589285,0.8916558414633322
lab7035,percent005_day1_case1,APVT,tv_ss3__te_ss1ss2,S012,ss2,Fx,0.1215133889291683,0.8979031617595284
lab7035,percent005_day1_case1,APVT,tv_ss3__te_ss1ss2,S012,ss2,Fz,0.1835490509472316,0.9338166366324644
lab7035,percent005_day1_case1,APVT,tv_ss3__te_ss1ss2,S013,ss2,Fx,0.1743961417939408,0.7326954060826582
lab7035,percent005_day1_case1,APVT,tv_ss3__te_ss1ss2,S013,ss2,Fz,0.1439764416077439,0.8914615702114158
lab7035,percent005_day1_case1,APVT,tv_ss3__te_ss1ss2,S015,ss2,Fx,0.1693889192232018,0.8055498824718429
lab7035,percent005_day1_case1,APVT,tv_ss3__te_ss1ss2,S015,ss2,Fz,0.0960304342370616,0.94299415374304
lab7035,percent005_day1_case1,APVT,tv_ss3__te_ss1ss2,S016,ss2,Fx,0.1217286314791078,0.9104416272664716
lab7035,percent005_day1_case1,APVT,tv_ss3__te_ss1ss2,S016,ss2,Fz,0.1051716117970493,0.95012852351151
lab7035,percent005_day1_case1,APVT,tv_ss3__te_ss1ss2,S017,ss2,Fx,0.1025535858353933,0.9453475515414216
lab7035,percent005_day1_case1,APVT,tv_ss3__te_ss1ss2,S017,ss2,Fz,0.0841227624963198,0.9483990577308424
lab7035,percent005_day1_case1,APVT,tv_ss3__te_ss1ss2,S018,ss2,Fx,0.1031740366466171,0.92644655485732
lab7035,percent005_day1_case1,APVT,tv_ss3__te_ss1ss2,S018,ss2,Fz,0.1114071611685908,0.9603717963763924
lab7035,percent005_day1_case1,APVT,tv_ss3__te_ss1ss2,S019,ss2,Fx,0.1618137957978505,0.8545446279535933
lab7035,percent005_day1_case1,APVT,tv_ss3__te_ss1ss2,S019,ss2,Fz,0.0937076002249115,0.9415506618857248
lab7035,percent005_day1_case1,VT,tv_ss3__te_ss1ss2,S001,ss1,Fx,0.1953760389099627,0.840449832929424
lab7035,percent005_day1_case1,VT,tv_ss3__te_ss1ss2,S001,ss1,Fz,0.1474172324793937,0.8719218540820095
lab7035,percent005_day1_case1,VT,tv_ss3__te_ss1ss2,S002,ss1,Fx,0.2760734530227298,0.3308583873509437
lab7035,percent005_day1_case1,VT,tv_ss3__te_ss1ss2,S002,ss1,Fz,0.3020480871407122,0.8071755503829317
lab7035,percent005_day1_case1,VT,tv_ss3__te_ss1ss2,S003,ss1,Fx,0.2309942718193821,0.6465019949220345
lab7035,percent005_day1_case1,VT,tv_ss3__te_ss1ss2,S003,ss1,Fz,0.2569302425603375,0.7766380364437229
lab7035,percent005_day1_case1,VT,tv_ss3__te_ss1ss2,S004,ss1,Fx,0.1765651403243084,0.719597078489719
lab7035,percent005_day1_case1,VT,tv_ss3__te_ss1ss2,S004,ss1,Fz,0.2244549891965728,0.8486483772834524
lab7035,percent005_day1_case1,VT,tv_ss3__te_ss1ss2,S005,ss1,Fx,0.1951938209576027,0.735499518637941
lab7035,percent005_day1_case1,VT,tv_ss3__te_ss1ss2,S005,ss1,Fz,0.1912494645062924,0.8111336051690128
lab7035,percent005_day1_case1,VT,tv_ss3__te_ss1ss2,S006,ss1,Fx,0.1689485287089922,0.7959928982653305
lab7035,percent005_day1_case1,VT,tv_ss3__te_ss1ss2,S006,ss1,Fz,0.1373518909247001,0.9238131493732048
lab7035,percent005_day1_case1,VT,tv_ss3__te_ss1ss2,S007,ss1,Fx,0.240307628582994,0.5114267801890647
lab7035,percent005_day1_case1,VT,tv_ss3__te_ss1ss2,S007,ss1,Fz,0.3874333628987875,0.7425481971319784
lab7035,percent005_day1_case1,VT,tv_ss3__te_ss1ss2,S008,ss1,Fx,0.1554362780987304,0.8421309957812537
lab7035,percent005_day1_case1,VT,tv_ss3__te_ss1ss2,S008,ss1,Fz,0.284831808776709,0.8741734083206008
lab7035,percent005_day1_case1,VT,tv_ss3__te_ss1ss2,S009,ss1,Fx,0.2755754432756332,0.6008779283855541
lab7035,percent005_day1_case1,VT,tv_ss3__te_ss1ss2,S009,ss1,Fz,0.2524976973468679,0.7562946219001425
lab7035,percent005_day1_case1,VT,tv_ss3__te_ss1ss2,S010,ss1,Fx,0.2023469993888798,0.7157940547392645
lab7035,percent005_day1_case1,VT,tv_ss3__te_ss1ss2,S010,ss1,Fz,0.1444709159986575,0.8162213681393977
lab7035,percent005_day1_case1,VT,tv_ss3__te_ss1ss2,S012,ss1,Fx,0.2542806599398598,0.625102764753618
lab7035,percent005_day1_case1,VT,tv_ss3__te_ss1ss2,S012,ss1,Fz,0.1671407778523898,0.8430165081903965
lab7035,percent005_day1_case1,VT,tv_ss3__te_ss1ss2,S013,ss1,Fx,0.3095664380170084,0.0566859548768255
lab7035,percent005_day1_case1,VT,tv_ss3__te_ss1ss2,S013,ss1,Fz,0.2940637895232622,0.8003239213317921
lab7035,percent005_day1_case1,VT,tv_ss3__te_ss1ss2,S014,ss1,Fx,0.1793407913550652,0.770096079355224
lab7035,percent005_day1_case1,VT,tv_ss3__te_ss1ss2,S014,ss1,Fz,0.2210000681833291,0.7629966089274786
lab7035,percent005_day1_case1,VT,tv_ss3__te_ss1ss2,S015,ss1,Fx,0.13795832611236,0.8899159397668115
lab7035,percent005_day1_case1,VT,tv_ss3__te_ss1ss2,S015,ss1,Fz,0.1645432376973651,0.8337549999686875
lab7035,percent005_day1_case1,VT,tv_ss3__te_ss1ss2,S016,ss1,Fx,0.3479956027985236,0.1220228240830139
lab7035,percent005_day1_case1,VT,tv_ss3__te_ss1ss2,S016,ss1,Fz,0.2505914496031131,0.692981432114782
lab7035,percent005_day1_case1,VT,tv_ss3__te_ss1ss2,S017,ss1,Fx,0.2072558082945051,0.8278464424132539
lab7035,percent005_day1_case1,VT,tv_ss3__te_ss1ss2,S017,ss1,Fz,0.1001243408844942,0.9023855822623864
lab7035,percent005_day1_case1,VT,tv_ss3__te_ss1ss2,S018,ss1,Fx,0.15619350356978,0.805639747031664
lab7035,percent005_day1_case1,VT,tv_ss3__te_ss1ss2,S018,ss1,Fz,0.2357935850420075,0.856584822657109
lab7035,percent005_day1_case1,VT,tv_ss3__te_ss1ss2,S019,ss1,Fx,0.228323650698559,0.6943799517598184
lab7035,percent005_day1_case1,VT,tv_ss3__te_ss1ss2,S019,ss1,Fz,0.1786737176399889,0.837819563835553
lab7035,percent005_day1_case1,VT,tv_ss3__te_ss1ss2,S001,ss2,Fx,0.1217001620440593,0.9050367843757036
lab7035,percent005_day1_case1,VT,tv_ss3__te_ss1ss2,S001,ss2,Fz,0.1474962021763271,0.892268543709195
lab7035,percent005_day1_case1,VT,tv_ss3__te_ss1ss2,S002,ss2,Fx,0.2415860482287845,0.5520708977971761
lab7035,percent005_day1_case1,VT,tv_ss3__te_ss1ss2,S002,ss2,Fz,0.1212091327115042,0.9241338548955692
lab7035,percent005_day1_case1,VT,tv_ss3__te_ss1ss2,S003,ss2,Fx,0.1174771664192209,0.8908547321021635
lab7035,percent005_day1_case1,VT,tv_ss3__te_ss1ss2,S003,ss2,Fz,0.0956058205810968,0.9690864044224408
lab7035,percent005_day1_case1,VT,tv_ss3__te_ss1ss2,S004,ss2,Fx,0.1169431588397905,0.8968012629524514
lab7035,percent005_day1_case1,VT,tv_ss3__te_ss1ss2,S004,ss2,Fz,0.1313202887445675,0.9101913963113316
lab7035,percent005_day1_case1,VT,tv_ss3__te_ss1ss2,S005,ss2,Fx,0.1259500523488213,0.8895545985962711
lab7035,percent005_day1_case1,VT,tv_ss3__te_ss1ss2,S005,ss2,Fz,0.1620361130889684,0.8845815489930953
lab7035,percent005_day1_case1,VT,tv_ss3__te_ss1ss2,S006,ss2,Fx,0.1660232004830236,0.7670932412444756
lab7035,percent005_day1_case1,VT,tv_ss3__te_ss1ss2,S006,ss2,Fz,0.1089858838821265,0.9203249601016388
lab7035,percent005_day1_case1,VT,tv_ss3__te_ss1ss2,S007,ss2,Fx,0.0901655116135921,0.9410092282754804
lab7035,percent005_day1_case1,VT,tv_ss3__te_ss1ss2,S007,ss2,Fz,0.1188289727553296,0.935985414259388
lab7035,percent005_day1_case1,VT,tv_ss3__te_ss1ss2,S008,ss2,Fx,0.0897603285253122,0.9486961586235236
lab7035,percent005_day1_case1,VT,tv_ss3__te_ss1ss2,S008,ss2,Fz,0.1336450172266611,0.942126068462853
lab7035,percent005_day1_case1,VT,tv_ss3__te_ss1ss2,S009,ss2,Fx,0.2090905911241955,0.6982080340736406
lab7035,percent005_day1_case1,VT,tv_ss3__te_ss1ss2,S009,ss2,Fz,0.1755289349134612,0.8875507218612767
lab7035,percent005_day1_case1,VT,tv_ss3__te_ss1ss2,S010,ss2,Fx,0.1469268617577685,0.8238908233794069
lab7035,percent005_day1_case1,VT,tv_ss3__te_ss1ss2,S010,ss2,Fz,0.1154745596400533,0.9144761230927791
lab7035,percent005_day1_case1,VT,tv_ss3__te_ss1ss2,S012,ss2,Fx,0.1025912026739055,0.9296225304688512
lab7035,percent005_day1_case1,VT,tv_ss3__te_ss1ss2,S012,ss2,Fz,0.1061399595959743,0.95027188231717
lab7035,percent005_day1_case1,VT,tv_ss3__te_ss1ss2,S013,ss2,Fx,0.1829702937296464,0.7035219923173587
lab7035,percent005_day1_case1,VT,tv_ss3__te_ss1ss2,S013,ss2,Fz,0.1438493918497066,0.8960256029342378
lab7035,percent005_day1_case1,VT,tv_ss3__te_ss1ss2,S015,ss2,Fx,0.1541814632818836,0.855305087110589
lab7035,percent005_day1_case1,VT,tv_ss3__te_ss1ss2,S015,ss2,Fz,0.095714188527852,0.9473322535844714
lab7035,percent005_day1_case1,VT,tv_ss3__te_ss1ss2,S016,ss2,Fx,0.116542287169435,0.9068667126535588
lab7035,percent005_day1_case1,VT,tv_ss3__te_ss1ss2,S016,ss2,Fz,0.1085472216637334,0.9594965910613928
lab7035,percent005_day1_case1,VT,tv_ss3__te_ss1ss2,S017,ss2,Fx,0.0942306615150155,0.9548550091705384
lab7035,percent005_day1_case1,VT,tv_ss3__te_ss1ss2,S017,ss2,Fz,0.0629464869623259,0.9634571974391548
lab7035,percent005_day1_case1,VT,tv_ss3__te_ss1ss2,S018,ss2,Fx,0.136037618684058,0.8625623073893844
lab7035,percent005_day1_case1,VT,tv_ss3__te_ss1ss2,S018,ss2,Fz,0.1101267592425002,0.952126038895927
lab7035,percent005_day1_case1,VT,tv_ss3__te_ss1ss2,S019,ss2,Fx,0.1771488834295682,0.8133009975785441
lab7035,percent005_day1_case1,VT,tv_ss3__te_ss1ss2,S019,ss2,Fz,0.0934034747902697,0.9473382240511716
lab7035,percent005_day1_case1,AP,tv_te_ss1,S001,ss1,Fx,0.1547770811440819,0.7798641190511791
lab7035,percent005_day1_case1,AP,tv_te_ss1,S001,ss1,Fz,0.164109303576207,0.793661948367203
lab7035,percent005_day1_case1,AP,tv_te_ss1,S002,ss1,Fx,0.1783799303110579,0.6749030118048248
lab7035,percent005_day1_case1,AP,tv_te_ss1,S002,ss1,Fz,0.133478185608682,0.8554737263934755
lab7035,percent005_day1_case1,AP,tv_te_ss1,S003,ss1,Fx,0.0712890581170944,0.9539899390730344
lab7035,percent005_day1_case1,AP,tv_te_ss1,S003,ss1,Fz,0.0940803206648796,0.9464587045114752
lab7035,percent005_day1_case1,AP,tv_te_ss1,S004,ss1,Fx,0.0931040927912314,0.916715074322258
lab7035,percent005_day1_case1,AP,tv_te_ss1,S004,ss1,Fz,0.1029423091820939,0.943306464629044
lab7035,percent005_day1_case1,AP,tv_te_ss1,S005,ss1,Fx,0.1549138169980449,0.803738067876678
lab7035,percent005_day1_case1,AP,tv_te_ss1,S005,ss1,Fz,0.1238435729690972,0.8631895760778742
lab7035,percent005_day1_case1,AP,tv_te_ss1,S006,ss1,Fx,0.0975713505925939,0.9315176901946484
lab7035,percent005_day1_case1,AP,tv_te_ss1,S006,ss1,Fz,0.0764079636510745,0.950377432138936
lab7035,percent005_day1_case1,AP,tv_te_ss1,S007,ss1,Fx,0.0883418021066977,0.9402381008414852
lab7035,percent005_day1_case1,AP,tv_te_ss1,S007,ss1,Fz,0.1027418986366436,0.8987749315799146
lab7035,percent005_day1_case1,AP,tv_te_ss1,S008,ss1,Fx,0.1128298076894993,0.9051544135582584
lab7035,percent005_day1_case1,AP,tv_te_ss1,S008,ss1,Fz,0.1244998634701346,0.9210845529061292
lab7035,percent005_day1_case1,AP,tv_te_ss1,S009,ss1,Fx,0.158643575899442,0.8484027789402524
lab7035,percent005_day1_case1,AP,tv_te_ss1,S009,ss1,Fz,0.1910029953690623,0.7459023037110953
lab7035,percent005_day1_case1,AP,tv_te_ss1,S010,ss1,Fx,0.0994864575439674,0.9019700254023926
lab7035,percent005_day1_case1,AP,tv_te_ss1,S010,ss1,Fz,0.0807954709253873,0.9273681460043506
lab7035,percent005_day1_case1,AP,tv_te_ss1,S011,ss1,Fx,0.1240109333482205,0.8949842700119273
lab7035,percent005_day1_case1,AP,tv_te_ss1,S011,ss1,Fz,0.1366636140953328,0.9324120077941728
lab7035,percent005_day1_case1,AP,tv_te_ss1,S012,ss1,Fx,0.0927117087707877,0.9532693482232182
lab7035,percent005_day1_case1,AP,tv_te_ss1,S012,ss1,Fz,0.0984074695982406,0.9357874658074468
lab7035,percent005_day1_case1,AP,tv_te_ss1,S013,ss1,Fx,0.1066227908524738,0.9208686851020896
lab7035,percent005_day1_case1,AP,tv_te_ss1,S013,ss1,Fz,0.115807037159736,0.9071356298752008
lab7035,percent005_day1_case1,AP,tv_te_ss1,S014,ss1,Fx,0.1349864425126787,0.8318619133810221
lab7035,percent005_day1_case1,AP,tv_te_ss1,S014,ss1,Fz,0.1904970254879955,0.7253122141816943
lab7035,percent005_day1_case1,AP,tv_te_ss1,S015,ss1,Fx,0.1097494090682489,0.9086404571093004
lab7035,percent005_day1_case1,AP,tv_te_ss1,S015,ss1,Fz,0.1012716553650955,0.9266511339370274
lab7035,percent005_day1_case1,AP,tv_te_ss1,S016,ss1,Fx,0.2364404191143049,0.5982411288480247
lab7035,percent005_day1_case1,AP,tv_te_ss1,S016,ss1,Fz,0.1838629115307662,0.7500877329630353
lab7035,percent005_day1_case1,AP,tv_te_ss1,S017,ss1,Fx,0.0897026265487562,0.9476736712860614
lab7035,percent005_day1_case1,AP,tv_te_ss1,S017,ss1,Fz,0.0710862452291439,0.9560985608508168
lab7035,percent005_day1_case1,AP,tv_te_ss1,S018,ss1,Fx,0.1353499526972949,0.8551319696168039
lab7035,percent005_day1_case1,AP,tv_te_ss1,S018,ss1,Fz,0.0926652539460914,0.9382426852117636
lab7035,percent005_day1_case1,AP,tv_te_ss1,S019,ss1,Fx,0.158046462563349,0.7902694848164109
lab7035,percent005_day1_case1,AP,tv_te_ss1,S019,ss1,Fz,0.120932096089707,0.9005914912058092
lab7035,percent005_day1_case1,APVT,tv_te_ss3,S001,ss3,Fx,0.0836395477297286,0.9387622673508274
lab7035,percent005_day1_case1,APVT,tv_te_ss3,S001,ss3,Fz,0.0799029937980352,0.9681240961065536
lab7035,percent005_day1_case1,APVT,tv_te_ss3,S002,ss3,Fx,0.1278080263867027,0.8347692765118245
lab7035,percent005_day1_case1,APVT,tv_te_ss3,S002,ss3,Fz,0.0925165523438025,0.950708688228804
lab7035,percent005_day1_case1,APVT,tv_te_ss3,S003,ss3,Fx,0.0530888172426868,0.9789463783777888
lab7035,percent005_day1_case1,APVT,tv_te_ss3,S003,ss3,Fz,0.0780180041532,0.9729342049487536
lab7035,percent005_day1_case1,APVT,tv_te_ss3,S004,ss3,Fx,0.0842795862651327,0.9418235245491456
lab7035,percent005_day1_case1,APVT,tv_te_ss3,S004,ss3,Fz,0.0659887069570854,0.9776851999813728
lab7035,percent005_day1_case1,APVT,tv_te_ss3,S005,ss3,Fx,0.1287685232903575,0.8616605193906548
lab7035,percent005_day1_case1,APVT,tv_te_ss3,S005,ss3,Fz,0.1094277705180902,0.9368403786104408
lab7035,percent005_day1_case1,APVT,tv_te_ss3,S006,ss3,Fx,0.1280881100531348,0.8900534760130906
lab7035,percent005_day1_case1,APVT,tv_te_ss3,S006,ss3,Fz,0.080507491535104,0.9686139225012876
lab7035,percent005_day1_case1,APVT,tv_te_ss3,S007,ss3,Fx,0.0821248958912082,0.9463418216326104
lab7035,percent005_day1_case1,APVT,tv_te_ss3,S007,ss3,Fz,0.1080732824250186,0.9628941107796768
lab7035,percent005_day1_case1,APVT,tv_te_ss3,S008,ss3,Fx,0.1195574973154899,0.9045899527421112
lab7035,percent005_day1_case1,APVT,tv_te_ss3,S008,ss3,Fz,0.1011357319582678,0.958261213430196
lab7035,percent005_day1_case1,APVT,tv_te_ss3,S009,ss3,Fx,0.1763971603646954,0.7566641294562464
lab7035,percent005_day1_case1,APVT,tv_te_ss3,S009,ss3,Fz,0.1520883813548467,0.8918471971904913
lab7035,percent005_day1_case1,APVT,tv_te_ss3,S010,ss3,Fx,0.0743928074779559,0.9559821216281892
lab7035,percent005_day1_case1,APVT,tv_te_ss3,S010,ss3,Fz,0.0804088417109858,0.9684641348930244
lab7035,percent005_day1_case1,APVT,tv_te_ss3,S012,ss3,Fx,0.0690762679831114,0.9669381418272563
lab7035,percent005_day1_case1,APVT,tv_te_ss3,S012,ss3,Fz,0.0761451538396591,0.9772961936476556
lab7035,percent005_day1_case1,APVT,tv_te_ss3,S013,ss3,Fx,0.1004644457068209,0.9330035255181532
lab7035,percent005_day1_case1,APVT,tv_te_ss3,S013,ss3,Fz,0.0958524411880682,0.9625941621395738
lab7035,percent005_day1_case1,APVT,tv_te_ss3,S014,ss3,Fx,0.2225719779649473,0.5223404352582445
lab7035,percent005_day1_case1,APVT,tv_te_ss3,S014,ss3,Fz,0.1369563315146405,0.9069930391826316
lab7035,percent005_day1_case1,APVT,tv_te_ss3,S015,ss3,Fx,0.0822796328018758,0.9513659515624716
lab7035,percent005_day1_case1,APVT,tv_te_ss3,S015,ss3,Fz,0.0550120685283897,0.9807806868718942
lab7035,percent005_day1_case1,APVT,tv_te_ss3,S016,ss3,Fx,0.1582695829457101,0.8448574022426989
lab7035,percent005_day1_case1,APVT,tv_te_ss3,S016,ss3,Fz,0.1086295078713218,0.9430178415110044
lab7035,percent005_day1_case1,APVT,tv_te_ss3,S017,ss3,Fx,0.0698751792579873,0.962444764213114
lab7035,percent005_day1_case1,APVT,tv_te_ss3,S017,ss3,Fz,0.0928753218088901,0.9432987232690384
lab7035,percent005_day1_case1,APVT,tv_te_ss3,S018,ss3,Fx,0.0622380118675656,0.9692674182911034
lab7035,percent005_day1_case1,APVT,tv_te_ss3,S018,ss3,Fz,0.0672617544740507,0.975586371061696
lab7035,percent005_day1_case1,APVT,tv_te_ss3,S019,ss3,Fx,0.1048768991194896,0.9217910409494664
lab7035,percent005_day1_case1,APVT,tv_te_ss3,S019,ss3,Fz,0.0605478616212491,0.9769516156174266
lab7035,percent010_day1_case1,AP,tv_ss1__te_ss2ss3,S001,ss2,Fx,0.1293773755148332,0.9180092971633204
lab7035,percent010_day1_case1,AP,tv_ss1__te_ss2ss3,S001,ss2,Fz,0.1287973932931825,0.9339845903190463
lab7035,percent010_day1_case1,AP,tv_ss1__te_ss2ss3,S002,ss2,Fx,0.1045520296068594,0.9144073996489676
lab7035,percent010_day1_case1,AP,tv_ss1__te_ss2ss3,S002,ss2,Fz,0.089358323832444,0.952116022530878
lab7035,percent010_day1_case1,AP,tv_ss1__te_ss2ss3,S003,ss2,Fx,0.1490414190515216,0.8506185384904658
lab7035,percent010_day1_case1,AP,tv_ss1__te_ss2ss3,S003,ss2,Fz,0.1022430468560259,0.9416903762763222
lab7035,percent010_day1_case1,AP,tv_ss1__te_ss2ss3,S004,ss2,Fx,0.1345351645045207,0.8949725844684621
lab7035,percent010_day1_case1,AP,tv_ss1__te_ss2ss3,S004,ss2,Fz,0.1244466681671205,0.9075811603830084
lab7035,percent010_day1_case1,AP,tv_ss1__te_ss2ss3,S005,ss2,Fx,0.1359328178920396,0.8699725156904298
lab7035,percent010_day1_case1,AP,tv_ss1__te_ss2ss3,S005,ss2,Fz,0.1213865029546189,0.922558271684535
lab7035,percent010_day1_case1,AP,tv_ss1__te_ss2ss3,S006,ss2,Fx,0.1308264981838688,0.90758794391473
lab7035,percent010_day1_case1,AP,tv_ss1__te_ss2ss3,S006,ss2,Fz,0.1125454161114966,0.9284759157462354
lab7035,percent010_day1_case1,AP,tv_ss1__te_ss2ss3,S007,ss2,Fx,0.1035602016268912,0.9436425046891458
lab7035,percent010_day1_case1,AP,tv_ss1__te_ss2ss3,S007,ss2,Fz,0.0998404648590572,0.9326389271700536
lab7035,percent010_day1_case1,AP,tv_ss1__te_ss2ss3,S008,ss2,Fx,0.1374289648594461,0.8821019126631063
lab7035,percent010_day1_case1,AP,tv_ss1__te_ss2ss3,S008,ss2,Fz,0.1310688227659985,0.9349095358964687
lab7035,percent010_day1_case1,AP,tv_ss1__te_ss2ss3,S009,ss2,Fx,0.1829049843348392,0.7103387495658056
lab7035,percent010_day1_case1,AP,tv_ss1__te_ss2ss3,S009,ss2,Fz,0.1634407591493568,0.8245830128278844
lab7035,percent010_day1_case1,AP,tv_ss1__te_ss2ss3,S010,ss2,Fx,0.1080013597194219,0.9412149866014404
lab7035,percent010_day1_case1,AP,tv_ss1__te_ss2ss3,S010,ss2,Fz,0.1030585375980172,0.9365488136420504
lab7035,percent010_day1_case1,AP,tv_ss1__te_ss2ss3,S011,ss2,Fx,0.1836656107768924,0.6815271913840865
lab7035,percent010_day1_case1,AP,tv_ss1__te_ss2ss3,S011,ss2,Fz,0.1304740270772495,0.9299468413674444
lab7035,percent010_day1_case1,AP,tv_ss1__te_ss2ss3,S012,ss2,Fx,0.1084161749216727,0.9529069158440768
lab7035,percent010_day1_case1,AP,tv_ss1__te_ss2ss3,S012,ss2,Fz,0.1062353286975738,0.9357987684795608
lab7035,percent010_day1_case1,AP,tv_ss1__te_ss2ss3,S013,ss2,Fx,0.0977965746592421,0.9522807401533876
lab7035,percent010_day1_case1,AP,tv_ss1__te_ss2ss3,S013,ss2,Fz,0.1107727429633347,0.9149076033299306
lab7035,percent010_day1_case1,AP,tv_ss1__te_ss2ss3,S015,ss2,Fx,0.1427290491540663,0.8591824669846609
lab7035,percent010_day1_case1,AP,tv_ss1__te_ss2ss3,S015,ss2,Fz,0.104738076604057,0.9254926911588356
lab7035,percent010_day1_case1,AP,tv_ss1__te_ss2ss3,S016,ss2,Fx,0.1316898747530832,0.8965206503649604
lab7035,percent010_day1_case1,AP,tv_ss1__te_ss2ss3,S016,ss2,Fz,0.1467215378845433,0.8777687909699649
lab7035,percent010_day1_case1,AP,tv_ss1__te_ss2ss3,S017,ss2,Fx,0.1095368381112046,0.9028994861262868
lab7035,percent010_day1_case1,AP,tv_ss1__te_ss2ss3,S017,ss2,Fz,0.0969563909841309,0.9509890922364812
lab7035,percent010_day1_case1,AP,tv_ss1__te_ss2ss3,S018,ss2,Fx,0.1428526457782394,0.8577202053679811
lab7035,percent010_day1_case1,AP,tv_ss1__te_ss2ss3,S018,ss2,Fz,0.1053078415729922,0.940533149158932
lab7035,percent010_day1_case1,AP,tv_ss1__te_ss2ss3,S019,ss2,Fx,0.1727146512711337,0.7435781197390517
lab7035,percent010_day1_case1,AP,tv_ss1__te_ss2ss3,S019,ss2,Fz,0.1069471477416041,0.9348654201904854
lab7035,percent010_day1_case1,AP,tv_ss1__te_ss2ss3,S001,ss3,Fx,0.174635664412127,0.7643870863546921
lab7035,percent010_day1_case1,AP,tv_ss1__te_ss2ss3,S001,ss3,Fz,0.1643397649337339,0.8993263873180676
lab7035,percent010_day1_case1,AP,tv_ss1__te_ss2ss3,S002,ss3,Fx,0.1530520190544429,0.83054561223479
lab7035,percent010_day1_case1,AP,tv_ss1__te_ss2ss3,S002,ss3,Fz,0.1290551365415178,0.9382462473282616
lab7035,percent010_day1_case1,AP,tv_ss1__te_ss2ss3,S003,ss3,Fx,0.1879127406408184,0.7169262726046921
lab7035,percent010_day1_case1,AP,tv_ss1__te_ss2ss3,S003,ss3,Fz,0.1268187623397559,0.942504415073766
lab7035,percent010_day1_case1,AP,tv_ss1__te_ss2ss3,S004,ss3,Fx,0.1587424928804455,0.8627059076592037
lab7035,percent010_day1_case1,AP,tv_ss1__te_ss2ss3,S004,ss3,Fz,0.1277587217280295,0.9226076287791738
lab7035,percent010_day1_case1,AP,tv_ss1__te_ss2ss3,S005,ss3,Fx,0.2208796527089681,0.4810577095435228
lab7035,percent010_day1_case1,AP,tv_ss1__te_ss2ss3,S005,ss3,Fz,0.1500176567325556,0.9023950033034523
lab7035,percent010_day1_case1,AP,tv_ss1__te_ss2ss3,S006,ss3,Fx,0.1861533927598269,0.7629310663986963
lab7035,percent010_day1_case1,AP,tv_ss1__te_ss2ss3,S006,ss3,Fz,0.1434007841572241,0.9248111290349535
lab7035,percent010_day1_case1,AP,tv_ss1__te_ss2ss3,S007,ss3,Fx,0.1485084572278456,0.8854037260731205
lab7035,percent010_day1_case1,AP,tv_ss1__te_ss2ss3,S007,ss3,Fz,0.1246888967563876,0.932375190337253
lab7035,percent010_day1_case1,AP,tv_ss1__te_ss2ss3,S008,ss3,Fx,0.1806682803622691,0.7946881393094167
lab7035,percent010_day1_case1,AP,tv_ss1__te_ss2ss3,S008,ss3,Fz,0.1519362006041011,0.9269544709833268
lab7035,percent010_day1_case1,AP,tv_ss1__te_ss2ss3,S009,ss3,Fx,0.2326433163952668,0.4302862056089158
lab7035,percent010_day1_case1,AP,tv_ss1__te_ss2ss3,S009,ss3,Fz,0.2066993689615219,0.8051552744776141
lab7035,percent010_day1_case1,AP,tv_ss1__te_ss2ss3,S010,ss3,Fx,0.1390055723923,0.9106239196212542
lab7035,percent010_day1_case1,AP,tv_ss1__te_ss2ss3,S010,ss3,Fz,0.1224029312518739,0.9393553585285196
lab7035,percent010_day1_case1,AP,tv_ss1__te_ss2ss3,S012,ss3,Fx,0.1482245987607953,0.9031150946828458
lab7035,percent010_day1_case1,AP,tv_ss1__te_ss2ss3,S012,ss3,Fz,0.1274062256848062,0.9411573891324028
lab7035,percent010_day1_case1,AP,tv_ss1__te_ss2ss3,S013,ss3,Fx,0.183901257346396,0.7260449177983598
lab7035,percent010_day1_case1,AP,tv_ss1__te_ss2ss3,S013,ss3,Fz,0.1349338380257628,0.894867353724146
lab7035,percent010_day1_case1,AP,tv_ss1__te_ss2ss3,S014,ss3,Fx,0.2438144131207615,0.3066750882905598
lab7035,percent010_day1_case1,AP,tv_ss1__te_ss2ss3,S014,ss3,Fz,0.1793147167735843,0.8257309251421122
lab7035,percent010_day1_case1,AP,tv_ss1__te_ss2ss3,S015,ss3,Fx,0.2137578360123425,0.5023374075798556
lab7035,percent010_day1_case1,AP,tv_ss1__te_ss2ss3,S015,ss3,Fz,0.1342446327406231,0.8806565855632121
lab7035,percent010_day1_case1,AP,tv_ss1__te_ss2ss3,S016,ss3,Fx,0.1283490202278284,0.9292011954704246
lab7035,percent010_day1_case1,AP,tv_ss1__te_ss2ss3,S016,ss3,Fz,0.1666822888104601,0.8360767966002601
lab7035,percent010_day1_case1,AP,tv_ss1__te_ss2ss3,S017,ss3,Fx,0.1699142620273302,0.790363710364285
lab7035,percent010_day1_case1,AP,tv_ss1__te_ss2ss3,S017,ss3,Fz,0.1691347225506412,0.7945163861627017
lab7035,percent010_day1_case1,AP,tv_ss1__te_ss2ss3,S018,ss3,Fx,0.1520052604156628,0.8614939511803056
lab7035,percent010_day1_case1,AP,tv_ss1__te_ss2ss3,S018,ss3,Fz,0.1322997265406439,0.9313350491025236
lab7035,percent010_day1_case1,AP,tv_ss1__te_ss2ss3,S019,ss3,Fx,0.2361067920122715,0.4574222862415548
lab7035,percent010_day1_case1,AP,tv_ss1__te_ss2ss3,S019,ss3,Fz,0.1321969251824076,0.9184109843004232
lab7035,percent010_day1_case1,VT,tv_ss2__te_ss1ss3,S001,ss1,Fx,0.1539058460895937,0.9041160295933816
lab7035,percent010_day1_case1,VT,tv_ss2__te_ss1ss3,S001,ss1,Fz,0.1074012851621813,0.9321539900441131
lab7035,percent010_day1_case1,VT,tv_ss2__te_ss1ss3,S002,ss1,Fx,0.2188000011683671,0.6470466100605421
lab7035,percent010_day1_case1,VT,tv_ss2__te_ss1ss3,S002,ss1,Fz,0.1733373468645243,0.792317554440923
lab7035,percent010_day1_case1,VT,tv_ss2__te_ss1ss3,S003,ss1,Fx,0.1159112041475891,0.8978763903688389
lab7035,percent010_day1_case1,VT,tv_ss2__te_ss1ss3,S003,ss1,Fz,0.1136779051129025,0.9160957594456332
lab7035,percent010_day1_case1,VT,tv_ss2__te_ss1ss3,S004,ss1,Fx,0.1129728795340474,0.910993929793652
lab7035,percent010_day1_case1,VT,tv_ss2__te_ss1ss3,S004,ss1,Fz,0.1033708584810661,0.9374197754178356
lab7035,percent010_day1_case1,VT,tv_ss2__te_ss1ss3,S005,ss1,Fx,0.1375586024180761,0.8715813934786776
lab7035,percent010_day1_case1,VT,tv_ss2__te_ss1ss3,S005,ss1,Fz,0.1451687326929577,0.8921291394609933
lab7035,percent010_day1_case1,VT,tv_ss2__te_ss1ss3,S006,ss1,Fx,0.0918650589501663,0.9470695164170916
lab7035,percent010_day1_case1,VT,tv_ss2__te_ss1ss3,S006,ss1,Fz,0.1159964796839411,0.9069374391216514
lab7035,percent010_day1_case1,VT,tv_ss2__te_ss1ss3,S007,ss1,Fx,0.1446056875880581,0.8457787170990156
lab7035,percent010_day1_case1,VT,tv_ss2__te_ss1ss3,S007,ss1,Fz,0.1171784853126484,0.9261210591450856
lab7035,percent010_day1_case1,VT,tv_ss2__te_ss1ss3,S008,ss1,Fx,0.094291670226955,0.9510675023850588
lab7035,percent010_day1_case1,VT,tv_ss2__te_ss1ss3,S008,ss1,Fz,0.1362481943009609,0.9264107955091276
lab7035,percent010_day1_case1,VT,tv_ss2__te_ss1ss3,S009,ss1,Fx,0.1964809607119427,0.8326499732779262
lab7035,percent010_day1_case1,VT,tv_ss2__te_ss1ss3,S009,ss1,Fz,0.1776348245357147,0.7535933705401956
lab7035,percent010_day1_case1,VT,tv_ss2__te_ss1ss3,S010,ss1,Fx,0.1758275453137846,0.7555159019406089
lab7035,percent010_day1_case1,VT,tv_ss2__te_ss1ss3,S010,ss1,Fz,0.1203489756443584,0.8605123354867423
lab7035,percent010_day1_case1,VT,tv_ss2__te_ss1ss3,S011,ss1,Fx,0.1676438432630425,0.8980972403416663
lab7035,percent010_day1_case1,VT,tv_ss2__te_ss1ss3,S011,ss1,Fz,0.1376307689798589,0.916466500004866
lab7035,percent010_day1_case1,VT,tv_ss2__te_ss1ss3,S012,ss1,Fx,0.1043364572692981,0.9314670586496552
lab7035,percent010_day1_case1,VT,tv_ss2__te_ss1ss3,S012,ss1,Fz,0.1204752731545642,0.9075476518887616
lab7035,percent010_day1_case1,VT,tv_ss2__te_ss1ss3,S013,ss1,Fx,0.1313082008556812,0.9212092300187246
lab7035,percent010_day1_case1,VT,tv_ss2__te_ss1ss3,S013,ss1,Fz,0.1440811903673727,0.8865356192237928
lab7035,percent010_day1_case1,VT,tv_ss2__te_ss1ss3,S015,ss1,Fx,0.1212924060975152,0.9151802246326924
lab7035,percent010_day1_case1,VT,tv_ss2__te_ss1ss3,S015,ss1,Fz,0.0983574364072139,0.9244760759112924
lab7035,percent010_day1_case1,VT,tv_ss2__te_ss1ss3,S016,ss1,Fx,0.2833087625309598,0.5136864707702897
lab7035,percent010_day1_case1,VT,tv_ss2__te_ss1ss3,S016,ss1,Fz,0.1862372373659752,0.765737572363128
lab7035,percent010_day1_case1,VT,tv_ss2__te_ss1ss3,S017,ss1,Fx,0.1395709599626835,0.91172488131485
lab7035,percent010_day1_case1,VT,tv_ss2__te_ss1ss3,S017,ss1,Fz,0.0752586515261496,0.953513011142475
lab7035,percent010_day1_case1,VT,tv_ss2__te_ss1ss3,S018,ss1,Fx,0.1380231532738421,0.8580859943135689
lab7035,percent010_day1_case1,VT,tv_ss2__te_ss1ss3,S018,ss1,Fz,0.1169159017155222,0.9371380868105904
lab7035,percent010_day1_case1,VT,tv_ss2__te_ss1ss3,S019,ss1,Fx,0.1842359312885148,0.846324008291931
lab7035,percent010_day1_case1,VT,tv_ss2__te_ss1ss3,S019,ss1,Fz,0.105866904694165,0.9365754203110568
lab7035,percent010_day1_case1,VT,tv_ss2__te_ss1ss3,S001,ss3,Fx,0.11127978824255,0.8940235635075487
lab7035,percent010_day1_case1,VT,tv_ss2__te_ss1ss3,S001,ss3,Fz,0.0929325705646188,0.9551661545616724
lab7035,percent010_day1_case1,VT,tv_ss2__te_ss1ss3,S002,ss3,Fx,0.0935075286591299,0.925225154140804
lab7035,percent010_day1_case1,VT,tv_ss2__te_ss1ss3,S002,ss3,Fz,0.0864246343453311,0.9582845145892764
lab7035,percent010_day1_case1,VT,tv_ss2__te_ss1ss3,S003,ss3,Fx,0.1014703387896396,0.9356844206035392
lab7035,percent010_day1_case1,VT,tv_ss2__te_ss1ss3,S003,ss3,Fz,0.0827911475335465,0.973735465501666
lab7035,percent010_day1_case1,VT,tv_ss2__te_ss1ss3,S004,ss3,Fx,0.1480255176759477,0.8036906912307197
lab7035,percent010_day1_case1,VT,tv_ss2__te_ss1ss3,S004,ss3,Fz,0.1127959097525485,0.944450864587079
lab7035,percent010_day1_case1,VT,tv_ss2__te_ss1ss3,S005,ss3,Fx,0.1362489609312262,0.8576533875728584
lab7035,percent010_day1_case1,VT,tv_ss2__te_ss1ss3,S005,ss3,Fz,0.105178399324882,0.9405848929883952
lab7035,percent010_day1_case1,VT,tv_ss2__te_ss1ss3,S006,ss3,Fx,0.1419099454948032,0.8526216929771167
lab7035,percent010_day1_case1,VT,tv_ss2__te_ss1ss3,S006,ss3,Fz,0.096050851522532,0.9634936165531264
lab7035,percent010_day1_case1,VT,tv_ss2__te_ss1ss3,S007,ss3,Fx,0.09184122569495,0.9563039462714252
lab7035,percent010_day1_case1,VT,tv_ss2__te_ss1ss3,S007,ss3,Fz,0.0768236502679097,0.9624579715249308
lab7035,percent010_day1_case1,VT,tv_ss2__te_ss1ss3,S008,ss3,Fx,0.1399916457135835,0.879359693601076
lab7035,percent010_day1_case1,VT,tv_ss2__te_ss1ss3,S008,ss3,Fz,0.1116452557195565,0.9569889004465968
lab7035,percent010_day1_case1,VT,tv_ss2__te_ss1ss3,S009,ss3,Fx,0.2010988500954033,0.6434725920091672
lab7035,percent010_day1_case1,VT,tv_ss2__te_ss1ss3,S009,ss3,Fz,0.1764414475341174,0.8661987486147297
lab7035,percent010_day1_case1,VT,tv_ss2__te_ss1ss3,S010,ss3,Fx,0.0919598407567607,0.9496598680259948
lab7035,percent010_day1_case1,VT,tv_ss2__te_ss1ss3,S010,ss3,Fz,0.0936296568122008,0.9504477694005996
lab7035,percent010_day1_case1,VT,tv_ss2__te_ss1ss3,S012,ss3,Fx,0.1018040866648206,0.9448672069553776
lab7035,percent010_day1_case1,VT,tv_ss2__te_ss1ss3,S012,ss3,Fz,0.0889243597158108,0.9760177003187044
lab7035,percent010_day1_case1,VT,tv_ss2__te_ss1ss3,S013,ss3,Fx,0.1232296581209142,0.8678698307948994
lab7035,percent010_day1_case1,VT,tv_ss2__te_ss1ss3,S013,ss3,Fz,0.0929531038677068,0.9546662700559352
lab7035,percent010_day1_case1,VT,tv_ss2__te_ss1ss3,S015,ss3,Fx,0.1197674624047982,0.8655820094657839
lab7035,percent010_day1_case1,VT,tv_ss2__te_ss1ss3,S015,ss3,Fz,0.082993368358981,0.9635304340393908
lab7035,percent010_day1_case1,VT,tv_ss2__te_ss1ss3,S016,ss3,Fx,0.1150018894305756,0.8999769744364402
lab7035,percent010_day1_case1,VT,tv_ss2__te_ss1ss3,S016,ss3,Fz,0.1278457374805283,0.9217989731940076
lab7035,percent010_day1_case1,VT,tv_ss2__te_ss1ss3,S017,ss3,Fx,0.1151519582842817,0.9072563960741704
lab7035,percent010_day1_case1,VT,tv_ss2__te_ss1ss3,S017,ss3,Fz,0.1049386816120077,0.9512722936890832
lab7035,percent010_day1_case1,VT,tv_ss2__te_ss1ss3,S018,ss3,Fx,0.1058023590605747,0.9189313520738458
lab7035,percent010_day1_case1,VT,tv_ss2__te_ss1ss3,S018,ss3,Fz,0.0839585574654226,0.9725839523693688
lab7035,percent010_day1_case1,VT,tv_ss2__te_ss1ss3,S019,ss3,Fx,0.136896557478345,0.859021656014508
lab7035,percent010_day1_case1,VT,tv_ss2__te_ss1ss3,S019,ss3,Fz,0.0919730657172228,0.9617162977739688
lab7035,percent010_day1_case1,APVT,tv_ss3__te_ss1ss2,S001,ss1,Fx,0.1815965891243256,0.8893528248412167
lab7035,percent010_day1_case1,APVT,tv_ss3__te_ss1ss2,S001,ss1,Fz,0.1440248989328411,0.9097163122768136
lab7035,percent010_day1_case1,APVT,tv_ss3__te_ss1ss2,S002,ss1,Fx,0.226363035031095,0.6747326263435539
lab7035,percent010_day1_case1,APVT,tv_ss3__te_ss1ss2,S002,ss1,Fz,0.2325382724827628,0.8373394150139603
lab7035,percent010_day1_case1,APVT,tv_ss3__te_ss1ss2,S003,ss1,Fx,0.2161070491975746,0.6748909824889162
lab7035,percent010_day1_case1,APVT,tv_ss3__te_ss1ss2,S003,ss1,Fz,0.2308401016405872,0.8716823256360676
lab7035,percent010_day1_case1,APVT,tv_ss3__te_ss1ss2,S004,ss1,Fx,0.1931538628644041,0.8489159409822976
lab7035,percent010_day1_case1,APVT,tv_ss3__te_ss1ss2,S004,ss1,Fz,0.1874649975411891,0.8437770474939678
lab7035,percent010_day1_case1,APVT,tv_ss3__te_ss1ss2,S005,ss1,Fx,0.2401571331646723,0.8890908892210729
lab7035,percent010_day1_case1,APVT,tv_ss3__te_ss1ss2,S005,ss1,Fz,0.287194977261541,0.7493215016769355
lab7035,percent010_day1_case1,APVT,tv_ss3__te_ss1ss2,S006,ss1,Fx,0.1496772429527113,0.8446260440787473
lab7035,percent010_day1_case1,APVT,tv_ss3__te_ss1ss2,S006,ss1,Fz,0.1916982474202653,0.9226314033901986
lab7035,percent010_day1_case1,APVT,tv_ss3__te_ss1ss2,S007,ss1,Fx,0.1676954428967621,0.8733243428079754
lab7035,percent010_day1_case1,APVT,tv_ss3__te_ss1ss2,S007,ss1,Fz,0.2615958339547664,0.8911795305852613
lab7035,percent010_day1_case1,APVT,tv_ss3__te_ss1ss2,S008,ss1,Fx,0.1597687018141838,0.8844212223433254
lab7035,percent010_day1_case1,APVT,tv_ss3__te_ss1ss2,S008,ss1,Fz,0.2232672558029599,0.8936834681185624
lab7035,percent010_day1_case1,APVT,tv_ss3__te_ss1ss2,S009,ss1,Fx,0.2878932028607313,0.4557110994509454
lab7035,percent010_day1_case1,APVT,tv_ss3__te_ss1ss2,S009,ss1,Fz,0.2872963912921264,0.6923555551786911
lab7035,percent010_day1_case1,APVT,tv_ss3__te_ss1ss2,S010,ss1,Fx,0.2111389599299309,0.8096486150197503
lab7035,percent010_day1_case1,APVT,tv_ss3__te_ss1ss2,S010,ss1,Fz,0.1616063377946086,0.8181134211731372
lab7035,percent010_day1_case1,APVT,tv_ss3__te_ss1ss2,S012,ss1,Fx,0.2229692676668831,0.8304628195616173
lab7035,percent010_day1_case1,APVT,tv_ss3__te_ss1ss2,S012,ss1,Fz,0.253351881848072,0.864576901491161
lab7035,percent010_day1_case1,APVT,tv_ss3__te_ss1ss2,S013,ss1,Fx,0.2469865147007028,0.6130206218072326
lab7035,percent010_day1_case1,APVT,tv_ss3__te_ss1ss2,S013,ss1,Fz,0.2939002190612521,0.7087050045215144
lab7035,percent010_day1_case1,APVT,tv_ss3__te_ss1ss2,S014,ss1,Fx,0.1801242616250392,0.8245494141237933
lab7035,percent010_day1_case1,APVT,tv_ss3__te_ss1ss2,S014,ss1,Fz,0.2863297413681909,0.7369903506616055
lab7035,percent010_day1_case1,APVT,tv_ss3__te_ss1ss2,S015,ss1,Fx,0.2077882615750507,0.735533446726865
lab7035,percent010_day1_case1,APVT,tv_ss3__te_ss1ss2,S015,ss1,Fz,0.1465421848277524,0.9199729422142724
lab7035,percent010_day1_case1,APVT,tv_ss3__te_ss1ss2,S016,ss1,Fx,0.3657681458307081,0.2342371142261246
lab7035,percent010_day1_case1,APVT,tv_ss3__te_ss1ss2,S016,ss1,Fz,0.2440206884378166,0.7991297092560956
lab7035,percent010_day1_case1,APVT,tv_ss3__te_ss1ss2,S017,ss1,Fx,0.2675581560380855,0.7580106417319734
lab7035,percent010_day1_case1,APVT,tv_ss3__te_ss1ss2,S017,ss1,Fz,0.1164537446607029,0.8744965497323904
lab7035,percent010_day1_case1,APVT,tv_ss3__te_ss1ss2,S018,ss1,Fx,0.1728536593398615,0.8422180414422934
lab7035,percent010_day1_case1,APVT,tv_ss3__te_ss1ss2,S018,ss1,Fz,0.3312155768850708,0.8923801381781815
lab7035,percent010_day1_case1,APVT,tv_ss3__te_ss1ss2,S019,ss1,Fx,0.2738356635937648,0.6729410996334193
lab7035,percent010_day1_case1,APVT,tv_ss3__te_ss1ss2,S019,ss1,Fz,0.1453550867098489,0.9183711364055072
lab7035,percent010_day1_case1,APVT,tv_ss3__te_ss1ss2,S001,ss2,Fx,0.0854968580623106,0.9582009262245504
lab7035,percent010_day1_case1,APVT,tv_ss3__te_ss1ss2,S001,ss2,Fz,0.0881787972367088,0.9676790353455718
lab7035,percent010_day1_case1,APVT,tv_ss3__te_ss1ss2,S002,ss2,Fx,0.1646418669798316,0.8057407641204716
lab7035,percent010_day1_case1,APVT,tv_ss3__te_ss1ss2,S002,ss2,Fz,0.1434355070383202,0.928131999797946
lab7035,percent010_day1_case1,APVT,tv_ss3__te_ss1ss2,S003,ss2,Fx,0.090796840882688,0.9618705284298742
lab7035,percent010_day1_case1,APVT,tv_ss3__te_ss1ss2,S003,ss2,Fz,0.1127489069401158,0.9679832054625797
lab7035,percent010_day1_case1,APVT,tv_ss3__te_ss1ss2,S004,ss2,Fx,0.1334757184509641,0.8594195413952769
lab7035,percent010_day1_case1,APVT,tv_ss3__te_ss1ss2,S004,ss2,Fz,0.1166536037288323,0.9379259136875188
lab7035,percent010_day1_case1,APVT,tv_ss3__te_ss1ss2,S005,ss2,Fx,0.153766869690754,0.8891224601946159
lab7035,percent010_day1_case1,APVT,tv_ss3__te_ss1ss2,S005,ss2,Fz,0.1460233345305875,0.916748914943442
lab7035,percent010_day1_case1,APVT,tv_ss3__te_ss1ss2,S006,ss2,Fx,0.1073299124788131,0.9168662592468824
lab7035,percent010_day1_case1,APVT,tv_ss3__te_ss1ss2,S006,ss2,Fz,0.1031579492071527,0.9540021761964456
lab7035,percent010_day1_case1,APVT,tv_ss3__te_ss1ss2,S007,ss2,Fx,0.0833207406772367,0.9455183274590236
lab7035,percent010_day1_case1,APVT,tv_ss3__te_ss1ss2,S007,ss2,Fz,0.1276705723891845,0.9564975632518784
lab7035,percent010_day1_case1,APVT,tv_ss3__te_ss1ss2,S008,ss2,Fx,0.0981394044302439,0.9361204322031608
lab7035,percent010_day1_case1,APVT,tv_ss3__te_ss1ss2,S008,ss2,Fz,0.1172851698664141,0.9618754191680164
lab7035,percent010_day1_case1,APVT,tv_ss3__te_ss1ss2,S009,ss2,Fx,0.2286798487802591,0.6212404071964133
lab7035,percent010_day1_case1,APVT,tv_ss3__te_ss1ss2,S009,ss2,Fz,0.1829485156433795,0.8392944288937891
lab7035,percent010_day1_case1,APVT,tv_ss3__te_ss1ss2,S010,ss2,Fx,0.0958062825604106,0.9303328560372012
lab7035,percent010_day1_case1,APVT,tv_ss3__te_ss1ss2,S010,ss2,Fz,0.1041272075217265,0.9346824923337488
lab7035,percent010_day1_case1,APVT,tv_ss3__te_ss1ss2,S012,ss2,Fx,0.1214547423517692,0.9273388586043544
lab7035,percent010_day1_case1,APVT,tv_ss3__te_ss1ss2,S012,ss2,Fz,0.1132395908099166,0.9332399324267004
lab7035,percent010_day1_case1,APVT,tv_ss3__te_ss1ss2,S013,ss2,Fx,0.1536110800660734,0.8274396684781312
lab7035,percent010_day1_case1,APVT,tv_ss3__te_ss1ss2,S013,ss2,Fz,0.1525546824839985,0.8925797784438988
lab7035,percent010_day1_case1,APVT,tv_ss3__te_ss1ss2,S015,ss2,Fx,0.1583160047490051,0.8888755280380574
lab7035,percent010_day1_case1,APVT,tv_ss3__te_ss1ss2,S015,ss2,Fz,0.0695635683548805,0.9756549760738702
lab7035,percent010_day1_case1,APVT,tv_ss3__te_ss1ss2,S016,ss2,Fx,0.1235064664424198,0.8997463677390596
lab7035,percent010_day1_case1,APVT,tv_ss3__te_ss1ss2,S016,ss2,Fz,0.1306487433277527,0.9576667305960554
lab7035,percent010_day1_case1,APVT,tv_ss3__te_ss1ss2,S017,ss2,Fx,0.1218464980474133,0.9101367932527672
lab7035,percent010_day1_case1,APVT,tv_ss3__te_ss1ss2,S017,ss2,Fz,0.0751343851512829,0.9527012885598176
lab7035,percent010_day1_case1,APVT,tv_ss3__te_ss1ss2,S018,ss2,Fx,0.1049162969446277,0.9285979995731324
lab7035,percent010_day1_case1,APVT,tv_ss3__te_ss1ss2,S018,ss2,Fz,0.0958232697182969,0.9614807013350491
lab7035,percent010_day1_case1,APVT,tv_ss3__te_ss1ss2,S019,ss2,Fx,0.2151795722794767,0.7405201866638244
lab7035,percent010_day1_case1,APVT,tv_ss3__te_ss1ss2,S019,ss2,Fz,0.1032240364679727,0.9384288485318648
lab7035,percent010_day1_case1,VT,tv_ss3__te_ss1ss2,S001,ss1,Fx,0.2181825461827644,0.8796503571034959
lab7035,percent010_day1_case1,VT,tv_ss3__te_ss1ss2,S001,ss1,Fz,0.1615292831458323,0.9132651356806596
lab7035,percent010_day1_case1,VT,tv_ss3__te_ss1ss2,S002,ss1,Fx,0.3112644206435668,0.4896514115476038
lab7035,percent010_day1_case1,VT,tv_ss3__te_ss1ss2,S002,ss1,Fz,0.2405233054707736,0.7568882974440329
lab7035,percent010_day1_case1,VT,tv_ss3__te_ss1ss2,S003,ss1,Fx,0.3186926666415124,0.4462746993487301
lab7035,percent010_day1_case1,VT,tv_ss3__te_ss1ss2,S003,ss1,Fz,0.1892705318803367,0.892863255338375
lab7035,percent010_day1_case1,VT,tv_ss3__te_ss1ss2,S004,ss1,Fx,0.2147837400570701,0.6556607339592951
lab7035,percent010_day1_case1,VT,tv_ss3__te_ss1ss2,S004,ss1,Fz,0.2060395642595703,0.8873061087325718
lab7035,percent010_day1_case1,VT,tv_ss3__te_ss1ss2,S005,ss1,Fx,0.2218996940163402,0.6972198029414102
lab7035,percent010_day1_case1,VT,tv_ss3__te_ss1ss2,S005,ss1,Fz,0.2756899610907712,0.76405947941829
lab7035,percent010_day1_case1,VT,tv_ss3__te_ss1ss2,S006,ss1,Fx,0.1280164055089969,0.9112399160762772
lab7035,percent010_day1_case1,VT,tv_ss3__te_ss1ss2,S006,ss1,Fz,0.1789583339480481,0.886859780452346
lab7035,percent010_day1_case1,VT,tv_ss3__te_ss1ss2,S007,ss1,Fx,0.1733345389135611,0.7633640341331345
lab7035,percent010_day1_case1,VT,tv_ss3__te_ss1ss2,S007,ss1,Fz,0.2824900256439442,0.7888928663038035
lab7035,percent010_day1_case1,VT,tv_ss3__te_ss1ss2,S008,ss1,Fx,0.1567553226052323,0.9101884328658918
lab7035,percent010_day1_case1,VT,tv_ss3__te_ss1ss2,S008,ss1,Fz,0.2339802147838913,0.8865176949330821
lab7035,percent010_day1_case1,VT,tv_ss3__te_ss1ss2,S009,ss1,Fx,0.2848031113002934,0.6857647093884718
lab7035,percent010_day1_case1,VT,tv_ss3__te_ss1ss2,S009,ss1,Fz,0.2735261047294888,0.7154323816883781
lab7035,percent010_day1_case1,VT,tv_ss3__te_ss1ss2,S010,ss1,Fx,0.2062983122567203,0.6783324253825781
lab7035,percent010_day1_case1,VT,tv_ss3__te_ss1ss2,S010,ss1,Fz,0.1974626103715204,0.7798035186993012
lab7035,percent010_day1_case1,VT,tv_ss3__te_ss1ss2,S012,ss1,Fx,0.2002867487696397,0.7061629546662118
lab7035,percent010_day1_case1,VT,tv_ss3__te_ss1ss2,S012,ss1,Fz,0.1708913244722507,0.8631045932672784
lab7035,percent010_day1_case1,VT,tv_ss3__te_ss1ss2,S013,ss1,Fx,0.1923606713238863,0.7597004858609899
lab7035,percent010_day1_case1,VT,tv_ss3__te_ss1ss2,S013,ss1,Fz,0.2531672547741667,0.8364539610345094
lab7035,percent010_day1_case1,VT,tv_ss3__te_ss1ss2,S014,ss1,Fx,0.1578340184203471,0.8643771500827334
lab7035,percent010_day1_case1,VT,tv_ss3__te_ss1ss2,S014,ss1,Fz,0.2486607209717232,0.8205002141639496
lab7035,percent010_day1_case1,VT,tv_ss3__te_ss1ss2,S015,ss1,Fx,0.1492018497931448,0.8912549032480989
lab7035,percent010_day1_case1,VT,tv_ss3__te_ss1ss2,S015,ss1,Fz,0.1371381178204497,0.9095485269421776
lab7035,percent010_day1_case1,VT,tv_ss3__te_ss1ss2,S016,ss1,Fx,0.2616209937501353,0.5690515932595795
lab7035,percent010_day1_case1,VT,tv_ss3__te_ss1ss2,S016,ss1,Fz,0.2568144411913987,0.694216706691923
lab7035,percent010_day1_case1,VT,tv_ss3__te_ss1ss2,S017,ss1,Fx,0.2486515972662285,0.7062420679202993
lab7035,percent010_day1_case1,VT,tv_ss3__te_ss1ss2,S017,ss1,Fz,0.1236408082607767,0.8818583235631892
lab7035,percent010_day1_case1,VT,tv_ss3__te_ss1ss2,S018,ss1,Fx,0.1916260448208422,0.8218620973280929
lab7035,percent010_day1_case1,VT,tv_ss3__te_ss1ss2,S018,ss1,Fz,0.1537595775143356,0.8614390053395738
lab7035,percent010_day1_case1,VT,tv_ss3__te_ss1ss2,S019,ss1,Fx,0.3561553776233953,0.6580933050421519
lab7035,percent010_day1_case1,VT,tv_ss3__te_ss1ss2,S019,ss1,Fz,0.1512066247135815,0.905441496831826
lab7035,percent010_day1_case1,VT,tv_ss3__te_ss1ss2,S001,ss2,Fx,0.1212907450347077,0.9440210243231968
lab7035,percent010_day1_case1,VT,tv_ss3__te_ss1ss2,S001,ss2,Fz,0.0937324829258902,0.9689254909476036
lab7035,percent010_day1_case1,VT,tv_ss3__te_ss1ss2,S002,ss2,Fx,0.1956720087763189,0.7204001221773382
lab7035,percent010_day1_case1,VT,tv_ss3__te_ss1ss2,S002,ss2,Fz,0.1595831449394816,0.8756475302908543
lab7035,percent010_day1_case1,VT,tv_ss3__te_ss1ss2,S003,ss2,Fx,0.1355078173643031,0.877664522519165
lab7035,percent010_day1_case1,VT,tv_ss3__te_ss1ss2,S003,ss2,Fz,0.0988644761328119,0.9745922327647342
lab7035,percent010_day1_case1,VT,tv_ss3__te_ss1ss2,S004,ss2,Fx,0.1214233445240413,0.8988095999183151
lab7035,percent010_day1_case1,VT,tv_ss3__te_ss1ss2,S004,ss2,Fz,0.1148617995818649,0.951094768233992
lab7035,percent010_day1_case1,VT,tv_ss3__te_ss1ss2,S005,ss2,Fx,0.147439204491333,0.847874461460426
lab7035,percent010_day1_case1,VT,tv_ss3__te_ss1ss2,S005,ss2,Fz,0.1688418187579913,0.9133852168320828
lab7035,percent010_day1_case1,VT,tv_ss3__te_ss1ss2,S006,ss2,Fx,0.0862573054442984,0.9540949988122612
lab7035,percent010_day1_case1,VT,tv_ss3__te_ss1ss2,S006,ss2,Fz,0.0906442915366653,0.9550953891718
lab7035,percent010_day1_case1,VT,tv_ss3__te_ss1ss2,S007,ss2,Fx,0.0887246823509582,0.928770190299444
lab7035,percent010_day1_case1,VT,tv_ss3__te_ss1ss2,S007,ss2,Fz,0.1303409180258142,0.94589977456799
lab7035,percent010_day1_case1,VT,tv_ss3__te_ss1ss2,S008,ss2,Fx,0.1245424038294868,0.8901195050741292
lab7035,percent010_day1_case1,VT,tv_ss3__te_ss1ss2,S008,ss2,Fz,0.1326654644883616,0.9572110300316156
lab7035,percent010_day1_case1,VT,tv_ss3__te_ss1ss2,S009,ss2,Fx,0.2182059743886648,0.7248596392582743
lab7035,percent010_day1_case1,VT,tv_ss3__te_ss1ss2,S009,ss2,Fz,0.1621735781100447,0.8564994958696588
lab7035,percent010_day1_case1,VT,tv_ss3__te_ss1ss2,S010,ss2,Fx,0.0966560430870964,0.9301349768349366
lab7035,percent010_day1_case1,VT,tv_ss3__te_ss1ss2,S010,ss2,Fz,0.1213574557324335,0.9166750546724316
lab7035,percent010_day1_case1,VT,tv_ss3__te_ss1ss2,S012,ss2,Fx,0.1263910164710845,0.8910181649899308
lab7035,percent010_day1_case1,VT,tv_ss3__te_ss1ss2,S012,ss2,Fz,0.094116621610466,0.9537844729354168
lab7035,percent010_day1_case1,VT,tv_ss3__te_ss1ss2,S013,ss2,Fx,0.1526255222944735,0.8560077836334846
lab7035,percent010_day1_case1,VT,tv_ss3__te_ss1ss2,S013,ss2,Fz,0.1396409584842746,0.90671563375456
lab7035,percent010_day1_case1,VT,tv_ss3__te_ss1ss2,S015,ss2,Fx,0.1566938130031349,0.8958534958458605
lab7035,percent010_day1_case1,VT,tv_ss3__te_ss1ss2,S015,ss2,Fz,0.0829636877860602,0.9645289788792748
lab7035,percent010_day1_case1,VT,tv_ss3__te_ss1ss2,S016,ss2,Fx,0.0951543586285625,0.9392605902188926
lab7035,percent010_day1_case1,VT,tv_ss3__te_ss1ss2,S016,ss2,Fz,0.10260329984325,0.9601136530206064
lab7035,percent010_day1_case1,VT,tv_ss3__te_ss1ss2,S017,ss2,Fx,0.1008379147205096,0.9486862851428506
lab7035,percent010_day1_case1,VT,tv_ss3__te_ss1ss2,S017,ss2,Fz,0.0631836512358184,0.9657005832448928
lab7035,percent010_day1_case1,VT,tv_ss3__te_ss1ss2,S018,ss2,Fx,0.1169293432442396,0.9126275528749715
lab7035,percent010_day1_case1,VT,tv_ss3__te_ss1ss2,S018,ss2,Fz,0.1104337950679052,0.9431024341167652
lab7035,percent010_day1_case1,VT,tv_ss3__te_ss1ss2,S019,ss2,Fx,0.223644670438627,0.7908799168548427
lab7035,percent010_day1_case1,VT,tv_ss3__te_ss1ss2,S019,ss2,Fz,0.1122924292167217,0.953445118023992
lab7035,percent010_day1_case1,AP,tv_te_ss1,S001,ss1,Fx,0.1042865682531772,0.9105839166665364
lab7035,percent010_day1_case1,AP,tv_te_ss1,S001,ss1,Fz,0.1149720417392077,0.9249597435018796
lab7035,percent010_day1_case1,AP,tv_te_ss1,S002,ss1,Fx,0.1187592892566213,0.8753824679419747
lab7035,percent010_day1_case1,AP,tv_te_ss1,S002,ss1,Fz,0.091870677078953,0.9318076928007224
lab7035,percent010_day1_case1,AP,tv_te_ss1,S003,ss1,Fx,0.0950795317587929,0.9282670084539142
lab7035,percent010_day1_case1,AP,tv_te_ss1,S003,ss1,Fz,0.0928871207317075,0.9331907903007308
lab7035,percent010_day1_case1,AP,tv_te_ss1,S004,ss1,Fx,0.094308962809398,0.9225077982504064
lab7035,percent010_day1_case1,AP,tv_te_ss1,S004,ss1,Fz,0.1014986195630249,0.9407381151517208
lab7035,percent010_day1_case1,AP,tv_te_ss1,S005,ss1,Fx,0.1017625133006232,0.9353060966969388
lab7035,percent010_day1_case1,AP,tv_te_ss1,S005,ss1,Fz,0.1047788852605043,0.9226815295402974
lab7035,percent010_day1_case1,AP,tv_te_ss1,S006,ss1,Fx,0.0845852536313167,0.9528063867155442
lab7035,percent010_day1_case1,AP,tv_te_ss1,S006,ss1,Fz,0.0914800885238533,0.9266730112893518
lab7035,percent010_day1_case1,AP,tv_te_ss1,S007,ss1,Fx,0.1001837535818829,0.9170177507658304
lab7035,percent010_day1_case1,AP,tv_te_ss1,S007,ss1,Fz,0.1025412809644389,0.9114996045902064
lab7035,percent010_day1_case1,AP,tv_te_ss1,S008,ss1,Fx,0.0755809279472108,0.9562486697957489
lab7035,percent010_day1_case1,AP,tv_te_ss1,S008,ss1,Fz,0.1358831407536235,0.9358136787744934
lab7035,percent010_day1_case1,AP,tv_te_ss1,S009,ss1,Fx,0.1647727841817365,0.7654549322469991
lab7035,percent010_day1_case1,AP,tv_te_ss1,S009,ss1,Fz,0.1506315390274875,0.8277194150056488
lab7035,percent010_day1_case1,AP,tv_te_ss1,S010,ss1,Fx,0.1186629462970221,0.8825748828492458
lab7035,percent010_day1_case1,AP,tv_te_ss1,S010,ss1,Fz,0.1019424791848428,0.9051392820276226
lab7035,percent010_day1_case1,AP,tv_te_ss1,S011,ss1,Fx,0.1175857079367725,0.9119485904572564
lab7035,percent010_day1_case1,AP,tv_te_ss1,S011,ss1,Fz,0.1174840507158173,0.9570513874339704
lab7035,percent010_day1_case1,AP,tv_te_ss1,S012,ss1,Fx,0.0795420945312648,0.9627780875472868
lab7035,percent010_day1_case1,AP,tv_te_ss1,S012,ss1,Fz,0.1081755610960429,0.9207575599688956
lab7035,percent010_day1_case1,AP,tv_te_ss1,S013,ss1,Fx,0.0958066764042907,0.932772687588034
lab7035,percent010_day1_case1,AP,tv_te_ss1,S013,ss1,Fz,0.1136852523698882,0.9230980963753744
lab7035,percent010_day1_case1,AP,tv_te_ss1,S014,ss1,Fx,0.1087196220651549,0.9041788335951844
lab7035,percent010_day1_case1,AP,tv_te_ss1,S014,ss1,Fz,0.1494017202219588,0.8379302087019965
lab7035,percent010_day1_case1,AP,tv_te_ss1,S015,ss1,Fx,0.1105797492755948,0.8989409251290765
lab7035,percent010_day1_case1,AP,tv_te_ss1,S015,ss1,Fz,0.0947517167931705,0.9379034641217068
lab7035,percent010_day1_case1,AP,tv_te_ss1,S016,ss1,Fx,0.2256264437192899,0.5803033874772577
lab7035,percent010_day1_case1,AP,tv_te_ss1,S016,ss1,Fz,0.1902569140420868,0.7780914988020843
lab7035,percent010_day1_case1,AP,tv_te_ss1,S017,ss1,Fx,0.1030025259221128,0.94485204356041
lab7035,percent010_day1_case1,AP,tv_te_ss1,S017,ss1,Fz,0.079840545327286,0.9506174703138957
lab7035,percent010_day1_case1,AP,tv_te_ss1,S018,ss1,Fx,0.1275229407728006,0.8755578289656838
lab7035,percent010_day1_case1,AP,tv_te_ss1,S018,ss1,Fz,0.0753038755563874,0.9641404035314396
lab7035,percent010_day1_case1,AP,tv_te_ss1,S019,ss1,Fx,0.1314406492406879,0.8703103234813673
lab7035,percent010_day1_case1,AP,tv_te_ss1,S019,ss1,Fz,0.0924905250445927,0.9365144618030696
lab7035,percent010_day1_case1,APVT,tv_te_ss3,S001,ss3,Fx,0.065695401675566,0.9661063827171524
lab7035,percent010_day1_case1,APVT,tv_te_ss3,S001,ss3,Fz,0.0623220940187623,0.9816858216332331
lab7035,percent010_day1_case1,APVT,tv_te_ss3,S002,ss3,Fx,0.1024661464265637,0.9081516703030416
lab7035,percent010_day1_case1,APVT,tv_te_ss3,S002,ss3,Fz,0.0766092261278673,0.9665204515640132
lab7035,percent010_day1_case1,APVT,tv_te_ss3,S003,ss3,Fx,0.0549570499637803,0.97895968074811
lab7035,percent010_day1_case1,APVT,tv_te_ss3,S003,ss3,Fz,0.0673553576838342,0.9807025838418948
lab7035,percent010_day1_case1,APVT,tv_te_ss3,S004,ss3,Fx,0.0847900095503488,0.9462961673203324
lab7035,percent010_day1_case1,APVT,tv_te_ss3,S004,ss3,Fz,0.0872198257461248,0.9482692426488152
lab7035,percent010_day1_case1,APVT,tv_te_ss3,S005,ss3,Fx,0.1287553191482996,0.868469027406433
lab7035,percent010_day1_case1,APVT,tv_te_ss3,S005,ss3,Fz,0.1073018102168589,0.9418480803928682
lab7035,percent010_day1_case1,APVT,tv_te_ss3,S006,ss3,Fx,0.1062659728641699,0.919977531012316
lab7035,percent010_day1_case1,APVT,tv_te_ss3,S006,ss3,Fz,0.0731045547071325,0.9742377430609314
lab7035,percent010_day1_case1,APVT,tv_te_ss3,S007,ss3,Fx,0.078320569547164,0.9524168288827242
lab7035,percent010_day1_case1,APVT,tv_te_ss3,S007,ss3,Fz,0.0718050816463269,0.9703224893080598
lab7035,percent010_day1_case1,APVT,tv_te_ss3,S008,ss3,Fx,0.12114467202644,0.8775665687519144
lab7035,percent010_day1_case1,APVT,tv_te_ss3,S008,ss3,Fz,0.118646762554711,0.959709901918962
lab7035,percent010_day1_case1,APVT,tv_te_ss3,S009,ss3,Fx,0.1629351275153009,0.762809040732173
lab7035,percent010_day1_case1,APVT,tv_te_ss3,S009,ss3,Fz,0.1420607597822306,0.902265802267264
lab7035,percent010_day1_case1,APVT,tv_te_ss3,S010,ss3,Fx,0.0663106847368222,0.9654023121528144
lab7035,percent010_day1_case1,APVT,tv_te_ss3,S010,ss3,Fz,0.0732046220658939,0.9696237389709969
lab7035,percent010_day1_case1,APVT,tv_te_ss3,S012,ss3,Fx,0.0654363482162181,0.9731221435717936
lab7035,percent010_day1_case1,APVT,tv_te_ss3,S012,ss3,Fz,0.0833230862162615,0.967743346453986
lab7035,percent010_day1_case1,APVT,tv_te_ss3,S013,ss3,Fx,0.0943608831333729,0.9417623511570672
lab7035,percent010_day1_case1,APVT,tv_te_ss3,S013,ss3,Fz,0.102488626552704,0.9399637930889354
lab7035,percent010_day1_case1,APVT,tv_te_ss3,S014,ss3,Fx,0.1283161570850282,0.8585095690904754
lab7035,percent010_day1_case1,APVT,tv_te_ss3,S014,ss3,Fz,0.124745343314545,0.9135820747410236
lab7035,percent010_day1_case1,APVT,tv_te_ss3,S015,ss3,Fx,0.0874314465040109,0.9397923914262716
lab7035,percent010_day1_case1,APVT,tv_te_ss3,S015,ss3,Fz,0.0629242485692142,0.977715178581517
lab7035,percent010_day1_case1,APVT,tv_te_ss3,S016,ss3,Fx,0.1144787870397051,0.8994346784917124
lab7035,percent010_day1_case1,APVT,tv_te_ss3,S016,ss3,Fz,0.1196081595948164,0.943443295600964
lab7035,percent010_day1_case1,APVT,tv_te_ss3,S017,ss3,Fx,0.093197479674265,0.9285514073595684
lab7035,percent010_day1_case1,APVT,tv_te_ss3,S017,ss3,Fz,0.0791771960841326,0.9540473051909304
lab7035,percent010_day1_case1,APVT,tv_te_ss3,S018,ss3,Fx,0.0674339406735076,0.9669842881282462
lab7035,percent010_day1_case1,APVT,tv_te_ss3,S018,ss3,Fz,0.0667112084184203,0.9797521610842576
lab7035,percent010_day1_case1,APVT,tv_te_ss3,S019,ss3,Fx,0.0984768583042896,0.931208041935867
lab7035,percent010_day1_case1,APVT,tv_te_ss3,S019,ss3,Fz,0.0665321640514571,0.9729483272120332
lab7035,percent020_day1_case1,AP,tv_ss1__te_ss2ss3,S001,ss2,Fx,0.1327855719962505,0.8886350359552497
lab7035,percent020_day1_case1,AP,tv_ss1__te_ss2ss3,S001,ss2,Fz,0.1277321899042125,0.9302717903496126
lab7035,percent020_day1_case1,AP,tv_ss1__te_ss2ss3,S002,ss2,Fx,0.1088992559286675,0.9157379897140292
lab7035,percent020_day1_case1,AP,tv_ss1__te_ss2ss3,S002,ss2,Fz,0.090284619014891,0.953025526152446
lab7035,percent020_day1_case1,AP,tv_ss1__te_ss2ss3,S003,ss2,Fx,0.1499021021295965,0.8319995154294039
lab7035,percent020_day1_case1,AP,tv_ss1__te_ss2ss3,S003,ss2,Fz,0.0949284398487628,0.9426356158116752
lab7035,percent020_day1_case1,AP,tv_ss1__te_ss2ss3,S004,ss2,Fx,0.1131920511018769,0.9426339752359796
lab7035,percent020_day1_case1,AP,tv_ss1__te_ss2ss3,S004,ss2,Fz,0.131290885674413,0.9247349518852748
lab7035,percent020_day1_case1,AP,tv_ss1__te_ss2ss3,S005,ss2,Fx,0.1240007488491165,0.8903832347281108
lab7035,percent020_day1_case1,AP,tv_ss1__te_ss2ss3,S005,ss2,Fz,0.1303381325383521,0.9157766683744152
lab7035,percent020_day1_case1,AP,tv_ss1__te_ss2ss3,S006,ss2,Fx,0.1190417922065335,0.9245657053599688
lab7035,percent020_day1_case1,AP,tv_ss1__te_ss2ss3,S006,ss2,Fz,0.0953090777302732,0.9644817650848776
lab7035,percent020_day1_case1,AP,tv_ss1__te_ss2ss3,S007,ss2,Fx,0.1020839018398726,0.9329450670489534
lab7035,percent020_day1_case1,AP,tv_ss1__te_ss2ss3,S007,ss2,Fz,0.0876864440710875,0.9470912027524726
lab7035,percent020_day1_case1,AP,tv_ss1__te_ss2ss3,S008,ss2,Fx,0.1366595899955363,0.9100541134186152
lab7035,percent020_day1_case1,AP,tv_ss1__te_ss2ss3,S008,ss2,Fz,0.135337945531652,0.9429608659529576
lab7035,percent020_day1_case1,AP,tv_ss1__te_ss2ss3,S009,ss2,Fx,0.1592750793880784,0.761306730098465
lab7035,percent020_day1_case1,AP,tv_ss1__te_ss2ss3,S009,ss2,Fz,0.1457366870653237,0.8587554392671396
lab7035,percent020_day1_case1,AP,tv_ss1__te_ss2ss3,S010,ss2,Fx,0.0911458864152048,0.9559190185836328
lab7035,percent020_day1_case1,AP,tv_ss1__te_ss2ss3,S010,ss2,Fz,0.0998487528481056,0.9335681919468266
lab7035,percent020_day1_case1,AP,tv_ss1__te_ss2ss3,S011,ss2,Fx,0.1215275484873694,0.8766250972992665
lab7035,percent020_day1_case1,AP,tv_ss1__te_ss2ss3,S011,ss2,Fz,0.1276349263761937,0.9420625769703916
lab7035,percent020_day1_case1,AP,tv_ss1__te_ss2ss3,S012,ss2,Fx,0.0978948326627352,0.965352959152074
lab7035,percent020_day1_case1,AP,tv_ss1__te_ss2ss3,S012,ss2,Fz,0.1058191506720273,0.941752170264109
lab7035,percent020_day1_case1,AP,tv_ss1__te_ss2ss3,S013,ss2,Fx,0.1058034707841076,0.9332304546996176
lab7035,percent020_day1_case1,AP,tv_ss1__te_ss2ss3,S013,ss2,Fz,0.116896943126773,0.904398565716796
lab7035,percent020_day1_case1,AP,tv_ss1__te_ss2ss3,S015,ss2,Fx,0.0961279922018393,0.9335950651518912
lab7035,percent020_day1_case1,AP,tv_ss1__te_ss2ss3,S015,ss2,Fz,0.0806793325285059,0.962014050932225
lab7035,percent020_day1_case1,AP,tv_ss1__te_ss2ss3,S016,ss2,Fx,0.1178485010332353,0.9135649498960275
lab7035,percent020_day1_case1,AP,tv_ss1__te_ss2ss3,S016,ss2,Fz,0.1314282114249174,0.9117362510609212
lab7035,percent020_day1_case1,AP,tv_ss1__te_ss2ss3,S017,ss2,Fx,0.0855946817146279,0.968696005846122
lab7035,percent020_day1_case1,AP,tv_ss1__te_ss2ss3,S017,ss2,Fz,0.0821686105835373,0.9573242606617032
lab7035,percent020_day1_case1,AP,tv_ss1__te_ss2ss3,S018,ss2,Fx,0.1306901237430514,0.8726959956688923
lab7035,percent020_day1_case1,AP,tv_ss1__te_ss2ss3,S018,ss2,Fz,0.0935612763577582,0.946716318809039
lab7035,percent020_day1_case1,AP,tv_ss1__te_ss2ss3,S019,ss2,Fx,0.1331682248535006,0.8631183925808908
lab7035,percent020_day1_case1,AP,tv_ss1__te_ss2ss3,S019,ss2,Fz,0.0938432937656375,0.95474971726248
lab7035,percent020_day1_case1,AP,tv_ss1__te_ss2ss3,S001,ss3,Fx,0.1832337904578262,0.7798573914601644
lab7035,percent020_day1_case1,AP,tv_ss1__te_ss2ss3,S001,ss3,Fz,0.1600959838747727,0.8969980786167486
lab7035,percent020_day1_case1,AP,tv_ss1__te_ss2ss3,S002,ss3,Fx,0.1456647375361687,0.8582331746223661
lab7035,percent020_day1_case1,AP,tv_ss1__te_ss2ss3,S002,ss3,Fz,0.1320935760703399,0.9270432231142028
lab7035,percent020_day1_case1,AP,tv_ss1__te_ss2ss3,S003,ss3,Fx,0.1894813089094272,0.7036443770871581
lab7035,percent020_day1_case1,AP,tv_ss1__te_ss2ss3,S003,ss3,Fz,0.1154543898080028,0.9468650179818032
lab7035,percent020_day1_case1,AP,tv_ss1__te_ss2ss3,S004,ss3,Fx,0.143586895562215,0.90729592069429
lab7035,percent020_day1_case1,AP,tv_ss1__te_ss2ss3,S004,ss3,Fz,0.1286567810695091,0.924733348404648
lab7035,percent020_day1_case1,AP,tv_ss1__te_ss2ss3,S005,ss3,Fx,0.1801328880368762,0.7644058474846236
lab7035,percent020_day1_case1,AP,tv_ss1__te_ss2ss3,S005,ss3,Fz,0.136589612246674,0.9264861242743384
lab7035,percent020_day1_case1,AP,tv_ss1__te_ss2ss3,S006,ss3,Fx,0.1726474206251906,0.8021996400622539
lab7035,percent020_day1_case1,AP,tv_ss1__te_ss2ss3,S006,ss3,Fz,0.1195158886779371,0.9635839803006664
lab7035,percent020_day1_case1,AP,tv_ss1__te_ss2ss3,S007,ss3,Fx,0.1403604140320699,0.9024775684366806
lab7035,percent020_day1_case1,AP,tv_ss1__te_ss2ss3,S007,ss3,Fz,0.1222309200962534,0.9397107482049876
lab7035,percent020_day1_case1,AP,tv_ss1__te_ss2ss3,S008,ss3,Fx,0.1829155198222558,0.8024714484847149
lab7035,percent020_day1_case1,AP,tv_ss1__te_ss2ss3,S008,ss3,Fz,0.1565270511731374,0.9281515518617192
lab7035,percent020_day1_case1,AP,tv_ss1__te_ss2ss3,S009,ss3,Fx,0.1801711603260772,0.7382994376828633
lab7035,percent020_day1_case1,AP,tv_ss1__te_ss2ss3,S009,ss3,Fz,0.1747619806445632,0.8613288909805193
lab7035,percent020_day1_case1,AP,tv_ss1__te_ss2ss3,S010,ss3,Fx,0.1204574259639424,0.9685773999083414
lab7035,percent020_day1_case1,AP,tv_ss1__te_ss2ss3,S010,ss3,Fz,0.1183872816315597,0.9471854000016576
lab7035,percent020_day1_case1,AP,tv_ss1__te_ss2ss3,S012,ss3,Fx,0.1203670607408674,0.9431313778220992
lab7035,percent020_day1_case1,AP,tv_ss1__te_ss2ss3,S012,ss3,Fz,0.1178775584635131,0.9524941948972804
lab7035,percent020_day1_case1,AP,tv_ss1__te_ss2ss3,S013,ss3,Fx,0.1450277636773215,0.8940720169070403
lab7035,percent020_day1_case1,AP,tv_ss1__te_ss2ss3,S013,ss3,Fz,0.1356360193681738,0.9191918691182408
lab7035,percent020_day1_case1,AP,tv_ss1__te_ss2ss3,S014,ss3,Fx,0.2250980286187719,0.462493508387067
lab7035,percent020_day1_case1,AP,tv_ss1__te_ss2ss3,S014,ss3,Fz,0.1490123229490533,0.9040698235107074
lab7035,percent020_day1_case1,AP,tv_ss1__te_ss2ss3,S015,ss3,Fx,0.1626019195483436,0.7984562868086864
lab7035,percent020_day1_case1,AP,tv_ss1__te_ss2ss3,S015,ss3,Fz,0.1250577586148998,0.927098738021149
lab7035,percent020_day1_case1,AP,tv_ss1__te_ss2ss3,S016,ss3,Fx,0.1134340294520495,0.955762154137391
lab7035,percent020_day1_case1,AP,tv_ss1__te_ss2ss3,S016,ss3,Fz,0.1595192818233159,0.8866014037116106
lab7035,percent020_day1_case1,AP,tv_ss1__te_ss2ss3,S017,ss3,Fx,0.1575045854778807,0.8568648896542207
lab7035,percent020_day1_case1,AP,tv_ss1__te_ss2ss3,S017,ss3,Fz,0.1387626564401575,0.9153615241852622
lab7035,percent020_day1_case1,AP,tv_ss1__te_ss2ss3,S018,ss3,Fx,0.152250611496525,0.8741580533436507
lab7035,percent020_day1_case1,AP,tv_ss1__te_ss2ss3,S018,ss3,Fz,0.115999049770134,0.9366966130161166
lab7035,percent020_day1_case1,AP,tv_ss1__te_ss2ss3,S019,ss3,Fx,0.1548030717014516,0.8483069170293883
lab7035,percent020_day1_case1,AP,tv_ss1__te_ss2ss3,S019,ss3,Fz,0.1087321831768544,0.95994640806359
lab7035,percent020_day1_case1,VT,tv_ss2__te_ss1ss3,S001,ss1,Fx,0.1376971102591214,0.9025066226094018
lab7035,percent020_day1_case1,VT,tv_ss2__te_ss1ss3,S001,ss1,Fz,0.0978131180823471,0.936714047473748
lab7035,percent020_day1_case1,VT,tv_ss2__te_ss1ss3,S002,ss1,Fx,0.20216738547176,0.6653621360432279
lab7035,percent020_day1_case1,VT,tv_ss2__te_ss1ss3,S002,ss1,Fz,0.1453101687609837,0.8632815001803043
lab7035,percent020_day1_case1,VT,tv_ss2__te_ss1ss3,S003,ss1,Fx,0.104700755498206,0.913096782543977
lab7035,percent020_day1_case1,VT,tv_ss2__te_ss1ss3,S003,ss1,Fz,0.1294995589586499,0.9304339528691042
lab7035,percent020_day1_case1,VT,tv_ss2__te_ss1ss3,S004,ss1,Fx,0.0929328832625528,0.9337188833424852
lab7035,percent020_day1_case1,VT,tv_ss2__te_ss1ss3,S004,ss1,Fz,0.1083724093857359,0.9416877437184052
lab7035,percent020_day1_case1,VT,tv_ss2__te_ss1ss3,S005,ss1,Fx,0.1705963785847985,0.8452969646717697
lab7035,percent020_day1_case1,VT,tv_ss2__te_ss1ss3,S005,ss1,Fz,0.1598809300929844,0.8942771369311672
lab7035,percent020_day1_case1,VT,tv_ss2__te_ss1ss3,S006,ss1,Fx,0.0910924489338208,0.9499200445468904
lab7035,percent020_day1_case1,VT,tv_ss2__te_ss1ss3,S006,ss1,Fz,0.0996708232768539,0.9221777005513307
lab7035,percent020_day1_case1,VT,tv_ss2__te_ss1ss3,S007,ss1,Fx,0.1077730025890426,0.9253069662708168
lab7035,percent020_day1_case1,VT,tv_ss2__te_ss1ss3,S007,ss1,Fz,0.1275941396547018,0.9318013040029012
lab7035,percent020_day1_case1,VT,tv_ss2__te_ss1ss3,S008,ss1,Fx,0.0927194702117064,0.9484009819715872
lab7035,percent020_day1_case1,VT,tv_ss2__te_ss1ss3,S008,ss1,Fz,0.1523235235164832,0.935552337683618
lab7035,percent020_day1_case1,VT,tv_ss2__te_ss1ss3,S009,ss1,Fx,0.1306084036847707,0.9057167494039136
lab7035,percent020_day1_case1,VT,tv_ss2__te_ss1ss3,S009,ss1,Fz,0.1715716254433595,0.8381690483426762
lab7035,percent020_day1_case1,VT,tv_ss2__te_ss1ss3,S010,ss1,Fx,0.1303283003635977,0.8792835632879655
lab7035,percent020_day1_case1,VT,tv_ss2__te_ss1ss3,S010,ss1,Fz,0.1089487608097039,0.8928082722522628
lab7035,percent020_day1_case1,VT,tv_ss2__te_ss1ss3,S011,ss1,Fx,0.1573833644198915,0.8865160467036507
lab7035,percent020_day1_case1,VT,tv_ss2__te_ss1ss3,S011,ss1,Fz,0.1195414640505464,0.9475003077769618
lab7035,percent020_day1_case1,VT,tv_ss2__te_ss1ss3,S012,ss1,Fx,0.0780452931603194,0.9605583226706528
lab7035,percent020_day1_case1,VT,tv_ss2__te_ss1ss3,S012,ss1,Fz,0.1371008230916712,0.9508096306119176
lab7035,percent020_day1_case1,VT,tv_ss2__te_ss1ss3,S013,ss1,Fx,0.1547246152295321,0.8401204781817456
lab7035,percent020_day1_case1,VT,tv_ss2__te_ss1ss3,S013,ss1,Fz,0.1275539372299332,0.9062809638330788
lab7035,percent020_day1_case1,VT,tv_ss2__te_ss1ss3,S015,ss1,Fx,0.1403751323175953,0.903528408621076
lab7035,percent020_day1_case1,VT,tv_ss2__te_ss1ss3,S015,ss1,Fz,0.1025980158065709,0.9203901360851592
lab7035,percent020_day1_case1,VT,tv_ss2__te_ss1ss3,S016,ss1,Fx,0.2444080916222703,0.62735225911399
lab7035,percent020_day1_case1,VT,tv_ss2__te_ss1ss3,S016,ss1,Fz,0.1944169657484315,0.7984166611149238
lab7035,percent020_day1_case1,VT,tv_ss2__te_ss1ss3,S017,ss1,Fx,0.1434307430875897,0.9201329200707308
lab7035,percent020_day1_case1,VT,tv_ss2__te_ss1ss3,S017,ss1,Fz,0.0647596129384323,0.9567058238843326
lab7035,percent020_day1_case1,VT,tv_ss2__te_ss1ss3,S018,ss1,Fx,0.1541333322947654,0.8671910157252155
lab7035,percent020_day1_case1,VT,tv_ss2__te_ss1ss3,S018,ss1,Fz,0.1121321351798331,0.9410704936176396
lab7035,percent020_day1_case1,VT,tv_ss2__te_ss1ss3,S019,ss1,Fx,0.1913919451247537,0.8242801918626018
lab7035,percent020_day1_case1,VT,tv_ss2__te_ss1ss3,S019,ss1,Fz,0.0966149344830733,0.9352315584220968
lab7035,percent020_day1_case1,VT,tv_ss2__te_ss1ss3,S001,ss3,Fx,0.0918487912992755,0.9545804761177192
lab7035,percent020_day1_case1,VT,tv_ss2__te_ss1ss3,S001,ss3,Fz,0.0909851251740171,0.9710138739332738
lab7035,percent020_day1_case1,VT,tv_ss2__te_ss1ss3,S002,ss3,Fx,0.1075702444704341,0.9012755023310592
lab7035,percent020_day1_case1,VT,tv_ss2__te_ss1ss3,S002,ss3,Fz,0.084849748820392,0.9624297341392172
lab7035,percent020_day1_case1,VT,tv_ss2__te_ss1ss3,S003,ss3,Fx,0.1032311002434839,0.9426031941549288
lab7035,percent020_day1_case1,VT,tv_ss2__te_ss1ss3,S003,ss3,Fz,0.0677306887836569,0.9769745068163438
lab7035,percent020_day1_case1,VT,tv_ss2__te_ss1ss3,S004,ss3,Fx,0.1040629581320975,0.9311330073068212
lab7035,percent020_day1_case1,VT,tv_ss2__te_ss1ss3,S004,ss3,Fz,0.0901103107993648,0.9608766497813622
lab7035,percent020_day1_case1,VT,tv_ss2__te_ss1ss3,S005,ss3,Fx,0.1191028957599956,0.8814660027595402
lab7035,percent020_day1_case1,VT,tv_ss2__te_ss1ss3,S005,ss3,Fz,0.0988201398154006,0.9553296252640372
lab7035,percent020_day1_case1,VT,tv_ss2__te_ss1ss3,S006,ss3,Fx,0.1233674164932402,0.8995246064674586
lab7035,percent020_day1_case1,VT,tv_ss2__te_ss1ss3,S006,ss3,Fz,0.0926925799943693,0.9661230247846672
lab7035,percent020_day1_case1,VT,tv_ss2__te_ss1ss3,S007,ss3,Fx,0.0914752504738923,0.946415786458595
lab7035,percent020_day1_case1,VT,tv_ss2__te_ss1ss3,S007,ss3,Fz,0.0704739634042325,0.9703452207975736
lab7035,percent020_day1_case1,VT,tv_ss2__te_ss1ss3,S008,ss3,Fx,0.1290290422479715,0.9063609250134662
lab7035,percent020_day1_case1,VT,tv_ss2__te_ss1ss3,S008,ss3,Fz,0.120854135489488,0.9662826809236286
lab7035,percent020_day1_case1,VT,tv_ss2__te_ss1ss3,S009,ss3,Fx,0.1597175145996096,0.7752243159581459
lab7035,percent020_day1_case1,VT,tv_ss2__te_ss1ss3,S009,ss3,Fz,0.1431187691492425,0.8945800963311887
lab7035,percent020_day1_case1,VT,tv_ss2__te_ss1ss3,S010,ss3,Fx,0.098667149508642,0.9299919578000408
lab7035,percent020_day1_case1,VT,tv_ss2__te_ss1ss3,S010,ss3,Fz,0.0761491622895834,0.969708380406236
lab7035,percent020_day1_case1,VT,tv_ss2__te_ss1ss3,S012,ss3,Fx,0.0953500828890774,0.9597146289430496
lab7035,percent020_day1_case1,VT,tv_ss2__te_ss1ss3,S012,ss3,Fz,0.0902900136257036,0.9671930599480604
lab7035,percent020_day1_case1,VT,tv_ss2__te_ss1ss3,S013,ss3,Fx,0.0976305869028649,0.9484081849386186
lab7035,percent020_day1_case1,VT,tv_ss2__te_ss1ss3,S013,ss3,Fz,0.0826695192492273,0.9685951592031574
lab7035,percent020_day1_case1,VT,tv_ss2__te_ss1ss3,S015,ss3,Fx,0.1065598846560227,0.9017875597377468
lab7035,percent020_day1_case1,VT,tv_ss2__te_ss1ss3,S015,ss3,Fz,0.0802040970282769,0.969306406163089
lab7035,percent020_day1_case1,VT,tv_ss2__te_ss1ss3,S016,ss3,Fx,0.1105689675163145,0.9051188175899384
lab7035,percent020_day1_case1,VT,tv_ss2__te_ss1ss3,S016,ss3,Fz,0.1521600632300621,0.890371919156084
lab7035,percent020_day1_case1,VT,tv_ss2__te_ss1ss3,S017,ss3,Fx,0.0920905696112984,0.9486341824764378
lab7035,percent020_day1_case1,VT,tv_ss2__te_ss1ss3,S017,ss3,Fz,0.0927047518733534,0.9557397802547696
lab7035,percent020_day1_case1,VT,tv_ss2__te_ss1ss3,S018,ss3,Fx,0.0890243764714785,0.9553343069947144
lab7035,percent020_day1_case1,VT,tv_ss2__te_ss1ss3,S018,ss3,Fz,0.0897671787706799,0.9624007156796456
lab7035,percent020_day1_case1,VT,tv_ss2__te_ss1ss3,S019,ss3,Fx,0.127698414594324,0.8782286020507492
lab7035,percent020_day1_case1,VT,tv_ss2__te_ss1ss3,S019,ss3,Fz,0.0897884202580641,0.9703428711843068
lab7035,percent020_day1_case1,APVT,tv_ss3__te_ss1ss2,S001,ss1,Fx,0.1796005412547457,0.8448341480220407
lab7035,percent020_day1_case1,APVT,tv_ss3__te_ss1ss2,S001,ss1,Fz,0.1310153434206293,0.9177453930168532
lab7035,percent020_day1_case1,APVT,tv_ss3__te_ss1ss2,S002,ss1,Fx,0.2488276878905408,0.6913966188671042
lab7035,percent020_day1_case1,APVT,tv_ss3__te_ss1ss2,S002,ss1,Fz,0.176444341657539,0.8455749035093444
lab7035,percent020_day1_case1,APVT,tv_ss3__te_ss1ss2,S003,ss1,Fx,0.1531514206695697,0.8159067974308529
lab7035,percent020_day1_case1,APVT,tv_ss3__te_ss1ss2,S003,ss1,Fz,0.1984113178055994,0.8647325195987299
lab7035,percent020_day1_case1,APVT,tv_ss3__te_ss1ss2,S004,ss1,Fx,0.1732534496825225,0.8002644496517526
lab7035,percent020_day1_case1,APVT,tv_ss3__te_ss1ss2,S004,ss1,Fz,0.1751951472420024,0.901415388001072
lab7035,percent020_day1_case1,APVT,tv_ss3__te_ss1ss2,S005,ss1,Fx,0.2650741218496381,0.6646267619958568
lab7035,percent020_day1_case1,APVT,tv_ss3__te_ss1ss2,S005,ss1,Fz,0.190803443641204,0.8406459505043571
lab7035,percent020_day1_case1,APVT,tv_ss3__te_ss1ss2,S006,ss1,Fx,0.1596461587819628,0.92337354965143
lab7035,percent020_day1_case1,APVT,tv_ss3__te_ss1ss2,S006,ss1,Fz,0.1491565408728516,0.8880919795173711
lab7035,percent020_day1_case1,APVT,tv_ss3__te_ss1ss2,S007,ss1,Fx,0.1233462506847254,0.9192168888597722
lab7035,percent020_day1_case1,APVT,tv_ss3__te_ss1ss2,S007,ss1,Fz,0.2037944322174934,0.9021238338309172
lab7035,percent020_day1_case1,APVT,tv_ss3__te_ss1ss2,S008,ss1,Fx,0.1178174762557541,0.949104257634489
lab7035,percent020_day1_case1,APVT,tv_ss3__te_ss1ss2,S008,ss1,Fz,0.1827676042129459,0.9072618462818042
lab7035,percent020_day1_case1,APVT,tv_ss3__te_ss1ss2,S009,ss1,Fx,0.2386802067710648,0.7126625256194675
lab7035,percent020_day1_case1,APVT,tv_ss3__te_ss1ss2,S009,ss1,Fz,0.2813237521825261,0.6978599599333263
lab7035,percent020_day1_case1,APVT,tv_ss3__te_ss1ss2,S010,ss1,Fx,0.1973646197822509,0.7131549632473749
lab7035,percent020_day1_case1,APVT,tv_ss3__te_ss1ss2,S010,ss1,Fz,0.1577649585933238,0.7812768489535269
lab7035,percent020_day1_case1,APVT,tv_ss3__te_ss1ss2,S012,ss1,Fx,0.1598318317724787,0.8051062905966436
lab7035,percent020_day1_case1,APVT,tv_ss3__te_ss1ss2,S012,ss1,Fz,0.2780306554141999,0.89160536411232
lab7035,percent020_day1_case1,APVT,tv_ss3__te_ss1ss2,S013,ss1,Fx,0.1745478159902926,0.73291686541778
lab7035,percent020_day1_case1,APVT,tv_ss3__te_ss1ss2,S013,ss1,Fz,0.264110585134534,0.8296486055783304
lab7035,percent020_day1_case1,APVT,tv_ss3__te_ss1ss2,S014,ss1,Fx,0.1451356128914031,0.911286938913086
lab7035,percent020_day1_case1,APVT,tv_ss3__te_ss1ss2,S014,ss1,Fz,0.2154706985062662,0.8498739761494287
lab7035,percent020_day1_case1,APVT,tv_ss3__te_ss1ss2,S015,ss1,Fx,0.1903226885730065,0.8473511374273829
lab7035,percent020_day1_case1,APVT,tv_ss3__te_ss1ss2,S015,ss1,Fz,0.1595126024499562,0.9153088766807044
lab7035,percent020_day1_case1,APVT,tv_ss3__te_ss1ss2,S016,ss1,Fx,0.3294130805502843,0.3900470470163217
lab7035,percent020_day1_case1,APVT,tv_ss3__te_ss1ss2,S016,ss1,Fz,0.2148760204176672,0.7880549601209792
lab7035,percent020_day1_case1,APVT,tv_ss3__te_ss1ss2,S017,ss1,Fx,0.2116694197053334,0.7228723917239254
lab7035,percent020_day1_case1,APVT,tv_ss3__te_ss1ss2,S017,ss1,Fz,0.1166767222818642,0.914636609199078
lab7035,percent020_day1_case1,APVT,tv_ss3__te_ss1ss2,S018,ss1,Fx,0.2082085188436218,0.8192865080131697
lab7035,percent020_day1_case1,APVT,tv_ss3__te_ss1ss2,S018,ss1,Fz,0.1773961262029413,0.9351833638843848
lab7035,percent020_day1_case1,APVT,tv_ss3__te_ss1ss2,S019,ss1,Fx,0.2971334435320165,0.6781747468147618
lab7035,percent020_day1_case1,APVT,tv_ss3__te_ss1ss2,S019,ss1,Fz,0.1564335914900808,0.9121085725149934
lab7035,percent020_day1_case1,APVT,tv_ss3__te_ss1ss2,S001,ss2,Fx,0.1022042507240796,0.9165117353004508
lab7035,percent020_day1_case1,APVT,tv_ss3__te_ss1ss2,S001,ss2,Fz,0.0694943104329323,0.9740046753063506
lab7035,percent020_day1_case1,APVT,tv_ss3__te_ss1ss2,S002,ss2,Fx,0.1370486643800934,0.8683069936420654
lab7035,percent020_day1_case1,APVT,tv_ss3__te_ss1ss2,S002,ss2,Fz,0.1149752622605667,0.948265818334972
lab7035,percent020_day1_case1,APVT,tv_ss3__te_ss1ss2,S003,ss2,Fx,0.0811929386362641,0.9647304250390952
lab7035,percent020_day1_case1,APVT,tv_ss3__te_ss1ss2,S003,ss2,Fz,0.083136823365257,0.9798821411557204
lab7035,percent020_day1_case1,APVT,tv_ss3__te_ss1ss2,S004,ss2,Fx,0.1022871054552932,0.9210134226524884
lab7035,percent020_day1_case1,APVT,tv_ss3__te_ss1ss2,S004,ss2,Fz,0.1153887118558048,0.9458301659222595
lab7035,percent020_day1_case1,APVT,tv_ss3__te_ss1ss2,S005,ss2,Fx,0.1377150460056701,0.8847717527120054
lab7035,percent020_day1_case1,APVT,tv_ss3__te_ss1ss2,S005,ss2,Fz,0.1207201646239425,0.9431725867755032
lab7035,percent020_day1_case1,APVT,tv_ss3__te_ss1ss2,S006,ss2,Fx,0.0975983056651025,0.9428066923106514
lab7035,percent020_day1_case1,APVT,tv_ss3__te_ss1ss2,S006,ss2,Fz,0.0952504202747509,0.9513337468028482
lab7035,percent020_day1_case1,APVT,tv_ss3__te_ss1ss2,S007,ss2,Fx,0.0634626622502323,0.9764311307476924
lab7035,percent020_day1_case1,APVT,tv_ss3__te_ss1ss2,S007,ss2,Fz,0.1228891188028098,0.9583544003672468
lab7035,percent020_day1_case1,APVT,tv_ss3__te_ss1ss2,S008,ss2,Fx,0.0864518902778409,0.9479070940524768
lab7035,percent020_day1_case1,APVT,tv_ss3__te_ss1ss2,S008,ss2,Fz,0.1399048790712419,0.9528940703110328
lab7035,percent020_day1_case1,APVT,tv_ss3__te_ss1ss2,S009,ss2,Fx,0.1753819477338989,0.8002260024939385
lab7035,percent020_day1_case1,APVT,tv_ss3__te_ss1ss2,S009,ss2,Fz,0.1474677656506057,0.909272227961436
lab7035,percent020_day1_case1,APVT,tv_ss3__te_ss1ss2,S010,ss2,Fx,0.1178992253648422,0.9008733897832956
lab7035,percent020_day1_case1,APVT,tv_ss3__te_ss1ss2,S010,ss2,Fz,0.0963867201163917,0.936776430691298
lab7035,percent020_day1_case1,APVT,tv_ss3__te_ss1ss2,S012,ss2,Fx,0.0854804892047822,0.953484906811294
lab7035,percent020_day1_case1,APVT,tv_ss3__te_ss1ss2,S012,ss2,Fz,0.1160984053957986,0.9568944499476124
lab7035,percent020_day1_case1,APVT,tv_ss3__te_ss1ss2,S013,ss2,Fx,0.1076697655305156,0.9194754129243778
lab7035,percent020_day1_case1,APVT,tv_ss3__te_ss1ss2,S013,ss2,Fz,0.1507252538449996,0.9115898440451746
lab7035,percent020_day1_case1,APVT,tv_ss3__te_ss1ss2,S015,ss2,Fx,0.1639809018993877,0.8623206380124123
lab7035,percent020_day1_case1,APVT,tv_ss3__te_ss1ss2,S015,ss2,Fz,0.0799950337288569,0.965215957327466
lab7035,percent020_day1_case1,APVT,tv_ss3__te_ss1ss2,S016,ss2,Fx,0.1537795170077888,0.8465724869113461
lab7035,percent020_day1_case1,APVT,tv_ss3__te_ss1ss2,S016,ss2,Fz,0.0919976785339503,0.9750812998024244
lab7035,percent020_day1_case1,APVT,tv_ss3__te_ss1ss2,S017,ss2,Fx,0.0768126979302003,0.9691978426374768
lab7035,percent020_day1_case1,APVT,tv_ss3__te_ss1ss2,S017,ss2,Fz,0.0546672385143196,0.9807170934641806
lab7035,percent020_day1_case1,APVT,tv_ss3__te_ss1ss2,S018,ss2,Fx,0.1027550555375011,0.9371264112766968
lab7035,percent020_day1_case1,APVT,tv_ss3__te_ss1ss2,S018,ss2,Fz,0.0791335928717325,0.977499914494508
lab7035,percent020_day1_case1,APVT,tv_ss3__te_ss1ss2,S019,ss2,Fx,0.1961270582796021,0.7936996816863858
lab7035,percent020_day1_case1,APVT,tv_ss3__te_ss1ss2,S019,ss2,Fz,0.0862736500645592,0.9631494628641494
lab7035,percent020_day1_case1,VT,tv_ss3__te_ss1ss2,S001,ss1,Fx,0.1716358727820219,0.8890785352956779
lab7035,percent020_day1_case1,VT,tv_ss3__te_ss1ss2,S001,ss1,Fz,0.135055758647982,0.9209340857715108
lab7035,percent020_day1_case1,VT,tv_ss3__te_ss1ss2,S002,ss1,Fx,0.2437455637009482,0.6469264925666978
lab7035,percent020_day1_case1,VT,tv_ss3__te_ss1ss2,S002,ss1,Fz,0.1665954136157714,0.8370022258693637
lab7035,percent020_day1_case1,VT,tv_ss3__te_ss1ss2,S003,ss1,Fx,0.164786271271031,0.888283504807644
lab7035,percent020_day1_case1,VT,tv_ss3__te_ss1ss2,S003,ss1,Fz,0.2249409504609773,0.8523125622701305
lab7035,percent020_day1_case1,VT,tv_ss3__te_ss1ss2,S004,ss1,Fx,0.1920685858399221,0.7050331805347648
lab7035,percent020_day1_case1,VT,tv_ss3__te_ss1ss2,S004,ss1,Fz,0.20068549749881,0.7952649129604523
lab7035,percent020_day1_case1,VT,tv_ss3__te_ss1ss2,S005,ss1,Fx,0.2908384394939796,0.7143767455042727
lab7035,percent020_day1_case1,VT,tv_ss3__te_ss1ss2,S005,ss1,Fz,0.2151460897501744,0.8202133397749878
lab7035,percent020_day1_case1,VT,tv_ss3__te_ss1ss2,S006,ss1,Fx,0.1310596108620928,0.902011161351993
lab7035,percent020_day1_case1,VT,tv_ss3__te_ss1ss2,S006,ss1,Fz,0.1457337049979208,0.9057751634620168
lab7035,percent020_day1_case1,VT,tv_ss3__te_ss1ss2,S007,ss1,Fx,0.2019847245734812,0.7504718693961342
lab7035,percent020_day1_case1,VT,tv_ss3__te_ss1ss2,S007,ss1,Fz,0.1784376525929199,0.9014378548568718
lab7035,percent020_day1_case1,VT,tv_ss3__te_ss1ss2,S008,ss1,Fx,0.14374806535361,0.9060866690660968
lab7035,percent020_day1_case1,VT,tv_ss3__te_ss1ss2,S008,ss1,Fz,0.1880127467528378,0.8697346172397441
lab7035,percent020_day1_case1,VT,tv_ss3__te_ss1ss2,S009,ss1,Fx,0.2507771559819213,0.7668497718932308
lab7035,percent020_day1_case1,VT,tv_ss3__te_ss1ss2,S009,ss1,Fz,0.2601259597325348,0.7753514460862513
lab7035,percent020_day1_case1,VT,tv_ss3__te_ss1ss2,S010,ss1,Fx,0.1648480819798798,0.7565088481503051
lab7035,percent020_day1_case1,VT,tv_ss3__te_ss1ss2,S010,ss1,Fz,0.1772354910782143,0.7745536261453088
lab7035,percent020_day1_case1,VT,tv_ss3__te_ss1ss2,S012,ss1,Fx,0.1733094740338183,0.7768598693741195
lab7035,percent020_day1_case1,VT,tv_ss3__te_ss1ss2,S012,ss1,Fz,0.2793145897273779,0.8906269017535182
lab7035,percent020_day1_case1,VT,tv_ss3__te_ss1ss2,S013,ss1,Fx,0.2839346497755173,0.2442825444490725
lab7035,percent020_day1_case1,VT,tv_ss3__te_ss1ss2,S013,ss1,Fz,0.1927336600893973,0.8427325680716675
lab7035,percent020_day1_case1,VT,tv_ss3__te_ss1ss2,S014,ss1,Fx,0.1820088568115437,0.7690199890310283
lab7035,percent020_day1_case1,VT,tv_ss3__te_ss1ss2,S014,ss1,Fz,0.1924598229805142,0.8712832776625935
lab7035,percent020_day1_case1,VT,tv_ss3__te_ss1ss2,S015,ss1,Fx,0.1965538465552888,0.7294508582870446
lab7035,percent020_day1_case1,VT,tv_ss3__te_ss1ss2,S015,ss1,Fz,0.1214134083501541,0.9215981763252636
lab7035,percent020_day1_case1,VT,tv_ss3__te_ss1ss2,S016,ss1,Fx,0.350504864250517,0.3608802514136333
lab7035,percent020_day1_case1,VT,tv_ss3__te_ss1ss2,S016,ss1,Fz,0.2300916791648834,0.7966885216077978
lab7035,percent020_day1_case1,VT,tv_ss3__te_ss1ss2,S017,ss1,Fx,0.2641236238688685,0.8371071343328385
lab7035,percent020_day1_case1,VT,tv_ss3__te_ss1ss2,S017,ss1,Fz,0.0952325984942288,0.9086319106596776
lab7035,percent020_day1_case1,VT,tv_ss3__te_ss1ss2,S018,ss1,Fx,0.179385324350884,0.923782002157127
lab7035,percent020_day1_case1,VT,tv_ss3__te_ss1ss2,S018,ss1,Fz,0.1450437341946894,0.932625229571943
lab7035,percent020_day1_case1,VT,tv_ss3__te_ss1ss2,S019,ss1,Fx,0.2508714326876366,0.7068057194056797
lab7035,percent020_day1_case1,VT,tv_ss3__te_ss1ss2,S019,ss1,Fz,0.1342253091774149,0.8874817569136492
lab7035,percent020_day1_case1,VT,tv_ss3__te_ss1ss2,S001,ss2,Fx,0.0924066827326195,0.944306483544313
lab7035,percent020_day1_case1,VT,tv_ss3__te_ss1ss2,S001,ss2,Fz,0.0694384467383583,0.9763017162649826
lab7035,percent020_day1_case1,VT,tv_ss3__te_ss1ss2,S002,ss2,Fx,0.1738485872413233,0.759114479770176
lab7035,percent020_day1_case1,VT,tv_ss3__te_ss1ss2,S002,ss2,Fz,0.1068965261499571,0.941872903938122
lab7035,percent020_day1_case1,VT,tv_ss3__te_ss1ss2,S003,ss2,Fx,0.0903226515346136,0.9496416121860264
lab7035,percent020_day1_case1,VT,tv_ss3__te_ss1ss2,S003,ss2,Fz,0.0966241965204598,0.97155330247754
lab7035,percent020_day1_case1,VT,tv_ss3__te_ss1ss2,S004,ss2,Fx,0.0963544022659409,0.9263540970158992
lab7035,percent020_day1_case1,VT,tv_ss3__te_ss1ss2,S004,ss2,Fz,0.1238523786862047,0.94315091231478
lab7035,percent020_day1_case1,VT,tv_ss3__te_ss1ss2,S005,ss2,Fx,0.1354059182281093,0.8998915388593843
lab7035,percent020_day1_case1,VT,tv_ss3__te_ss1ss2,S005,ss2,Fz,0.1138238877036499,0.9533988568278192
lab7035,percent020_day1_case1,VT,tv_ss3__te_ss1ss2,S006,ss2,Fx,0.1149900012802095,0.9146495597766447
lab7035,percent020_day1_case1,VT,tv_ss3__te_ss1ss2,S006,ss2,Fz,0.0810432639442263,0.9617320464359064
lab7035,percent020_day1_case1,VT,tv_ss3__te_ss1ss2,S007,ss2,Fx,0.0875082573228185,0.9579267818677628
lab7035,percent020_day1_case1,VT,tv_ss3__te_ss1ss2,S007,ss2,Fz,0.1104684071653514,0.9471656680491638
lab7035,percent020_day1_case1,VT,tv_ss3__te_ss1ss2,S008,ss2,Fx,0.0902545250054772,0.9385915189147948
lab7035,percent020_day1_case1,VT,tv_ss3__te_ss1ss2,S008,ss2,Fz,0.1228062208551864,0.9521408757357916
lab7035,percent020_day1_case1,VT,tv_ss3__te_ss1ss2,S009,ss2,Fx,0.1817335454145642,0.8318908335557121
lab7035,percent020_day1_case1,VT,tv_ss3__te_ss1ss2,S009,ss2,Fz,0.1454187690686095,0.8911322583180592
lab7035,percent020_day1_case1,VT,tv_ss3__te_ss1ss2,S010,ss2,Fx,0.1233160091234936,0.8812542549846393
lab7035,percent020_day1_case1,VT,tv_ss3__te_ss1ss2,S010,ss2,Fz,0.0897710376168953,0.9475355313268946
lab7035,percent020_day1_case1,VT,tv_ss3__te_ss1ss2,S012,ss2,Fx,0.0837383992963403,0.952361044179897
lab7035,percent020_day1_case1,VT,tv_ss3__te_ss1ss2,S012,ss2,Fz,0.1218737669912092,0.9631291960614328
lab7035,percent020_day1_case1,VT,tv_ss3__te_ss1ss2,S013,ss2,Fx,0.1577052697835528,0.839506732475364
lab7035,percent020_day1_case1,VT,tv_ss3__te_ss1ss2,S013,ss2,Fz,0.1334981395357517,0.9232578433115908
lab7035,percent020_day1_case1,VT,tv_ss3__te_ss1ss2,S015,ss2,Fx,0.1269582580212583,0.9185125918663644
lab7035,percent020_day1_case1,VT,tv_ss3__te_ss1ss2,S015,ss2,Fz,0.059938808912891,0.9767201215309164
lab7035,percent020_day1_case1,VT,tv_ss3__te_ss1ss2,S016,ss2,Fx,0.1431068923171572,0.861278011604383
lab7035,percent020_day1_case1,VT,tv_ss3__te_ss1ss2,S016,ss2,Fz,0.0984540537166063,0.9743515484133518
lab7035,percent020_day1_case1,VT,tv_ss3__te_ss1ss2,S017,ss2,Fx,0.0900209839537926,0.9708258267687704
lab7035,percent020_day1_case1,VT,tv_ss3__te_ss1ss2,S017,ss2,Fz,0.0484217757817702,0.978752722655002
lab7035,percent020_day1_case1,VT,tv_ss3__te_ss1ss2,S018,ss2,Fx,0.0872027114028857,0.9515087452811266
lab7035,percent020_day1_case1,VT,tv_ss3__te_ss1ss2,S018,ss2,Fz,0.0823659743384895,0.976270809733412
lab7035,percent020_day1_case1,VT,tv_ss3__te_ss1ss2,S019,ss2,Fx,0.1735222059303967,0.8295049573281754
lab7035,percent020_day1_case1,VT,tv_ss3__te_ss1ss2,S019,ss2,Fz,0.0926630085511431,0.9486937026965022
lab7035,percent020_day1_case1,AP,tv_te_ss1,S001,ss1,Fx,0.1443139326039178,0.8514421635666608
lab7035,percent020_day1_case1,AP,tv_te_ss1,S001,ss1,Fz,0.1300211441794801,0.8819175238036451
lab7035,percent020_day1_case1,AP,tv_te_ss1,S002,ss1,Fx,0.1211952657490091,0.867170479705624
lab7035,percent020_day1_case1,AP,tv_te_ss1,S002,ss1,Fz,0.1089233232957708,0.8947672421694388
lab7035,percent020_day1_case1,AP,tv_te_ss1,S003,ss1,Fx,0.1033132645210882,0.9048559755817912
lab7035,percent020_day1_case1,AP,tv_te_ss1,S003,ss1,Fz,0.094989239760228,0.9388452496679108
lab7035,percent020_day1_case1,AP,tv_te_ss1,S004,ss1,Fx,0.0675684248764425,0.967734247224211
lab7035,percent020_day1_case1,AP,tv_te_ss1,S004,ss1,Fz,0.1177152667637365,0.9520547991810788
lab7035,percent020_day1_case1,AP,tv_te_ss1,S005,ss1,Fx,0.1020771321068782,0.930490770360463
lab7035,percent020_day1_case1,AP,tv_te_ss1,S005,ss1,Fz,0.1295121206487771,0.9001260552971747
lab7035,percent020_day1_case1,AP,tv_te_ss1,S006,ss1,Fx,0.1032860937951868,0.9310190684574816
lab7035,percent020_day1_case1,AP,tv_te_ss1,S006,ss1,Fz,0.0797364394607562,0.950035834201503
lab7035,percent020_day1_case1,AP,tv_te_ss1,S007,ss1,Fx,0.085979152357418,0.9386803665288084
lab7035,percent020_day1_case1,AP,tv_te_ss1,S007,ss1,Fz,0.1037417486367781,0.9325635113893268
lab7035,percent020_day1_case1,AP,tv_te_ss1,S008,ss1,Fx,0.086827786542113,0.9432354782588972
lab7035,percent020_day1_case1,AP,tv_te_ss1,S008,ss1,Fz,0.1295439097100667,0.9414966107636578
lab7035,percent020_day1_case1,AP,tv_te_ss1,S009,ss1,Fx,0.1196130633927122,0.8922450022100759
lab7035,percent020_day1_case1,AP,tv_te_ss1,S009,ss1,Fz,0.1066550561673653,0.9010418285729944
lab7035,percent020_day1_case1,AP,tv_te_ss1,S010,ss1,Fx,0.0917349992477943,0.9220179687263458
lab7035,percent020_day1_case1,AP,tv_te_ss1,S010,ss1,Fz,0.0865021091839363,0.915700272991956
lab7035,percent020_day1_case1,AP,tv_te_ss1,S011,ss1,Fx,0.0958263923181584,0.9410391649449352
lab7035,percent020_day1_case1,AP,tv_te_ss1,S011,ss1,Fz,0.1251637755651492,0.954756515302315
lab7035,percent020_day1_case1,AP,tv_te_ss1,S012,ss1,Fx,0.0661811728777633,0.97297164134187
lab7035,percent020_day1_case1,AP,tv_te_ss1,S012,ss1,Fz,0.0891355091309465,0.9400401241032078
lab7035,percent020_day1_case1,AP,tv_te_ss1,S013,ss1,Fx,0.1010864835860625,0.9187963308603312
lab7035,percent020_day1_case1,AP,tv_te_ss1,S013,ss1,Fz,0.0992741885275029,0.9359876200212938
lab7035,percent020_day1_case1,AP,tv_te_ss1,S014,ss1,Fx,0.1114812030342835,0.8917350616802323
lab7035,percent020_day1_case1,AP,tv_te_ss1,S014,ss1,Fz,0.1570794480690872,0.823303716678112
lab7035,percent020_day1_case1,AP,tv_te_ss1,S015,ss1,Fx,0.094854916025535,0.9177157339933192
lab7035,percent020_day1_case1,AP,tv_te_ss1,S015,ss1,Fz,0.090134153921211,0.9459948297332408
lab7035,percent020_day1_case1,AP,tv_te_ss1,S016,ss1,Fx,0.2370397699447736,0.522722919098633
lab7035,percent020_day1_case1,AP,tv_te_ss1,S016,ss1,Fz,0.1719613576731676,0.7798428508507724
lab7035,percent020_day1_case1,AP,tv_te_ss1,S017,ss1,Fx,0.083160318447687,0.9504889371466808
lab7035,percent020_day1_case1,AP,tv_te_ss1,S017,ss1,Fz,0.0628435815281643,0.962609116600923
lab7035,percent020_day1_case1,AP,tv_te_ss1,S018,ss1,Fx,0.1090982950448672,0.9026055814344972
lab7035,percent020_day1_case1,AP,tv_te_ss1,S018,ss1,Fz,0.0864129020958867,0.9660726785600404
lab7035,percent020_day1_case1,AP,tv_te_ss1,S019,ss1,Fx,0.1341504174434641,0.8880089181107013
lab7035,percent020_day1_case1,AP,tv_te_ss1,S019,ss1,Fz,0.0857191457628849,0.9478610121698688
lab7035,percent020_day1_case1,APVT,tv_te_ss3,S001,ss3,Fx,0.0642099931447294,0.969689515393188
lab7035,percent020_day1_case1,APVT,tv_te_ss3,S001,ss3,Fz,0.0772382919105831,0.974446768684146
lab7035,percent020_day1_case1,APVT,tv_te_ss3,S002,ss3,Fx,0.0905622727527126,0.9293635914577028
lab7035,percent020_day1_case1,APVT,tv_te_ss3,S002,ss3,Fz,0.0841664236417244,0.963511913808997
lab7035,percent020_day1_case1,APVT,tv_te_ss3,S003,ss3,Fx,0.0496879692068581,0.9835788862025804
lab7035,percent020_day1_case1,APVT,tv_te_ss3,S003,ss3,Fz,0.0546253280628065,0.9863677150342576
lab7035,percent020_day1_case1,APVT,tv_te_ss3,S004,ss3,Fx,0.0679836551585074,0.9699348291071042
lab7035,percent020_day1_case1,APVT,tv_te_ss3,S004,ss3,Fz,0.063982200424548,0.9766641319035344
lab7035,percent020_day1_case1,APVT,tv_te_ss3,S005,ss3,Fx,0.0979707225093644,0.9151182361116952
lab7035,percent020_day1_case1,APVT,tv_te_ss3,S005,ss3,Fz,0.0856836916117976,0.963282602852994
lab7035,percent020_day1_case1,APVT,tv_te_ss3,S006,ss3,Fx,0.0990922484447906,0.9328967857270332
lab7035,percent020_day1_case1,APVT,tv_te_ss3,S006,ss3,Fz,0.0698089068270426,0.977148065020514
lab7035,percent020_day1_case1,APVT,tv_te_ss3,S007,ss3,Fx,0.0677878644175464,0.966495559038918
lab7035,percent020_day1_case1,APVT,tv_te_ss3,S007,ss3,Fz,0.0676144064884386,0.9788255461917836
lab7035,percent020_day1_case1,APVT,tv_te_ss3,S008,ss3,Fx,0.1126334978870779,0.9105438152263634
lab7035,percent020_day1_case1,APVT,tv_te_ss3,S008,ss3,Fz,0.1165611954815705,0.9640371967014474
lab7035,percent020_day1_case1,APVT,tv_te_ss3,S009,ss3,Fx,0.1109111635369026,0.8985888921437452
lab7035,percent020_day1_case1,APVT,tv_te_ss3,S009,ss3,Fz,0.1112712323664463,0.939201099435297
lab7035,percent020_day1_case1,APVT,tv_te_ss3,S010,ss3,Fx,0.0581572313105449,0.9716732028004316
lab7035,percent020_day1_case1,APVT,tv_te_ss3,S010,ss3,Fz,0.0593318580725147,0.9786712980250432
lab7035,percent020_day1_case1,APVT,tv_te_ss3,S012,ss3,Fx,0.0591544260361399,0.9760541947358756
lab7035,percent020_day1_case1,APVT,tv_te_ss3,S012,ss3,Fz,0.0738553547217693,0.9718601186599805
lab7035,percent020_day1_case1,APVT,tv_te_ss3,S013,ss3,Fx,0.0658574419294862,0.9677314644988828
lab7035,percent020_day1_case1,APVT,tv_te_ss3,S013,ss3,Fz,0.0879267168371386,0.9512787100422678
lab7035,percent020_day1_case1,APVT,tv_te_ss3,S014,ss3,Fx,0.1208231604723943,0.8692560869956812
lab7035,percent020_day1_case1,APVT,tv_te_ss3,S014,ss3,Fz,0.0925643587001768,0.9552290866308092
lab7035,percent020_day1_case1,APVT,tv_te_ss3,S015,ss3,Fx,0.0871971668235278,0.9410483913400955
lab7035,percent020_day1_case1,APVT,tv_te_ss3,S015,ss3,Fz,0.0637539810179995,0.9727636909419236
lab7035,percent020_day1_case1,APVT,tv_te_ss3,S016,ss3,Fx,0.2032995590665057,0.6869649908628278
lab7035,percent020_day1_case1,APVT,tv_te_ss3,S016,ss3,Fz,0.0982842840729803,0.957397061562239
lab7035,percent020_day1_case1,APVT,tv_te_ss3,S017,ss3,Fx,0.0597154612898837,0.969756607646734
lab7035,percent020_day1_case1,APVT,tv_te_ss3,S017,ss3,Fz,0.0689163155041482,0.974378807396912
lab7035,percent020_day1_case1,APVT,tv_te_ss3,S018,ss3,Fx,0.066224026543947,0.9599560055758752
lab7035,percent020_day1_case1,APVT,tv_te_ss3,S018,ss3,Fz,0.0510429038883005,0.9861488297476528
lab7035,percent020_day1_case1,APVT,tv_te_ss3,S019,ss3,Fx,0.1071135568695581,0.9133152451103288
lab7035,percent020_day1_case1,APVT,tv_te_ss3,S019,ss3,Fz,0.0640985371400557,0.9756544754161512
lab7035,percent050_day1_case1,AP,tv_ss1__te_ss2ss3,S001,ss2,Fx,0.1068892278458323,0.9282645017092104
lab7035,percent050_day1_case1,AP,tv_ss1__te_ss2ss3,S001,ss2,Fz,0.1134426661775295,0.9568617110850672
lab7035,percent050_day1_case1,AP,tv_ss1__te_ss2ss3,S002,ss2,Fx,0.1052551693410521,0.9113557533649174
lab7035,percent050_day1_case1,AP,tv_ss1__te_ss2ss3,S002,ss2,Fz,0.0874941751931217,0.9635005025300176
lab7035,percent050_day1_case1,AP,tv_ss1__te_ss2ss3,S003,ss2,Fx,0.1221514182912186,0.9060948260876596
lab7035,percent050_day1_case1,AP,tv_ss1__te_ss2ss3,S003,ss2,Fz,0.0782300618198408,0.9630658820978796
lab7035,percent050_day1_case1,AP,tv_ss1__te_ss2ss3,S004,ss2,Fx,0.1102117418451159,0.9373827898815073
lab7035,percent050_day1_case1,AP,tv_ss1__te_ss2ss3,S004,ss2,Fz,0.1134666635542041,0.945516531259068
lab7035,percent050_day1_case1,AP,tv_ss1__te_ss2ss3,S005,ss2,Fx,0.091974433060757,0.9416370624925064
lab7035,percent050_day1_case1,AP,tv_ss1__te_ss2ss3,S005,ss2,Fz,0.1020345525700273,0.9488846293363646
lab7035,percent050_day1_case1,AP,tv_ss1__te_ss2ss3,S006,ss2,Fx,0.128513589685849,0.905992022922337
lab7035,percent050_day1_case1,AP,tv_ss1__te_ss2ss3,S006,ss2,Fz,0.1003842675156411,0.9550615524125248
lab7035,percent050_day1_case1,AP,tv_ss1__te_ss2ss3,S007,ss2,Fx,0.1176981647310406,0.9158891421814314
lab7035,percent050_day1_case1,AP,tv_ss1__te_ss2ss3,S007,ss2,Fz,0.0864901432726822,0.9467989915023955
lab7035,percent050_day1_case1,AP,tv_ss1__te_ss2ss3,S008,ss2,Fx,0.130275428345132,0.9171578911490404
lab7035,percent050_day1_case1,AP,tv_ss1__te_ss2ss3,S008,ss2,Fz,0.1347604205985194,0.9489002711432364
lab7035,percent050_day1_case1,AP,tv_ss1__te_ss2ss3,S009,ss2,Fx,0.1627839774837606,0.7504210864591796
lab7035,percent050_day1_case1,AP,tv_ss1__te_ss2ss3,S009,ss2,Fz,0.138496994873107,0.8926549543247573
lab7035,percent050_day1_case1,AP,tv_ss1__te_ss2ss3,S010,ss2,Fx,0.0881427291299125,0.9475198397371056
lab7035,percent050_day1_case1,AP,tv_ss1__te_ss2ss3,S010,ss2,Fz,0.0941281135258627,0.950753779619144
lab7035,percent050_day1_case1,AP,tv_ss1__te_ss2ss3,S011,ss2,Fx,0.1327485386920703,0.8475535321908186
lab7035,percent050_day1_case1,AP,tv_ss1__te_ss2ss3,S011,ss2,Fz,0.1307645975593278,0.9542135458573078
lab7035,percent050_day1_case1,AP,tv_ss1__te_ss2ss3,S012,ss2,Fx,0.1082024132609641,0.9360394725625713
lab7035,percent050_day1_case1,AP,tv_ss1__te_ss2ss3,S012,ss2,Fz,0.0957857058991235,0.9539538923260868
lab7035,percent050_day1_case1,AP,tv_ss1__te_ss2ss3,S013,ss2,Fx,0.0883200491595284,0.9517167529509798
lab7035,percent050_day1_case1,AP,tv_ss1__te_ss2ss3,S013,ss2,Fz,0.1053255515444021,0.9347380549502152
lab7035,percent050_day1_case1,AP,tv_ss1__te_ss2ss3,S015,ss2,Fx,0.1053693325282448,0.9161170136712944
lab7035,percent050_day1_case1,AP,tv_ss1__te_ss2ss3,S015,ss2,Fz,0.0732058801164691,0.9731525127211682
lab7035,percent050_day1_case1,AP,tv_ss1__te_ss2ss3,S016,ss2,Fx,0.1205120092888415,0.8991789695204443
lab7035,percent050_day1_case1,AP,tv_ss1__te_ss2ss3,S016,ss2,Fz,0.105657985390177,0.9457927998748804
lab7035,percent050_day1_case1,AP,tv_ss1__te_ss2ss3,S017,ss2,Fx,0.0769266161623514,0.9658105356144264
lab7035,percent050_day1_case1,AP,tv_ss1__te_ss2ss3,S017,ss2,Fz,0.0745755631982639,0.9696099131550752
lab7035,percent050_day1_case1,AP,tv_ss1__te_ss2ss3,S018,ss2,Fx,0.1018665912188492,0.950874853401976
lab7035,percent050_day1_case1,AP,tv_ss1__te_ss2ss3,S018,ss2,Fz,0.0940916136321691,0.9734795386142056
lab7035,percent050_day1_case1,AP,tv_ss1__te_ss2ss3,S019,ss2,Fx,0.1486527888063971,0.833788259538485
lab7035,percent050_day1_case1,AP,tv_ss1__te_ss2ss3,S019,ss2,Fz,0.0951894881573308,0.9614539170216108
lab7035,percent050_day1_case1,AP,tv_ss1__te_ss2ss3,S001,ss3,Fx,0.159955346943176,0.8128172069360781
lab7035,percent050_day1_case1,AP,tv_ss1__te_ss2ss3,S001,ss3,Fz,0.1392944011197532,0.936960967220145
lab7035,percent050_day1_case1,AP,tv_ss1__te_ss2ss3,S002,ss3,Fx,0.1331870361533496,0.8840567744346246
lab7035,percent050_day1_case1,AP,tv_ss1__te_ss2ss3,S002,ss3,Fz,0.1277846496903465,0.9538230410248768
lab7035,percent050_day1_case1,AP,tv_ss1__te_ss2ss3,S003,ss3,Fx,0.1656576404191768,0.8059867470316324
lab7035,percent050_day1_case1,AP,tv_ss1__te_ss2ss3,S003,ss3,Fz,0.1029995951446429,0.9608544623882284
lab7035,percent050_day1_case1,AP,tv_ss1__te_ss2ss3,S004,ss3,Fx,0.1589075156741397,0.8576731895308127
lab7035,percent050_day1_case1,AP,tv_ss1__te_ss2ss3,S004,ss3,Fz,0.1265022862875888,0.9412639249765696
lab7035,percent050_day1_case1,AP,tv_ss1__te_ss2ss3,S005,ss3,Fx,0.15752692978226,0.8123924749683737
lab7035,percent050_day1_case1,AP,tv_ss1__te_ss2ss3,S005,ss3,Fz,0.1180375803259545,0.9493990579962596
lab7035,percent050_day1_case1,AP,tv_ss1__te_ss2ss3,S006,ss3,Fx,0.1751949874965513,0.7826637466348612
lab7035,percent050_day1_case1,AP,tv_ss1__te_ss2ss3,S006,ss3,Fz,0.1270672466326917,0.953462929328774
lab7035,percent050_day1_case1,AP,tv_ss1__te_ss2ss3,S007,ss3,Fx,0.1599941529737087,0.8266105591888684
lab7035,percent050_day1_case1,AP,tv_ss1__te_ss2ss3,S007,ss3,Fz,0.1069623564674521,0.9505748162441005
lab7035,percent050_day1_case1,AP,tv_ss1__te_ss2ss3,S008,ss3,Fx,0.1661988726568787,0.8759426845120407
lab7035,percent050_day1_case1,AP,tv_ss1__te_ss2ss3,S008,ss3,Fz,0.1657849656980461,0.9384628958394988
lab7035,percent050_day1_case1,AP,tv_ss1__te_ss2ss3,S009,ss3,Fx,0.2105109249885323,0.5639164095646868
lab7035,percent050_day1_case1,AP,tv_ss1__te_ss2ss3,S009,ss3,Fz,0.1910298950764621,0.8726158507170354
lab7035,percent050_day1_case1,AP,tv_ss1__te_ss2ss3,S010,ss3,Fx,0.1031022279450324,0.9601109063022284
lab7035,percent050_day1_case1,AP,tv_ss1__te_ss2ss3,S010,ss3,Fz,0.1169474933119742,0.9496858295320142
lab7035,percent050_day1_case1,AP,tv_ss1__te_ss2ss3,S012,ss3,Fx,0.1252465390784514,0.9248691189763624
lab7035,percent050_day1_case1,AP,tv_ss1__te_ss2ss3,S012,ss3,Fz,0.1146868457239752,0.956721591974484
lab7035,percent050_day1_case1,AP,tv_ss1__te_ss2ss3,S013,ss3,Fx,0.1218401303895349,0.9411293553156936
lab7035,percent050_day1_case1,AP,tv_ss1__te_ss2ss3,S013,ss3,Fz,0.1257255034623669,0.9456062583928676
lab7035,percent050_day1_case1,AP,tv_ss1__te_ss2ss3,S014,ss3,Fx,0.2118146467941916,0.5461577068679128
lab7035,percent050_day1_case1,AP,tv_ss1__te_ss2ss3,S014,ss3,Fz,0.1363024532305171,0.9215984512574452
lab7035,percent050_day1_case1,AP,tv_ss1__te_ss2ss3,S015,ss3,Fx,0.1758770707330508,0.7347284201720558
lab7035,percent050_day1_case1,AP,tv_ss1__te_ss2ss3,S015,ss3,Fz,0.1082203500021266,0.9448554580190228
lab7035,percent050_day1_case1,AP,tv_ss1__te_ss2ss3,S016,ss3,Fx,0.1265569267546189,0.897213237847324
lab7035,percent050_day1_case1,AP,tv_ss1__te_ss2ss3,S016,ss3,Fz,0.1430891253237012,0.9111139407444632
lab7035,percent050_day1_case1,AP,tv_ss1__te_ss2ss3,S017,ss3,Fx,0.1381508365085554,0.91681517939497
lab7035,percent050_day1_case1,AP,tv_ss1__te_ss2ss3,S017,ss3,Fz,0.1215351412544701,0.937704532940977
lab7035,percent050_day1_case1,AP,tv_ss1__te_ss2ss3,S018,ss3,Fx,0.1445769251096416,0.8965860619462692
lab7035,percent050_day1_case1,AP,tv_ss1__te_ss2ss3,S018,ss3,Fz,0.1262386294966948,0.960419281951945
lab7035,percent050_day1_case1,AP,tv_ss1__te_ss2ss3,S019,ss3,Fx,0.1720615029218974,0.8027142159690328
lab7035,percent050_day1_case1,AP,tv_ss1__te_ss2ss3,S019,ss3,Fz,0.1126208798435159,0.9664882314187598
lab7035,percent050_day1_case1,VT,tv_ss2__te_ss1ss3,S001,ss1,Fx,0.1211467845613827,0.926563531391782
lab7035,percent050_day1_case1,VT,tv_ss2__te_ss1ss3,S001,ss1,Fz,0.0921881329390446,0.9493982191984914
lab7035,percent050_day1_case1,VT,tv_ss2__te_ss1ss3,S002,ss1,Fx,0.1808134183402749,0.7456813170398525
lab7035,percent050_day1_case1,VT,tv_ss2__te_ss1ss3,S002,ss1,Fz,0.1232614369889209,0.8895140967182832
lab7035,percent050_day1_case1,VT,tv_ss2__te_ss1ss3,S003,ss1,Fx,0.1090979969666589,0.9093538265866852
lab7035,percent050_day1_case1,VT,tv_ss2__te_ss1ss3,S003,ss1,Fz,0.1111149535806576,0.9396760884946648
lab7035,percent050_day1_case1,VT,tv_ss2__te_ss1ss3,S004,ss1,Fx,0.1086744877625666,0.9275010601134224
lab7035,percent050_day1_case1,VT,tv_ss2__te_ss1ss3,S004,ss1,Fz,0.1130861269024479,0.9447637712006122
lab7035,percent050_day1_case1,VT,tv_ss2__te_ss1ss3,S005,ss1,Fx,0.1422512591418205,0.8877845728254746
lab7035,percent050_day1_case1,VT,tv_ss2__te_ss1ss3,S005,ss1,Fz,0.1466246284654389,0.9099438106054034
lab7035,percent050_day1_case1,VT,tv_ss2__te_ss1ss3,S006,ss1,Fx,0.0911194344393175,0.9473727786835712
lab7035,percent050_day1_case1,VT,tv_ss2__te_ss1ss3,S006,ss1,Fz,0.093287209574947,0.9477952267613188
lab7035,percent050_day1_case1,VT,tv_ss2__te_ss1ss3,S007,ss1,Fx,0.1113657959786059,0.941765165756654
lab7035,percent050_day1_case1,VT,tv_ss2__te_ss1ss3,S007,ss1,Fz,0.1245345216974107,0.9197173566744312
lab7035,percent050_day1_case1,VT,tv_ss2__te_ss1ss3,S008,ss1,Fx,0.086446128210648,0.9391836917279918
lab7035,percent050_day1_case1,VT,tv_ss2__te_ss1ss3,S008,ss1,Fz,0.1492818572717307,0.9343065865713212
lab7035,percent050_day1_case1,VT,tv_ss2__te_ss1ss3,S009,ss1,Fx,0.1272826792155848,0.9018319267403618
lab7035,percent050_day1_case1,VT,tv_ss2__te_ss1ss3,S009,ss1,Fz,0.1586270987449546,0.8371432183245026
lab7035,percent050_day1_case1,VT,tv_ss2__te_ss1ss3,S010,ss1,Fx,0.1209770952581021,0.8946435357668362
lab7035,percent050_day1_case1,VT,tv_ss2__te_ss1ss3,S010,ss1,Fz,0.1031317592603051,0.8880056632419486
lab7035,percent050_day1_case1,VT,tv_ss2__te_ss1ss3,S011,ss1,Fx,0.1135467915266246,0.9396092578894424
lab7035,percent050_day1_case1,VT,tv_ss2__te_ss1ss3,S011,ss1,Fz,0.120402935641155,0.9552989381550272
lab7035,percent050_day1_case1,VT,tv_ss2__te_ss1ss3,S012,ss1,Fx,0.0843727533118008,0.9536032896406784
lab7035,percent050_day1_case1,VT,tv_ss2__te_ss1ss3,S012,ss1,Fz,0.1182420676824138,0.9003465969477259
lab7035,percent050_day1_case1,VT,tv_ss2__te_ss1ss3,S013,ss1,Fx,0.1195960114363109,0.8991287510690912
lab7035,percent050_day1_case1,VT,tv_ss2__te_ss1ss3,S013,ss1,Fz,0.1329854815828111,0.8991867391225249
lab7035,percent050_day1_case1,VT,tv_ss2__te_ss1ss3,S015,ss1,Fx,0.1092784798590941,0.9435366297006524
lab7035,percent050_day1_case1,VT,tv_ss2__te_ss1ss3,S015,ss1,Fz,0.0840133567995381,0.9466905923807843
lab7035,percent050_day1_case1,VT,tv_ss2__te_ss1ss3,S016,ss1,Fx,0.265452963419823,0.5431154272880295
lab7035,percent050_day1_case1,VT,tv_ss2__te_ss1ss3,S016,ss1,Fz,0.1799171462393096,0.8357006056406178
lab7035,percent050_day1_case1,VT,tv_ss2__te_ss1ss3,S017,ss1,Fx,0.1365494833052236,0.9235445217159892
lab7035,percent050_day1_case1,VT,tv_ss2__te_ss1ss3,S017,ss1,Fz,0.0713634097900611,0.946480687461996
lab7035,percent050_day1_case1,VT,tv_ss2__te_ss1ss3,S018,ss1,Fx,0.1489657952718421,0.8732129638708633
lab7035,percent050_day1_case1,VT,tv_ss2__te_ss1ss3,S018,ss1,Fz,0.1017858315745443,0.936239292540225
lab7035,percent050_day1_case1,VT,tv_ss2__te_ss1ss3,S019,ss1,Fx,0.1525979191841074,0.8874740235382148
lab7035,percent050_day1_case1,VT,tv_ss2__te_ss1ss3,S019,ss1,Fz,0.0919211911584323,0.9570551600035532
lab7035,percent050_day1_case1,VT,tv_ss2__te_ss1ss3,S001,ss3,Fx,0.0856848740285665,0.9600117687935288
lab7035,percent050_day1_case1,VT,tv_ss2__te_ss1ss3,S001,ss3,Fz,0.0872301056387053,0.9696598464614232
lab7035,percent050_day1_case1,VT,tv_ss2__te_ss1ss3,S002,ss3,Fx,0.0946253393334169,0.9175382422129172
lab7035,percent050_day1_case1,VT,tv_ss2__te_ss1ss3,S002,ss3,Fz,0.0835364436524003,0.9658453818661612
lab7035,percent050_day1_case1,VT,tv_ss2__te_ss1ss3,S003,ss3,Fx,0.1004022627466019,0.9341417952156388
lab7035,percent050_day1_case1,VT,tv_ss2__te_ss1ss3,S003,ss3,Fz,0.065439600401353,0.9787019207396156
lab7035,percent050_day1_case1,VT,tv_ss2__te_ss1ss3,S004,ss3,Fx,0.1023226674093598,0.9265450957458704
lab7035,percent050_day1_case1,VT,tv_ss2__te_ss1ss3,S004,ss3,Fz,0.087460811581497,0.9694194785625994
lab7035,percent050_day1_case1,VT,tv_ss2__te_ss1ss3,S005,ss3,Fx,0.0938039748024629,0.9360448048003894
lab7035,percent050_day1_case1,VT,tv_ss2__te_ss1ss3,S005,ss3,Fz,0.0852302973242243,0.966561130649672
lab7035,percent050_day1_case1,VT,tv_ss2__te_ss1ss3,S006,ss3,Fx,0.1297186101900324,0.8758821101879921
lab7035,percent050_day1_case1,VT,tv_ss2__te_ss1ss3,S006,ss3,Fz,0.0952221863256108,0.9635087711083182
lab7035,percent050_day1_case1,VT,tv_ss2__te_ss1ss3,S007,ss3,Fx,0.0882675157896925,0.9455545928198476
lab7035,percent050_day1_case1,VT,tv_ss2__te_ss1ss3,S007,ss3,Fz,0.0650366068815438,0.9761593723002996
lab7035,percent050_day1_case1,VT,tv_ss2__te_ss1ss3,S008,ss3,Fx,0.1241399156950564,0.9089343399191828
lab7035,percent050_day1_case1,VT,tv_ss2__te_ss1ss3,S008,ss3,Fz,0.1199207929597429,0.9568855848325336
lab7035,percent050_day1_case1,VT,tv_ss2__te_ss1ss3,S009,ss3,Fx,0.1617559145963945,0.7547614556261191
lab7035,percent050_day1_case1,VT,tv_ss2__te_ss1ss3,S009,ss3,Fz,0.1375577328028585,0.9072489504923672
lab7035,percent050_day1_case1,VT,tv_ss2__te_ss1ss3,S010,ss3,Fx,0.0796994091608298,0.9578243625134896
lab7035,percent050_day1_case1,VT,tv_ss2__te_ss1ss3,S010,ss3,Fz,0.0893697188972264,0.9609127214819116
lab7035,percent050_day1_case1,VT,tv_ss2__te_ss1ss3,S012,ss3,Fx,0.0905839582876113,0.9554895407987573
lab7035,percent050_day1_case1,VT,tv_ss2__te_ss1ss3,S012,ss3,Fz,0.0831336901783136,0.9699465444707752
lab7035,percent050_day1_case1,VT,tv_ss2__te_ss1ss3,S013,ss3,Fx,0.0861715669447144,0.9585047421564744
lab7035,percent050_day1_case1,VT,tv_ss2__te_ss1ss3,S013,ss3,Fz,0.0806323564460989,0.9719082987820818
lab7035,percent050_day1_case1,VT,tv_ss2__te_ss1ss3,S015,ss3,Fx,0.0898558419336342,0.9401036235893362
lab7035,percent050_day1_case1,VT,tv_ss2__te_ss1ss3,S015,ss3,Fz,0.0692806412462695,0.9758344983011396
lab7035,percent050_day1_case1,VT,tv_ss2__te_ss1ss3,S016,ss3,Fx,0.074208802402512,0.9567640050462598
lab7035,percent050_day1_case1,VT,tv_ss2__te_ss1ss3,S016,ss3,Fz,0.1257703380459115,0.9238273716884536
lab7035,percent050_day1_case1,VT,tv_ss2__te_ss1ss3,S017,ss3,Fx,0.0778880566955047,0.9661432067704048
lab7035,percent050_day1_case1,VT,tv_ss2__te_ss1ss3,S017,ss3,Fz,0.0871929170654686,0.9617683259988375
lab7035,percent050_day1_case1,VT,tv_ss2__te_ss1ss3,S018,ss3,Fx,0.0988135614346434,0.9306504475375136
lab7035,percent050_day1_case1,VT,tv_ss2__te_ss1ss3,S018,ss3,Fz,0.0838140111435012,0.9695664978081198
lab7035,percent050_day1_case1,VT,tv_ss2__te_ss1ss3,S019,ss3,Fx,0.1132111004348296,0.9146916186763836
lab7035,percent050_day1_case1,VT,tv_ss2__te_ss1ss3,S019,ss3,Fz,0.0780908931233122,0.9766962255575644
lab7035,percent050_day1_case1,APVT,tv_ss3__te_ss1ss2,S001,ss1,Fx,0.1742384189097182,0.9055761023227834
lab7035,percent050_day1_case1,APVT,tv_ss3__te_ss1ss2,S001,ss1,Fz,0.1022244150062527,0.9487541745103506
lab7035,percent050_day1_case1,APVT,tv_ss3__te_ss1ss2,S002,ss1,Fx,0.2668190745599116,0.6323524364949938
lab7035,percent050_day1_case1,APVT,tv_ss3__te_ss1ss2,S002,ss1,Fz,0.191645115440231,0.8299513483984332
lab7035,percent050_day1_case1,APVT,tv_ss3__te_ss1ss2,S003,ss1,Fx,0.1544337379891621,0.823025956777025
lab7035,percent050_day1_case1,APVT,tv_ss3__te_ss1ss2,S003,ss1,Fz,0.1939091877023447,0.8546460536312542
lab7035,percent050_day1_case1,APVT,tv_ss3__te_ss1ss2,S004,ss1,Fx,0.1753455180803843,0.8306061247530453
lab7035,percent050_day1_case1,APVT,tv_ss3__te_ss1ss2,S004,ss1,Fz,0.2019887119382319,0.9173428948907134
lab7035,percent050_day1_case1,APVT,tv_ss3__te_ss1ss2,S005,ss1,Fx,0.222848069458114,0.8132573764652331
lab7035,percent050_day1_case1,APVT,tv_ss3__te_ss1ss2,S005,ss1,Fz,0.1957341558194928,0.8505495399449003
lab7035,percent050_day1_case1,APVT,tv_ss3__te_ss1ss2,S006,ss1,Fx,0.1947586159081912,0.7749427159917962
lab7035,percent050_day1_case1,APVT,tv_ss3__te_ss1ss2,S006,ss1,Fz,0.1295032887746514,0.9060357490992378
lab7035,percent050_day1_case1,APVT,tv_ss3__te_ss1ss2,S007,ss1,Fx,0.1506543539759854,0.8759046888495635
lab7035,percent050_day1_case1,APVT,tv_ss3__te_ss1ss2,S007,ss1,Fz,0.171077324813052,0.9104273203162336
lab7035,percent050_day1_case1,APVT,tv_ss3__te_ss1ss2,S008,ss1,Fx,0.1246763077328823,0.9150856915981834
lab7035,percent050_day1_case1,APVT,tv_ss3__te_ss1ss2,S008,ss1,Fz,0.186389508529378,0.8895473650438607
lab7035,percent050_day1_case1,APVT,tv_ss3__te_ss1ss2,S009,ss1,Fx,0.2393601654590203,0.6382510897174343
lab7035,percent050_day1_case1,APVT,tv_ss3__te_ss1ss2,S009,ss1,Fz,0.2051345163469374,0.7822476799258825
lab7035,percent050_day1_case1,APVT,tv_ss3__te_ss1ss2,S010,ss1,Fx,0.1753414790711154,0.8404448555406813
lab7035,percent050_day1_case1,APVT,tv_ss3__te_ss1ss2,S010,ss1,Fz,0.1191337621612221,0.8721257428851515
lab7035,percent050_day1_case1,APVT,tv_ss3__te_ss1ss2,S012,ss1,Fx,0.1442486280930435,0.8787174535256139
lab7035,percent050_day1_case1,APVT,tv_ss3__te_ss1ss2,S012,ss1,Fz,0.1380245641099862,0.9253350160019208
lab7035,percent050_day1_case1,APVT,tv_ss3__te_ss1ss2,S013,ss1,Fx,0.2121525770944798,0.7183468749071094
lab7035,percent050_day1_case1,APVT,tv_ss3__te_ss1ss2,S013,ss1,Fz,0.1850808988790721,0.8867365976339168
lab7035,percent050_day1_case1,APVT,tv_ss3__te_ss1ss2,S014,ss1,Fx,0.2170426969676996,0.7270711676199786
lab7035,percent050_day1_case1,APVT,tv_ss3__te_ss1ss2,S014,ss1,Fz,0.1865220363614359,0.817447157812257
lab7035,percent050_day1_case1,APVT,tv_ss3__te_ss1ss2,S015,ss1,Fx,0.2009857974417998,0.8293006603851705
lab7035,percent050_day1_case1,APVT,tv_ss3__te_ss1ss2,S015,ss1,Fz,0.1189576072195757,0.9165526124813655
lab7035,percent050_day1_case1,APVT,tv_ss3__te_ss1ss2,S016,ss1,Fx,0.4089128425599129,0.1363481451602431
lab7035,percent050_day1_case1,APVT,tv_ss3__te_ss1ss2,S016,ss1,Fz,0.1727553607993753,0.8374483391067706
lab7035,percent050_day1_case1,APVT,tv_ss3__te_ss1ss2,S017,ss1,Fx,0.1897527927248368,0.7873938115955732
lab7035,percent050_day1_case1,APVT,tv_ss3__te_ss1ss2,S017,ss1,Fz,0.0948292653109456,0.9380145897047132
lab7035,percent050_day1_case1,APVT,tv_ss3__te_ss1ss2,S018,ss1,Fx,0.1809144683021039,0.8285775641781601
lab7035,percent050_day1_case1,APVT,tv_ss3__te_ss1ss2,S018,ss1,Fz,0.1733660158455859,0.9434517976399274
lab7035,percent050_day1_case1,APVT,tv_ss3__te_ss1ss2,S019,ss1,Fx,0.3085304386622937,0.6559165111399408
lab7035,percent050_day1_case1,APVT,tv_ss3__te_ss1ss2,S019,ss1,Fz,0.1549462853261173,0.9372075812677224
lab7035,percent050_day1_case1,APVT,tv_ss3__te_ss1ss2,S001,ss2,Fx,0.0837443306957694,0.952187621878752
lab7035,percent050_day1_case1,APVT,tv_ss3__te_ss1ss2,S001,ss2,Fz,0.0655237917854502,0.9743278824278684
lab7035,percent050_day1_case1,APVT,tv_ss3__te_ss1ss2,S002,ss2,Fx,0.1478085947444744,0.851797571702745
lab7035,percent050_day1_case1,APVT,tv_ss3__te_ss1ss2,S002,ss2,Fz,0.1124672685334042,0.9447605864528844
lab7035,percent050_day1_case1,APVT,tv_ss3__te_ss1ss2,S003,ss2,Fx,0.0839935653611529,0.952313978301602
lab7035,percent050_day1_case1,APVT,tv_ss3__te_ss1ss2,S003,ss2,Fz,0.0848519750058197,0.9672326514314756
lab7035,percent050_day1_case1,APVT,tv_ss3__te_ss1ss2,S004,ss2,Fx,0.099409555138122,0.92598212831303
lab7035,percent050_day1_case1,APVT,tv_ss3__te_ss1ss2,S004,ss2,Fz,0.1013513332824078,0.9696023860849892
lab7035,percent050_day1_case1,APVT,tv_ss3__te_ss1ss2,S005,ss2,Fx,0.12506241803324,0.919792341769889
lab7035,percent050_day1_case1,APVT,tv_ss3__te_ss1ss2,S005,ss2,Fz,0.1100186003732687,0.9489574791224672
lab7035,percent050_day1_case1,APVT,tv_ss3__te_ss1ss2,S006,ss2,Fx,0.0980902975757339,0.9301549369034416
lab7035,percent050_day1_case1,APVT,tv_ss3__te_ss1ss2,S006,ss2,Fz,0.0797863405380158,0.9571647453734524
lab7035,percent050_day1_case1,APVT,tv_ss3__te_ss1ss2,S007,ss2,Fx,0.0706612608567764,0.9704194887729116
lab7035,percent050_day1_case1,APVT,tv_ss3__te_ss1ss2,S007,ss2,Fz,0.1033124896755614,0.962486780859983
lab7035,percent050_day1_case1,APVT,tv_ss3__te_ss1ss2,S008,ss2,Fx,0.089059654067486,0.9379466652874174
lab7035,percent050_day1_case1,APVT,tv_ss3__te_ss1ss2,S008,ss2,Fz,0.1215305242627019,0.9517209624081672
lab7035,percent050_day1_case1,APVT,tv_ss3__te_ss1ss2,S009,ss2,Fx,0.1685425943312159,0.8196049950230941
lab7035,percent050_day1_case1,APVT,tv_ss3__te_ss1ss2,S009,ss2,Fz,0.1201831902658809,0.9192326876578868
lab7035,percent050_day1_case1,APVT,tv_ss3__te_ss1ss2,S010,ss2,Fx,0.0922866811027167,0.9358897409274676
lab7035,percent050_day1_case1,APVT,tv_ss3__te_ss1ss2,S010,ss2,Fz,0.0813454877715199,0.953004400378444
lab7035,percent050_day1_case1,APVT,tv_ss3__te_ss1ss2,S012,ss2,Fx,0.0905633126488411,0.9512237258200784
lab7035,percent050_day1_case1,APVT,tv_ss3__te_ss1ss2,S012,ss2,Fz,0.0970832151420176,0.9743707741113888
lab7035,percent050_day1_case1,APVT,tv_ss3__te_ss1ss2,S013,ss2,Fx,0.128952195341993,0.8988797829605328
lab7035,percent050_day1_case1,APVT,tv_ss3__te_ss1ss2,S013,ss2,Fz,0.1144708942380753,0.947210341646472
lab7035,percent050_day1_case1,APVT,tv_ss3__te_ss1ss2,S015,ss2,Fx,0.1336808065890281,0.9177740733612864
lab7035,percent050_day1_case1,APVT,tv_ss3__te_ss1ss2,S015,ss2,Fz,0.0609297888586341,0.976223894494778
lab7035,percent050_day1_case1,APVT,tv_ss3__te_ss1ss2,S016,ss2,Fx,0.1389180059379775,0.8958002820968175
lab7035,percent050_day1_case1,APVT,tv_ss3__te_ss1ss2,S016,ss2,Fz,0.0867126650389309,0.9736960800286992
lab7035,percent050_day1_case1,APVT,tv_ss3__te_ss1ss2,S017,ss2,Fx,0.0888738740322325,0.9557727618522248
lab7035,percent050_day1_case1,APVT,tv_ss3__te_ss1ss2,S017,ss2,Fz,0.0551157788446187,0.975096928009084
lab7035,percent050_day1_case1,APVT,tv_ss3__te_ss1ss2,S018,ss2,Fx,0.0865118639803624,0.95292713037668
lab7035,percent050_day1_case1,APVT,tv_ss3__te_ss1ss2,S018,ss2,Fz,0.081099890804776,0.9772149666877548
lab7035,percent050_day1_case1,APVT,tv_ss3__te_ss1ss2,S019,ss2,Fx,0.1918476430374234,0.7918593186727672
lab7035,percent050_day1_case1,APVT,tv_ss3__te_ss1ss2,S019,ss2,Fz,0.0901199049731169,0.9611565295731122
lab7035,percent050_day1_case1,VT,tv_ss3__te_ss1ss2,S001,ss1,Fx,0.176503312677214,0.9011747361332452
lab7035,percent050_day1_case1,VT,tv_ss3__te_ss1ss2,S001,ss1,Fz,0.1327517554650407,0.9103333754333638
lab7035,percent050_day1_case1,VT,tv_ss3__te_ss1ss2,S002,ss1,Fx,0.2240279615514337,0.6945734594934978
lab7035,percent050_day1_case1,VT,tv_ss3__te_ss1ss2,S002,ss1,Fz,0.146824390073402,0.8704078244309958
lab7035,percent050_day1_case1,VT,tv_ss3__te_ss1ss2,S003,ss1,Fx,0.1480958425419394,0.8958043986220184
lab7035,percent050_day1_case1,VT,tv_ss3__te_ss1ss2,S003,ss1,Fz,0.1467659047577735,0.9205403272057198
lab7035,percent050_day1_case1,VT,tv_ss3__te_ss1ss2,S004,ss1,Fx,0.1949630242060801,0.8002681452238497
lab7035,percent050_day1_case1,VT,tv_ss3__te_ss1ss2,S004,ss1,Fz,0.1725282787161801,0.9002373392252091
lab7035,percent050_day1_case1,VT,tv_ss3__te_ss1ss2,S005,ss1,Fx,0.1804045257263512,0.8387063204788477
lab7035,percent050_day1_case1,VT,tv_ss3__te_ss1ss2,S005,ss1,Fz,0.1959995990685417,0.8531121222618288
lab7035,percent050_day1_case1,VT,tv_ss3__te_ss1ss2,S006,ss1,Fx,0.1855147407435813,0.7602416360925142
lab7035,percent050_day1_case1,VT,tv_ss3__te_ss1ss2,S006,ss1,Fz,0.1375085709389555,0.9071133818081358
lab7035,percent050_day1_case1,VT,tv_ss3__te_ss1ss2,S007,ss1,Fx,0.1625040009676055,0.8369706934002836
lab7035,percent050_day1_case1,VT,tv_ss3__te_ss1ss2,S007,ss1,Fz,0.1761410662795796,0.9071654436673168
lab7035,percent050_day1_case1,VT,tv_ss3__te_ss1ss2,S008,ss1,Fx,0.1493334014976194,0.8629072334192881
lab7035,percent050_day1_case1,VT,tv_ss3__te_ss1ss2,S008,ss1,Fz,0.189254277095361,0.8899488713930803
lab7035,percent050_day1_case1,VT,tv_ss3__te_ss1ss2,S009,ss1,Fx,0.2103548523455924,0.7063072003755395
lab7035,percent050_day1_case1,VT,tv_ss3__te_ss1ss2,S009,ss1,Fz,0.1969420151927715,0.8162385089458003
lab7035,percent050_day1_case1,VT,tv_ss3__te_ss1ss2,S010,ss1,Fx,0.2649512310633257,0.5664252511806127
lab7035,percent050_day1_case1,VT,tv_ss3__te_ss1ss2,S010,ss1,Fz,0.137603588662069,0.8505116449848843
lab7035,percent050_day1_case1,VT,tv_ss3__te_ss1ss2,S012,ss1,Fx,0.1592106882937098,0.8451665145968573
lab7035,percent050_day1_case1,VT,tv_ss3__te_ss1ss2,S012,ss1,Fz,0.1258612677388655,0.9194769317673004
lab7035,percent050_day1_case1,VT,tv_ss3__te_ss1ss2,S013,ss1,Fx,0.3482763859786175,0.2322474584355867
lab7035,percent050_day1_case1,VT,tv_ss3__te_ss1ss2,S013,ss1,Fz,0.1753304047643525,0.8417178066161917
lab7035,percent050_day1_case1,VT,tv_ss3__te_ss1ss2,S014,ss1,Fx,0.1608567995537045,0.8918599336132824
lab7035,percent050_day1_case1,VT,tv_ss3__te_ss1ss2,S014,ss1,Fz,0.1664551439648314,0.8740923539411206
lab7035,percent050_day1_case1,VT,tv_ss3__te_ss1ss2,S015,ss1,Fx,0.1777952565872893,0.8575871555978847
lab7035,percent050_day1_case1,VT,tv_ss3__te_ss1ss2,S015,ss1,Fz,0.1237017019346086,0.93420073015127
lab7035,percent050_day1_case1,VT,tv_ss3__te_ss1ss2,S016,ss1,Fx,0.3299277843377606,0.4293499202387933
lab7035,percent050_day1_case1,VT,tv_ss3__te_ss1ss2,S016,ss1,Fz,0.1843286650395285,0.8222892876999592
lab7035,percent050_day1_case1,VT,tv_ss3__te_ss1ss2,S017,ss1,Fx,0.2239801742953231,0.8297368018849951
lab7035,percent050_day1_case1,VT,tv_ss3__te_ss1ss2,S017,ss1,Fz,0.0839767688704008,0.9432838734487632
lab7035,percent050_day1_case1,VT,tv_ss3__te_ss1ss2,S018,ss1,Fx,0.1874988315324922,0.7913935412227087
lab7035,percent050_day1_case1,VT,tv_ss3__te_ss1ss2,S018,ss1,Fz,0.1506822185975326,0.9120179211607328
lab7035,percent050_day1_case1,VT,tv_ss3__te_ss1ss2,S019,ss1,Fx,0.2979673925696592,0.6194954944772848
lab7035,percent050_day1_case1,VT,tv_ss3__te_ss1ss2,S019,ss1,Fz,0.1797700057674876,0.8958645038567253
lab7035,percent050_day1_case1,VT,tv_ss3__te_ss1ss2,S001,ss2,Fx,0.088500038220405,0.9534310118721524
lab7035,percent050_day1_case1,VT,tv_ss3__te_ss1ss2,S001,ss2,Fz,0.0751048082859753,0.9664515940430486
lab7035,percent050_day1_case1,VT,tv_ss3__te_ss1ss2,S002,ss2,Fx,0.1342688648412747,0.8756364663217956
lab7035,percent050_day1_case1,VT,tv_ss3__te_ss1ss2,S002,ss2,Fz,0.0923744736135712,0.9558803096025528
lab7035,percent050_day1_case1,VT,tv_ss3__te_ss1ss2,S003,ss2,Fx,0.0772479379228595,0.966169655612288
lab7035,percent050_day1_case1,VT,tv_ss3__te_ss1ss2,S003,ss2,Fz,0.0790524680137771,0.9788211465492234
lab7035,percent050_day1_case1,VT,tv_ss3__te_ss1ss2,S004,ss2,Fx,0.1031836255989641,0.9181497835792868
lab7035,percent050_day1_case1,VT,tv_ss3__te_ss1ss2,S004,ss2,Fz,0.1106536574436439,0.9569750247512192
lab7035,percent050_day1_case1,VT,tv_ss3__te_ss1ss2,S005,ss2,Fx,0.1078967215946992,0.9425348254770308
lab7035,percent050_day1_case1,VT,tv_ss3__te_ss1ss2,S005,ss2,Fz,0.1119373483264109,0.9478085625451398
lab7035,percent050_day1_case1,VT,tv_ss3__te_ss1ss2,S006,ss2,Fx,0.0868833965570474,0.947448133680814
lab7035,percent050_day1_case1,VT,tv_ss3__te_ss1ss2,S006,ss2,Fz,0.086848120191408,0.957417762028684
lab7035,percent050_day1_case1,VT,tv_ss3__te_ss1ss2,S007,ss2,Fx,0.0702032176459502,0.9655090139406852
lab7035,percent050_day1_case1,VT,tv_ss3__te_ss1ss2,S007,ss2,Fz,0.1005623799245304,0.9611649238742624
lab7035,percent050_day1_case1,VT,tv_ss3__te_ss1ss2,S008,ss2,Fx,0.0950087615133643,0.9264199368162948
lab7035,percent050_day1_case1,VT,tv_ss3__te_ss1ss2,S008,ss2,Fz,0.1122591462478487,0.9568610206901416
lab7035,percent050_day1_case1,VT,tv_ss3__te_ss1ss2,S009,ss2,Fx,0.1583074228510705,0.8279648307015514
lab7035,percent050_day1_case1,VT,tv_ss3__te_ss1ss2,S009,ss2,Fz,0.1257699552745364,0.9125497055711416
lab7035,percent050_day1_case1,VT,tv_ss3__te_ss1ss2,S010,ss2,Fx,0.1387216293133099,0.8342201674181892
lab7035,percent050_day1_case1,VT,tv_ss3__te_ss1ss2,S010,ss2,Fz,0.0936131667538202,0.9470181680161334
lab7035,percent050_day1_case1,VT,tv_ss3__te_ss1ss2,S012,ss2,Fx,0.0689200874829879,0.9711590435797252
lab7035,percent050_day1_case1,VT,tv_ss3__te_ss1ss2,S012,ss2,Fz,0.0816909728035077,0.9749898723338216
lab7035,percent050_day1_case1,VT,tv_ss3__te_ss1ss2,S013,ss2,Fx,0.2127663488473624,0.7345842388263744
lab7035,percent050_day1_case1,VT,tv_ss3__te_ss1ss2,S013,ss2,Fz,0.1215998713552643,0.9188282819462548
lab7035,percent050_day1_case1,VT,tv_ss3__te_ss1ss2,S015,ss2,Fx,0.1353497123177734,0.9119453862610196
lab7035,percent050_day1_case1,VT,tv_ss3__te_ss1ss2,S015,ss2,Fz,0.0625364764397109,0.9803331727288328
lab7035,percent050_day1_case1,VT,tv_ss3__te_ss1ss2,S016,ss2,Fx,0.1220740396551729,0.914341928556424
lab7035,percent050_day1_case1,VT,tv_ss3__te_ss1ss2,S016,ss2,Fz,0.077404726753716,0.979590188625136
lab7035,percent050_day1_case1,VT,tv_ss3__te_ss1ss2,S017,ss2,Fx,0.0860635820019453,0.9589223882102932
lab7035,percent050_day1_case1,VT,tv_ss3__te_ss1ss2,S017,ss2,Fz,0.0548334236084257,0.9713515141640862
lab7035,percent050_day1_case1,VT,tv_ss3__te_ss1ss2,S018,ss2,Fx,0.0960522141624081,0.9445938377990089
lab7035,percent050_day1_case1,VT,tv_ss3__te_ss1ss2,S018,ss2,Fz,0.0757305626655365,0.979123233063838
lab7035,percent050_day1_case1,VT,tv_ss3__te_ss1ss2,S019,ss2,Fx,0.17233409426277,0.8106637622440236
lab7035,percent050_day1_case1,VT,tv_ss3__te_ss1ss2,S019,ss2,Fz,0.0866332340867842,0.9653384677104012
lab7035,percent050_day1_case1,AP,tv_te_ss1,S001,ss1,Fx,0.1031688270391407,0.9189089930882018
lab7035,percent050_day1_case1,AP,tv_te_ss1,S001,ss1,Fz,0.1017024151127047,0.9452367519967716
lab7035,percent050_day1_case1,AP,tv_te_ss1,S002,ss1,Fx,0.1200480929069033,0.8449297192965641
lab7035,percent050_day1_case1,AP,tv_te_ss1,S002,ss1,Fz,0.087632836682865,0.9335166258017914
lab7035,percent050_day1_case1,AP,tv_te_ss1,S003,ss1,Fx,0.1007151416681489,0.9181023422131585
lab7035,percent050_day1_case1,AP,tv_te_ss1,S003,ss1,Fz,0.0834103917798288,0.9481354085234652
lab7035,percent050_day1_case1,AP,tv_te_ss1,S004,ss1,Fx,0.0712816037737045,0.9616520276436166
lab7035,percent050_day1_case1,AP,tv_te_ss1,S004,ss1,Fz,0.0873302515660619,0.9642894405054258
lab7035,percent050_day1_case1,AP,tv_te_ss1,S005,ss1,Fx,0.0886071324282454,0.9309332465980352
lab7035,percent050_day1_case1,AP,tv_te_ss1,S005,ss1,Fz,0.1085388868100784,0.9454388176734558
lab7035,percent050_day1_case1,AP,tv_te_ss1,S006,ss1,Fx,0.0902064737593602,0.9578103643924516
lab7035,percent050_day1_case1,AP,tv_te_ss1,S006,ss1,Fz,0.0776164477626757,0.9523103400529044
lab7035,percent050_day1_case1,AP,tv_te_ss1,S007,ss1,Fx,0.0831883165185936,0.9379748180680406
lab7035,percent050_day1_case1,AP,tv_te_ss1,S007,ss1,Fz,0.0919778051829803,0.9272918193880936
lab7035,percent050_day1_case1,AP,tv_te_ss1,S008,ss1,Fx,0.0870277286928973,0.9367658703943504
lab7035,percent050_day1_case1,AP,tv_te_ss1,S008,ss1,Fz,0.1208230143790128,0.9546079829620304
lab7035,percent050_day1_case1,AP,tv_te_ss1,S009,ss1,Fx,0.1136317165626399,0.8822912132901383
lab7035,percent050_day1_case1,AP,tv_te_ss1,S009,ss1,Fz,0.1055166445269216,0.9078311741916116
lab7035,percent050_day1_case1,AP,tv_te_ss1,S010,ss1,Fx,0.0879262220120694,0.9266019559983798
lab7035,percent050_day1_case1,AP,tv_te_ss1,S010,ss1,Fz,0.0750572685512634,0.936753070033762
lab7035,percent050_day1_case1,AP,tv_te_ss1,S011,ss1,Fx,0.0846214683745902,0.9520244932971208
lab7035,percent050_day1_case1,AP,tv_te_ss1,S011,ss1,Fz,0.1159374028612494,0.9705897879437976
lab7035,percent050_day1_case1,AP,tv_te_ss1,S012,ss1,Fx,0.0781079121497397,0.9604663747809252
lab7035,percent050_day1_case1,AP,tv_te_ss1,S012,ss1,Fz,0.08834095009701,0.9515589892381816
lab7035,percent050_day1_case1,AP,tv_te_ss1,S013,ss1,Fx,0.0891196557394407,0.9384728275567168
lab7035,percent050_day1_case1,AP,tv_te_ss1,S013,ss1,Fz,0.0959635343282314,0.942243911986926
lab7035,percent050_day1_case1,AP,tv_te_ss1,S014,ss1,Fx,0.1076511037958048,0.9065855903298574
lab7035,percent050_day1_case1,AP,tv_te_ss1,S014,ss1,Fz,0.1327727731279043,0.867486777400029
lab7035,percent050_day1_case1,AP,tv_te_ss1,S015,ss1,Fx,0.0819636593660446,0.9403910365882372
lab7035,percent050_day1_case1,AP,tv_te_ss1,S015,ss1,Fz,0.0723528082587113,0.9651563390656452
lab7035,percent050_day1_case1,AP,tv_te_ss1,S016,ss1,Fx,0.2307089361569979,0.5436890738078107
lab7035,percent050_day1_case1,AP,tv_te_ss1,S016,ss1,Fz,0.1804682789554724,0.764718623157224
lab7035,percent050_day1_case1,AP,tv_te_ss1,S017,ss1,Fx,0.0799224875239522,0.9646315268580936
lab7035,percent050_day1_case1,AP,tv_te_ss1,S017,ss1,Fz,0.0445078501120315,0.9854242610829008
lab7035,percent050_day1_case1,AP,tv_te_ss1,S018,ss1,Fx,0.0900665513891844,0.943535226023452
lab7035,percent050_day1_case1,AP,tv_te_ss1,S018,ss1,Fz,0.0703192963336865,0.9767268807226468
lab7035,percent050_day1_case1,AP,tv_te_ss1,S019,ss1,Fx,0.1135431295841522,0.9078394933100952
lab7035,percent050_day1_case1,AP,tv_te_ss1,S019,ss1,Fz,0.0761340692365226,0.9599084967749266
lab7035,percent050_day1_case1,APVT,tv_te_ss3,S001,ss3,Fx,0.0643389731496458,0.9673120321505422
lab7035,percent050_day1_case1,APVT,tv_te_ss3,S001,ss3,Fz,0.0621658641012705,0.9812404856557572
lab7035,percent050_day1_case1,APVT,tv_te_ss3,S002,ss3,Fx,0.1134123464436675,0.899952792021722
lab7035,percent050_day1_case1,APVT,tv_te_ss3,S002,ss3,Fz,0.0836818552126023,0.968457893596067
lab7035,percent050_day1_case1,APVT,tv_te_ss3,S003,ss3,Fx,0.0430506989003225,0.9859194457540696
lab7035,percent050_day1_case1,APVT,tv_te_ss3,S003,ss3,Fz,0.0535378564370956,0.9863406600251992
lab7035,percent050_day1_case1,APVT,tv_te_ss3,S004,ss3,Fx,0.0567794661225667,0.9731654054216852
lab7035,percent050_day1_case1,APVT,tv_te_ss3,S004,ss3,Fz,0.0581049857952868,0.9855332061392472
lab7035,percent050_day1_case1,APVT,tv_te_ss3,S005,ss3,Fx,0.0881697308931016,0.9369119267990192
lab7035,percent050_day1_case1,APVT,tv_te_ss3,S005,ss3,Fz,0.078153295458223,0.9665872299978604
lab7035,percent050_day1_case1,APVT,tv_te_ss3,S006,ss3,Fx,0.0933014253643582,0.9398790778519972
lab7035,percent050_day1_case1,APVT,tv_te_ss3,S006,ss3,Fz,0.0663508525868966,0.9777245668217434
lab7035,percent050_day1_case1,APVT,tv_te_ss3,S007,ss3,Fx,0.0459592785406587,0.9839158856170483
lab7035,percent050_day1_case1,APVT,tv_te_ss3,S007,ss3,Fz,0.0643809663594085,0.9804168061620064
lab7035,percent050_day1_case1,APVT,tv_te_ss3,S008,ss3,Fx,0.1068650771882923,0.919751272321525
lab7035,percent050_day1_case1,APVT,tv_te_ss3,S008,ss3,Fz,0.1020587739867643,0.9638253514243952
lab7035,percent050_day1_case1,APVT,tv_te_ss3,S009,ss3,Fx,0.1094162641743369,0.9183610561604176
lab7035,percent050_day1_case1,APVT,tv_te_ss3,S009,ss3,Fz,0.1179812679820786,0.9319189236491172
lab7035,percent050_day1_case1,APVT,tv_te_ss3,S010,ss3,Fx,0.067320900284953,0.9654937329710684
lab7035,percent050_day1_case1,APVT,tv_te_ss3,S010,ss3,Fz,0.0575415186702448,0.9788129824862928
lab7035,percent050_day1_case1,APVT,tv_te_ss3,S012,ss3,Fx,0.0573065383018878,0.9772607802008976
lab7035,percent050_day1_case1,APVT,tv_te_ss3,S012,ss3,Fz,0.0593657783362108,0.9801100442682028
lab7035,percent050_day1_case1,APVT,tv_te_ss3,S013,ss3,Fx,0.0619653697673141,0.9712072911161868
lab7035,percent050_day1_case1,APVT,tv_te_ss3,S013,ss3,Fz,0.0681524711081189,0.973204619391138
lab7035,percent050_day1_case1,APVT,tv_te_ss3,S014,ss3,Fx,0.1024443668246666,0.9030510139479898
lab7035,percent050_day1_case1,APVT,tv_te_ss3,S014,ss3,Fz,0.0843189789113433,0.9608155846524464
lab7035,percent050_day1_case1,APVT,tv_te_ss3,S015,ss3,Fx,0.0734885469311833,0.9623435344907038
lab7035,percent050_day1_case1,APVT,tv_te_ss3,S015,ss3,Fz,0.049694529587814,0.9857749449034984
lab7035,percent050_day1_case1,APVT,tv_te_ss3,S016,ss3,Fx,0.1283043118501849,0.8741496629016227
lab7035,percent050_day1_case1,APVT,tv_te_ss3,S016,ss3,Fz,0.1028342817776896,0.9608809363264688
lab7035,percent050_day1_case1,APVT,tv_te_ss3,S017,ss3,Fx,0.0662828768681369,0.965623554241232
lab7035,percent050_day1_case1,APVT,tv_te_ss3,S017,ss3,Fz,0.0670895423635877,0.9750058861126608
lab7035,percent050_day1_case1,APVT,tv_te_ss3,S018,ss3,Fx,0.0549336123560247,0.9750642352030864
lab7035,percent050_day1_case1,APVT,tv_te_ss3,S018,ss3,Fz,0.0462973365804213,0.9889937582598952
lab7035,percent050_day1_case1,APVT,tv_te_ss3,S019,ss3,Fx,0.0769756183325373,0.9515063117145072
lab7035,percent050_day1_case1,APVT,tv_te_ss3,S019,ss3,Fz,0.0665557880084129,0.9763422168417382
lab7040,full_day1,AP,tv_ss2__te_ss1ss3,S001,ss1,Fx,0.1414720402249493,0.9331735686738928
lab7040,full_day1,AP,tv_ss2__te_ss1ss3,S001,ss1,Fz,0.0940562475200418,0.9439362048614638
lab7040,full_day1,AP,tv_ss2__te_ss1ss3,S002,ss1,Fx,0.1988827577518004,0.7806789285978677
lab7040,full_day1,AP,tv_ss2__te_ss1ss3,S002,ss1,Fz,0.1257486437750769,0.8893631549428204
lab7040,full_day1,AP,tv_ss2__te_ss1ss3,S003,ss1,Fx,0.0864202221323009,0.95013876656082
lab7040,full_day1,AP,tv_ss2__te_ss1ss3,S003,ss1,Fz,0.0977339144932579,0.9467826487001096
lab7040,full_day1,AP,tv_ss2__te_ss1ss3,S004,ss1,Fx,0.0954305971237725,0.9421968368691784
lab7040,full_day1,AP,tv_ss2__te_ss1ss3,S004,ss1,Fz,0.1121729005669764,0.9518904785231488
lab7040,full_day1,AP,tv_ss2__te_ss1ss3,S005,ss1,Fx,0.1280915677268206,0.9266095895289406
lab7040,full_day1,AP,tv_ss2__te_ss1ss3,S005,ss1,Fz,0.1478385082809602,0.9196807607813648
lab7040,full_day1,AP,tv_ss2__te_ss1ss3,S006,ss1,Fx,0.0944559020339537,0.9431912455975952
lab7040,full_day1,AP,tv_ss2__te_ss1ss3,S006,ss1,Fz,0.0824154823503752,0.9483219036315288
lab7040,full_day1,AP,tv_ss2__te_ss1ss3,S007,ss1,Fx,0.0955958413557525,0.9425589629008748
lab7040,full_day1,AP,tv_ss2__te_ss1ss3,S007,ss1,Fz,0.1155251825059259,0.9240080261505468
lab7040,full_day1,AP,tv_ss2__te_ss1ss3,S008,ss1,Fx,0.0892323577590481,0.9457412524500608
lab7040,full_day1,AP,tv_ss2__te_ss1ss3,S008,ss1,Fz,0.1367214067599998,0.9443058986304944
lab7040,full_day1,AP,tv_ss2__te_ss1ss3,S009,ss1,Fx,0.1564327788129561,0.8776241845590695
lab7040,full_day1,AP,tv_ss2__te_ss1ss3,S009,ss1,Fz,0.1427915596178185,0.8735753746763738
lab7040,full_day1,AP,tv_ss2__te_ss1ss3,S010,ss1,Fx,0.1284541838845823,0.8727028701525372
lab7040,full_day1,AP,tv_ss2__te_ss1ss3,S010,ss1,Fz,0.0914960693516704,0.9196880166498496
lab7040,full_day1,AP,tv_ss2__te_ss1ss3,S011,ss1,Fx,0.1219223414138145,0.947165480210014
lab7040,full_day1,AP,tv_ss2__te_ss1ss3,S011,ss1,Fz,0.113769450296877,0.9578784609334297
lab7040,full_day1,AP,tv_ss2__te_ss1ss3,S012,ss1,Fx,0.0917784232302763,0.9459580317793496
lab7040,full_day1,AP,tv_ss2__te_ss1ss3,S012,ss1,Fz,0.0903627474027918,0.9443470275615868
lab7040,full_day1,AP,tv_ss2__te_ss1ss3,S013,ss1,Fx,0.1169158562633955,0.921345377228852
lab7040,full_day1,AP,tv_ss2__te_ss1ss3,S013,ss1,Fz,0.1058502082856639,0.9224992526384744
lab7040,full_day1,AP,tv_ss2__te_ss1ss3,S015,ss1,Fx,0.1098418343505363,0.9408327879353598
lab7040,full_day1,AP,tv_ss2__te_ss1ss3,S015,ss1,Fz,0.0872535980000699,0.9502489429938036
lab7040,full_day1,AP,tv_ss2__te_ss1ss3,S016,ss1,Fx,0.2395147084717895,0.6635102399164728
lab7040,full_day1,AP,tv_ss2__te_ss1ss3,S016,ss1,Fz,0.1482721111441744,0.8536854152910046
lab7040,full_day1,AP,tv_ss2__te_ss1ss3,S017,ss1,Fx,0.1351916915071303,0.9194694243686624
lab7040,full_day1,AP,tv_ss2__te_ss1ss3,S017,ss1,Fz,0.0742527096836878,0.9436494080749136
lab7040,full_day1,AP,tv_ss2__te_ss1ss3,S018,ss1,Fx,0.1498690982286301,0.8810927187536969
lab7040,full_day1,AP,tv_ss2__te_ss1ss3,S018,ss1,Fz,0.0961726804770267,0.9505400321782184
lab7040,full_day1,AP,tv_ss2__te_ss1ss3,S019,ss1,Fx,0.1734889477807538,0.8681952694001446
lab7040,full_day1,AP,tv_ss2__te_ss1ss3,S019,ss1,Fz,0.0758696802563143,0.9608283462648456
lab7040,full_day1,AP,tv_ss2__te_ss1ss3,S001,ss3,Fx,0.0883618718233034,0.9648428627203612
lab7040,full_day1,AP,tv_ss2__te_ss1ss3,S001,ss3,Fz,0.0874935546331833,0.9767857429601292
lab7040,full_day1,AP,tv_ss2__te_ss1ss3,S002,ss3,Fx,0.0833312282140482,0.9384864814543298
lab7040,full_day1,AP,tv_ss2__te_ss1ss3,S002,ss3,Fz,0.0762838841348196,0.9729902918988944
lab7040,full_day1,AP,tv_ss2__te_ss1ss3,S003,ss3,Fx,0.0967662112394525,0.928522366679994
lab7040,full_day1,AP,tv_ss2__te_ss1ss3,S003,ss3,Fz,0.064470762444516,0.9800472129760686
lab7040,full_day1,AP,tv_ss2__te_ss1ss3,S004,ss3,Fx,0.1008851430984487,0.931888558501642
lab7040,full_day1,AP,tv_ss2__te_ss1ss3,S004,ss3,Fz,0.0897020232180652,0.9724391358926174
lab7040,full_day1,AP,tv_ss2__te_ss1ss3,S005,ss3,Fx,0.1005985614813798,0.9143377410724892
lab7040,full_day1,AP,tv_ss2__te_ss1ss3,S005,ss3,Fz,0.0977947778567581,0.9582958195738822
lab7040,full_day1,AP,tv_ss2__te_ss1ss3,S006,ss3,Fx,0.1240586106590513,0.8892165640812626
lab7040,full_day1,AP,tv_ss2__te_ss1ss3,S006,ss3,Fz,0.0874281429924,0.9655078531102124
lab7040,full_day1,AP,tv_ss2__te_ss1ss3,S007,ss3,Fx,0.0901703280825634,0.954212840938676
lab7040,full_day1,AP,tv_ss2__te_ss1ss3,S007,ss3,Fz,0.0703764492463627,0.9778851871162456
lab7040,full_day1,AP,tv_ss2__te_ss1ss3,S008,ss3,Fx,0.1269232672337605,0.918853561770612
lab7040,full_day1,AP,tv_ss2__te_ss1ss3,S008,ss3,Fz,0.1161839368555703,0.9648986794566774
lab7040,full_day1,AP,tv_ss2__te_ss1ss3,S009,ss3,Fx,0.1756455976032887,0.7283808311782102
lab7040,full_day1,AP,tv_ss2__te_ss1ss3,S009,ss3,Fz,0.1302442916765932,0.9255812082523754
lab7040,full_day1,AP,tv_ss2__te_ss1ss3,S010,ss3,Fx,0.0828085748225676,0.9530981350152244
lab7040,full_day1,AP,tv_ss2__te_ss1ss3,S010,ss3,Fz,0.0796751715008897,0.9628905995804026
lab7040,full_day1,AP,tv_ss2__te_ss1ss3,S012,ss3,Fx,0.0818605027135923,0.9628813704564062
lab7040,full_day1,AP,tv_ss2__te_ss1ss3,S012,ss3,Fz,0.0735936059620894,0.9772204235462288
lab7040,full_day1,AP,tv_ss2__te_ss1ss3,S013,ss3,Fx,0.0855982632975229,0.9659805056800748
lab7040,full_day1,AP,tv_ss2__te_ss1ss3,S013,ss3,Fz,0.083460182722703,0.9696603346836778
lab7040,full_day1,AP,tv_ss2__te_ss1ss3,S015,ss3,Fx,0.1081991799420781,0.8900049632857557
lab7040,full_day1,AP,tv_ss2__te_ss1ss3,S015,ss3,Fz,0.0638195651731475,0.9813230263444884
lab7040,full_day1,AP,tv_ss2__te_ss1ss3,S016,ss3,Fx,0.0849518161649392,0.9431324231148625
lab7040,full_day1,AP,tv_ss2__te_ss1ss3,S016,ss3,Fz,0.1013679112018869,0.9592652622304332
lab7040,full_day1,AP,tv_ss2__te_ss1ss3,S017,ss3,Fx,0.084566162395761,0.9699629609582424
lab7040,full_day1,AP,tv_ss2__te_ss1ss3,S017,ss3,Fz,0.0869941896259314,0.9634728776080952
lab7040,full_day1,AP,tv_ss2__te_ss1ss3,S018,ss3,Fx,0.0959267768748006,0.9423621295281296
lab7040,full_day1,AP,tv_ss2__te_ss1ss3,S018,ss3,Fz,0.0836101757666831,0.9702396193119464
lab7040,full_day1,AP,tv_ss2__te_ss1ss3,S019,ss3,Fx,0.1000803142772331,0.9278830717950032
lab7040,full_day1,AP,tv_ss2__te_ss1ss3,S019,ss3,Fz,0.0734540990908268,0.980541194514972
lab7040,full_day1,AP,tv_te_ss123,S001,ss1,Fx,0.1106635859864284,0.944944887927202
lab7040,full_day1,AP,tv_te_ss123,S001,ss1,Fz,0.078713298258395,0.9647629848285836
lab7040,full_day1,AP,tv_te_ss123,S002,ss1,Fx,0.1169169730367613,0.8761955449888078
lab7040,full_day1,AP,tv_te_ss123,S002,ss1,Fz,0.0865653366261187,0.937511840190146
lab7040,full_day1,AP,tv_te_ss123,S003,ss1,Fx,0.0762300622601314,0.9530903832176012
lab7040,full_day1,AP,tv_te_ss123,S003,ss1,Fz,0.0719403855103262,0.9636750514531816
lab7040,full_day1,AP,tv_te_ss123,S004,ss1,Fx,0.0771423698312827,0.9591040883133504
lab7040,full_day1,AP,tv_te_ss123,S004,ss1,Fz,0.0729211010646307,0.9688247451634684
lab7040,full_day1,AP,tv_te_ss123,S005,ss1,Fx,0.0829538684479966,0.9524721798835089
lab7040,full_day1,AP,tv_te_ss123,S005,ss1,Fz,0.0978563166725552,0.952096951716738
lab7040,full_day1,AP,tv_te_ss123,S006,ss1,Fx,0.0786899418756095,0.958541097756626
lab7040,full_day1,AP,tv_te_ss123,S006,ss1,Fz,0.0695960125337709,0.9604595724011156
lab7040,full_day1,AP,tv_te_ss123,S007,ss1,Fx,0.0790329034182351,0.9539580144631188
lab7040,full_day1,AP,tv_te_ss123,S007,ss1,Fz,0.091328595499534,0.9439317581541748
lab7040,full_day1,AP,tv_te_ss123,S008,ss1,Fx,0.0714233252409326,0.959705215548464
lab7040,full_day1,AP,tv_te_ss123,S008,ss1,Fz,0.1187111836719428,0.9532938524693536
lab7040,full_day1,AP,tv_te_ss123,S009,ss1,Fx,0.1286068588913486,0.8948574372750104
lab7040,full_day1,AP,tv_te_ss123,S009,ss1,Fz,0.1200961786401593,0.8894837169105312
lab7040,full_day1,AP,tv_te_ss123,S010,ss1,Fx,0.0894404871761499,0.9278974600100848
lab7040,full_day1,AP,tv_te_ss123,S010,ss1,Fz,0.0734168849438104,0.9437509529667572
lab7040,full_day1,AP,tv_te_ss123,S011,ss1,Fx,0.0746477707022633,0.970204387402888
lab7040,full_day1,AP,tv_te_ss123,S011,ss1,Fz,0.1160944141813123,0.968942858627924
lab7040,full_day1,AP,tv_te_ss123,S012,ss1,Fx,0.0655645429371661,0.9708312623248258
lab7040,full_day1,AP,tv_te_ss123,S012,ss1,Fz,0.069497354986208,0.9624621607094036
lab7040,full_day1,AP,tv_te_ss123,S013,ss1,Fx,0.0949806750663014,0.924781397820266
lab7040,full_day1,AP,tv_te_ss123,S013,ss1,Fz,0.0943723239048201,0.9405425971682092
lab7040,full_day1,AP,tv_te_ss123,S014,ss1,Fx,0.0895615409096258,0.9371478420777296
lab7040,full_day1,AP,tv_te_ss123,S014,ss1,Fz,0.1158364048804593,0.9150445428485124
lab7040,full_day1,AP,tv_te_ss123,S015,ss1,Fx,0.0911101742567353,0.9388526672991774
lab7040,full_day1,AP,tv_te_ss123,S015,ss1,Fz,0.0692054585321798,0.9650977751371246
lab7040,full_day1,AP,tv_te_ss123,S016,ss1,Fx,0.2301038898510708,0.6445989739369681
lab7040,full_day1,AP,tv_te_ss123,S016,ss1,Fz,0.1560763538356119,0.8425119978924468
lab7040,full_day1,AP,tv_te_ss123,S017,ss1,Fx,0.0741013412379276,0.9537623881701336
lab7040,full_day1,AP,tv_te_ss123,S017,ss1,Fz,0.0574838643752916,0.9692587377900224
lab7040,full_day1,AP,tv_te_ss123,S018,ss1,Fx,0.0780930137483435,0.9532342061451362
lab7040,full_day1,AP,tv_te_ss123,S018,ss1,Fz,0.063655071353009,0.97909828613402
lab7040,full_day1,AP,tv_te_ss123,S019,ss1,Fx,0.1173684750230359,0.9075196869869508
lab7040,full_day1,AP,tv_te_ss123,S019,ss1,Fz,0.0739558791166277,0.9636763465505318
lab7040,full_day1,AP,tv_te_ss123,S001,ss2,Fx,0.0668825276356882,0.9662967569705035
lab7040,full_day1,AP,tv_te_ss123,S001,ss2,Fz,0.0554931341233046,0.9836723735466562
lab7040,full_day1,AP,tv_te_ss123,S002,ss2,Fx,0.0922072524303297,0.9300112378250436
lab7040,full_day1,AP,tv_te_ss123,S002,ss2,Fz,0.0641692116791255,0.9739149721665694
lab7040,full_day1,AP,tv_te_ss123,S003,ss2,Fx,0.0623152990773549,0.9743736267763844
lab7040,full_day1,AP,tv_te_ss123,S003,ss2,Fz,0.0558251735566648,0.9815472781925813
lab7040,full_day1,AP,tv_te_ss123,S004,ss2,Fx,0.0849461449333173,0.9476205142476072
lab7040,full_day1,AP,tv_te_ss123,S004,ss2,Fz,0.0801065094016644,0.967299390690495
lab7040,full_day1,AP,tv_te_ss123,S005,ss2,Fx,0.0709143473850592,0.9569923764641384
lab7040,full_day1,AP,tv_te_ss123,S005,ss2,Fz,0.0878045929691694,0.9635681518542586
lab7040,full_day1,AP,tv_te_ss123,S006,ss2,Fx,0.0883696849308716,0.9465859864023204
lab7040,full_day1,AP,tv_te_ss123,S006,ss2,Fz,0.0639595468489094,0.9762665373023548
lab7040,full_day1,AP,tv_te_ss123,S007,ss2,Fx,0.0629355478103178,0.9685425505069036
lab7040,full_day1,AP,tv_te_ss123,S007,ss2,Fz,0.0741110241812272,0.9686923603814764
lab7040,full_day1,AP,tv_te_ss123,S008,ss2,Fx,0.0875432202401994,0.9444843079483342
lab7040,full_day1,AP,tv_te_ss123,S008,ss2,Fz,0.1090345504279904,0.9623843022150184
lab7040,full_day1,AP,tv_te_ss123,S009,ss2,Fx,0.1250767127864074,0.9064127683323964
lab7040,full_day1,AP,tv_te_ss123,S009,ss2,Fz,0.1149374453787899,0.9195019480075892
lab7040,full_day1,AP,tv_te_ss123,S010,ss2,Fx,0.0754445142242957,0.9582509528745646
lab7040,full_day1,AP,tv_te_ss123,S010,ss2,Fz,0.0647501185077174,0.970359099069403
lab7040,full_day1,AP,tv_te_ss123,S011,ss2,Fx,0.0647306890172972,0.9762566405692444
lab7040,full_day1,AP,tv_te_ss123,S011,ss2,Fz,0.1029967815103439,0.9779454853295096
lab7040,full_day1,AP,tv_te_ss123,S012,ss2,Fx,0.0743581684548771,0.9706006834680933
lab7040,full_day1,AP,tv_te_ss123,S012,ss2,Fz,0.0629273727459466,0.9782183596355476
lab7040,full_day1,AP,tv_te_ss123,S013,ss2,Fx,0.07123632166492,0.9665668170136492
lab7040,full_day1,AP,tv_te_ss123,S013,ss2,Fz,0.079233380251246,0.9571075858223752
lab7040,full_day1,AP,tv_te_ss123,S015,ss2,Fx,0.0656815497053169,0.9671617468442992
lab7040,full_day1,AP,tv_te_ss123,S015,ss2,Fz,0.0491864686151837,0.983745241984786
lab7040,full_day1,AP,tv_te_ss123,S016,ss2,Fx,0.0875929647055226,0.9537954276875747
lab7040,full_day1,AP,tv_te_ss123,S016,ss2,Fz,0.0846059738464779,0.9709245656431884
lab7040,full_day1,AP,tv_te_ss123,S017,ss2,Fx,0.0540906069340239,0.976335430247794
lab7040,full_day1,AP,tv_te_ss123,S017,ss2,Fz,0.052090167761721,0.9821023324929996
lab7040,full_day1,AP,tv_te_ss123,S018,ss2,Fx,0.0734403614417289,0.9579364099565718
lab7040,full_day1,AP,tv_te_ss123,S018,ss2,Fz,0.0653464010415742,0.9848219230205034
lab7040,full_day1,AP,tv_te_ss123,S019,ss2,Fx,0.1238419559957722,0.8872984967703342
lab7040,full_day1,AP,tv_te_ss123,S019,ss2,Fz,0.0769396802116921,0.96673285666067
lab7040,full_day1,AP,tv_te_ss123,S001,ss3,Fx,0.0633739674073341,0.9686697256380326
lab7040,full_day1,AP,tv_te_ss123,S001,ss3,Fz,0.0614536250207641,0.9827902016332116
lab7040,full_day1,AP,tv_te_ss123,S002,ss3,Fx,0.0783772155236552,0.9444645031931096
lab7040,full_day1,AP,tv_te_ss123,S002,ss3,Fz,0.0702333293006602,0.973208341793813
lab7040,full_day1,AP,tv_te_ss123,S003,ss3,Fx,0.048999328152506,0.9846665459535776
lab7040,full_day1,AP,tv_te_ss123,S003,ss3,Fz,0.0466323006397006,0.988356148180062
lab7040,full_day1,AP,tv_te_ss123,S004,ss3,Fx,0.0577676294733781,0.973878821422938
lab7040,full_day1,AP,tv_te_ss123,S004,ss3,Fz,0.0511077316740446,0.9879745859189863
lab7040,full_day1,AP,tv_te_ss123,S005,ss3,Fx,0.065417495893526,0.9620660140306472
lab7040,full_day1,AP,tv_te_ss123,S005,ss3,Fz,0.0770102788190437,0.968557272624272
lab7040,full_day1,AP,tv_te_ss123,S006,ss3,Fx,0.1019977206329387,0.925808140008174
lab7040,full_day1,AP,tv_te_ss123,S006,ss3,Fz,0.0685646917436421,0.9779773071076268
lab7040,full_day1,AP,tv_te_ss123,S007,ss3,Fx,0.0551373352219496,0.9734320869352772
lab7040,full_day1,AP,tv_te_ss123,S007,ss3,Fz,0.0594408046092495,0.981374389324104
lab7040,full_day1,AP,tv_te_ss123,S008,ss3,Fx,0.1027390353527533,0.937609895259534
lab7040,full_day1,AP,tv_te_ss123,S008,ss3,Fz,0.0997329556670381,0.9688170807792632
lab7040,full_day1,AP,tv_te_ss123,S009,ss3,Fx,0.1232226923628825,0.8956744979075546
lab7040,full_day1,AP,tv_te_ss123,S009,ss3,Fz,0.1146096194303236,0.9391116872465386
lab7040,full_day1,AP,tv_te_ss123,S010,ss3,Fx,0.0565669354971808,0.9757328578634074
lab7040,full_day1,AP,tv_te_ss123,S010,ss3,Fz,0.055560684983853,0.9801760522617936
lab7040,full_day1,AP,tv_te_ss123,S012,ss3,Fx,0.0620858785520449,0.9774246966812578
lab7040,full_day1,AP,tv_te_ss123,S012,ss3,Fz,0.058404972036182,0.9823784483208264
lab7040,full_day1,AP,tv_te_ss123,S013,ss3,Fx,0.0737099597822441,0.9708672278006012
lab7040,full_day1,AP,tv_te_ss123,S013,ss3,Fz,0.068858242118025,0.9757957632603228
lab7040,full_day1,AP,tv_te_ss123,S014,ss3,Fx,0.0988528650762172,0.9135815341809208
lab7040,full_day1,AP,tv_te_ss123,S014,ss3,Fz,0.0896587256110883,0.9595456368375578
lab7040,full_day1,AP,tv_te_ss123,S015,ss3,Fx,0.0643586630081519,0.9669588710276894
lab7040,full_day1,AP,tv_te_ss123,S015,ss3,Fz,0.0468402310783004,0.9864150547251052
lab7040,full_day1,AP,tv_te_ss123,S016,ss3,Fx,0.0816512621998018,0.9623506789226988
lab7040,full_day1,AP,tv_te_ss123,S016,ss3,Fz,0.0964270072860105,0.9678900719738416
lab7040,full_day1,AP,tv_te_ss123,S017,ss3,Fx,0.0547904525252656,0.9806935857987636
lab7040,full_day1,AP,tv_te_ss123,S017,ss3,Fz,0.0699558561379264,0.9773999481058524
lab7040,full_day1,AP,tv_te_ss123,S018,ss3,Fx,0.0580432488287285,0.9723475283083408
lab7040,full_day1,AP,tv_te_ss123,S018,ss3,Fz,0.0497393528596617,0.9904227376024256
lab7040,full_day1,AP,tv_te_ss123,S019,ss3,Fx,0.0696552894206232,0.9641277849021042
lab7040,full_day1,AP,tv_te_ss123,S019,ss3,Fz,0.0541650078662004,0.9860352179138432
lab7040,full_day1,APVT,tv_te_ss2,S001,ss2,Fx,0.0684756938536908,0.967902058030508
lab7040,full_day1,APVT,tv_te_ss2,S001,ss2,Fz,0.0587073061105215,0.9810662677249612
lab7040,full_day1,APVT,tv_te_ss2,S002,ss2,Fx,0.1082613208042801,0.8916921330768287
lab7040,full_day1,APVT,tv_te_ss2,S002,ss2,Fz,0.0720399932730631,0.9683113317785614
lab7040,full_day1,APVT,tv_te_ss2,S003,ss2,Fx,0.0768064112817536,0.9508353300864733
lab7040,full_day1,APVT,tv_te_ss2,S003,ss2,Fz,0.0605647889387005,0.9807259977929784
lab7040,full_day1,APVT,tv_te_ss2,S004,ss2,Fx,0.0780949308182067,0.953184000183675
lab7040,full_day1,APVT,tv_te_ss2,S004,ss2,Fz,0.0847459799997706,0.9678735584474892
lab7040,full_day1,APVT,tv_te_ss2,S005,ss2,Fx,0.0758011825917396,0.9493737644434612
lab7040,full_day1,APVT,tv_te_ss2,S005,ss2,Fz,0.094065494099719,0.9554150592697026
lab7040,full_day1,APVT,tv_te_ss2,S006,ss2,Fx,0.0931036542128888,0.9426436788620536
lab7040,full_day1,APVT,tv_te_ss2,S006,ss2,Fz,0.0757159774971207,0.9669638849518124
lab7040,full_day1,APVT,tv_te_ss2,S007,ss2,Fx,0.0634431546240336,0.9647815316075112
lab7040,full_day1,APVT,tv_te_ss2,S007,ss2,Fz,0.0717016856951244,0.9686178670174672
lab7040,full_day1,APVT,tv_te_ss2,S008,ss2,Fx,0.0914092057960102,0.9390517485219486
lab7040,full_day1,APVT,tv_te_ss2,S008,ss2,Fz,0.1129491357570982,0.9600088456680196
lab7040,full_day1,APVT,tv_te_ss2,S009,ss2,Fx,0.1130793459067914,0.9046422773397648
lab7040,full_day1,APVT,tv_te_ss2,S009,ss2,Fz,0.1017213277538419,0.9348540310045772
lab7040,full_day1,APVT,tv_te_ss2,S010,ss2,Fx,0.0700169860789916,0.9631361159023148
lab7040,full_day1,APVT,tv_te_ss2,S010,ss2,Fz,0.0626627175083494,0.9716147084873834
lab7040,full_day1,APVT,tv_te_ss2,S011,ss2,Fx,0.0656238427256272,0.9608006121369542
lab7040,full_day1,APVT,tv_te_ss2,S011,ss2,Fz,0.1052246134001143,0.9794356622221624
lab7040,full_day1,APVT,tv_te_ss2,S012,ss2,Fx,0.0809652077687642,0.9580534986238756
lab7040,full_day1,APVT,tv_te_ss2,S012,ss2,Fz,0.0768997434069611,0.976490134742212
lab7040,full_day1,APVT,tv_te_ss2,S013,ss2,Fx,0.0743707491835115,0.9562166408445988
lab7040,full_day1,APVT,tv_te_ss2,S013,ss2,Fz,0.0811327421239604,0.9543907595077252
lab7040,full_day1,APVT,tv_te_ss2,S015,ss2,Fx,0.0655051889911604,0.9668761591624868
lab7040,full_day1,APVT,tv_te_ss2,S015,ss2,Fz,0.0499701041199754,0.9825284243527452
lab7040,full_day1,APVT,tv_te_ss2,S016,ss2,Fx,0.0807292697089677,0.9512124360153676
lab7040,full_day1,APVT,tv_te_ss2,S016,ss2,Fz,0.0881121285927702,0.95389802891141
lab7040,full_day1,APVT,tv_te_ss2,S017,ss2,Fx,0.0588716119522755,0.9746448050369588
lab7040,full_day1,APVT,tv_te_ss2,S017,ss2,Fz,0.0481318184742578,0.9845182435365368
lab7040,full_day1,APVT,tv_te_ss2,S018,ss2,Fx,0.1035665061983483,0.9122304097664564
lab7040,full_day1,APVT,tv_te_ss2,S018,ss2,Fz,0.0709359970103381,0.9727035204403874
lab7040,full_day1,APVT,tv_te_ss2,S019,ss2,Fx,0.128192235591919,0.8825017155722723
lab7040,full_day1,APVT,tv_te_ss2,S019,ss2,Fz,0.082742491561842,0.9627481117996124
lab7040,full_day1,VT,tv_te_ss3,S001,ss3,Fx,0.0589969060776404,0.9713186383052468
lab7040,full_day1,VT,tv_te_ss3,S001,ss3,Fz,0.0581241829633943,0.9836616535319532
lab7040,full_day1,VT,tv_te_ss3,S002,ss3,Fx,0.1019673851916338,0.9246281660657149
lab7040,full_day1,VT,tv_te_ss3,S002,ss3,Fz,0.0803888923160397,0.967236433716288
lab7040,full_day1,VT,tv_te_ss3,S003,ss3,Fx,0.0398728609308073,0.9879478691807236
lab7040,full_day1,VT,tv_te_ss3,S003,ss3,Fz,0.052357598232696,0.986154155664302
lab7040,full_day1,VT,tv_te_ss3,S004,ss3,Fx,0.0556366121042751,0.9740081388291376
lab7040,full_day1,VT,tv_te_ss3,S004,ss3,Fz,0.0542824792999011,0.985133539483058
lab7040,full_day1,VT,tv_te_ss3,S005,ss3,Fx,0.0816626931283977,0.9395109576395578
lab7040,full_day1,VT,tv_te_ss3,S005,ss3,Fz,0.0792944481659682,0.9657145351814496
lab7040,full_day1,VT,tv_te_ss3,S006,ss3,Fx,0.0935175377496336,0.9386145746177292
lab7040,full_day1,VT,tv_te_ss3,S006,ss3,Fz,0.0698657884366263,0.977853176788716
lab7040,full_day1,VT,tv_te_ss3,S007,ss3,Fx,0.0521423640180478,0.9766304814718646
lab7040,full_day1,VT,tv_te_ss3,S007,ss3,Fz,0.0646985784096843,0.9791217661938992
lab7040,full_day1,VT,tv_te_ss3,S008,ss3,Fx,0.0992535286609198,0.923975296674394
lab7040,full_day1,VT,tv_te_ss3,S008,ss3,Fz,0.0976777896473077,0.966926490550546
lab7040,full_day1,VT,tv_te_ss3,S009,ss3,Fx,0.1300427318154372,0.8862189390935745
lab7040,full_day1,VT,tv_te_ss3,S009,ss3,Fz,0.1341205317912522,0.908629197110882
lab7040,full_day1,VT,tv_te_ss3,S010,ss3,Fx,0.0564813909751421,0.9723599368601455
lab7040,full_day1,VT,tv_te_ss3,S010,ss3,Fz,0.0546719400525597,0.9800827263461634
lab7040,full_day1,VT,tv_te_ss3,S012,ss3,Fx,0.0633642869598306,0.9709321199318024
lab7040,full_day1,VT,tv_te_ss3,S012,ss3,Fz,0.0717520207191708,0.9722436061226386
lab7040,full_day1,VT,tv_te_ss3,S013,ss3,Fx,0.0665438840638409,0.9654015750471016
lab7040,full_day1,VT,tv_te_ss3,S013,ss3,Fz,0.0782748993418569,0.9632974397545988
lab7040,full_day1,VT,tv_te_ss3,S014,ss3,Fx,0.080949984511898,0.9429355774709216
lab7040,full_day1,VT,tv_te_ss3,S014,ss3,Fz,0.0802829763016896,0.965186044441178
lab7040,full_day1,VT,tv_te_ss3,S015,ss3,Fx,0.0699730920135406,0.9599207049604618
lab7040,full_day1,VT,tv_te_ss3,S015,ss3,Fz,0.0440500599422372,0.9869230241065092
lab7040,full_day1,VT,tv_te_ss3,S016,ss3,Fx,0.110082577611161,0.896843551674533
lab7040,full_day1,VT,tv_te_ss3,S016,ss3,Fz,0.0962905800544298,0.9637536035111692
lab7040,full_day1,VT,tv_te_ss3,S017,ss3,Fx,0.0654860878743738,0.9701572488936092
lab7040,full_day1,VT,tv_te_ss3,S017,ss3,Fz,0.0654674229238923,0.9775518634079418
lab7040,full_day1,VT,tv_te_ss3,S018,ss3,Fx,0.0661883776718188,0.9618273989436916
lab7040,full_day1,VT,tv_te_ss3,S018,ss3,Fz,0.0518465385061245,0.9872840979792604
lab7040,full_day1,VT,tv_te_ss3,S019,ss3,Fx,0.0621737022960525,0.9702669389138794
lab7040,full_day1,VT,tv_te_ss3,S019,ss3,Fz,0.0585273912005404,0.9841301039664214
lab7046,full_day1,VT,tv_ss2__te_ss1ss3,S001,ss1,Fx,0.1267617691187825,0.9430395765600686
lab7046,full_day1,VT,tv_ss2__te_ss1ss3,S001,ss1,Fz,0.0902981642425105,0.9523567313833377
lab7046,full_day1,VT,tv_ss2__te_ss1ss3,S002,ss1,Fx,0.1909385528612963,0.7789621166165202
lab7046,full_day1,VT,tv_ss2__te_ss1ss3,S002,ss1,Fz,0.1234650559447717,0.8930407872427237
lab7046,full_day1,VT,tv_ss2__te_ss1ss3,S003,ss1,Fx,0.0843183174287866,0.9555920654205966
lab7046,full_day1,VT,tv_ss2__te_ss1ss3,S003,ss1,Fz,0.0989689183664005,0.9498466203613252
lab7046,full_day1,VT,tv_ss2__te_ss1ss3,S004,ss1,Fx,0.101825301654245,0.9336609062323108
lab7046,full_day1,VT,tv_ss2__te_ss1ss3,S004,ss1,Fz,0.1004450151782448,0.9488428832362414
lab7046,full_day1,VT,tv_ss2__te_ss1ss3,S005,ss1,Fx,0.12980896120014,0.9177488536416484
lab7046,full_day1,VT,tv_ss2__te_ss1ss3,S005,ss1,Fz,0.1409196175469508,0.922237821280928
lab7046,full_day1,VT,tv_ss2__te_ss1ss3,S006,ss1,Fx,0.0836496892978501,0.9554127405768804
lab7046,full_day1,VT,tv_ss2__te_ss1ss3,S006,ss1,Fz,0.0783963776101401,0.9548846879372904
lab7046,full_day1,VT,tv_ss2__te_ss1ss3,S007,ss1,Fx,0.1019216075360928,0.9281133030312858
lab7046,full_day1,VT,tv_ss2__te_ss1ss3,S007,ss1,Fz,0.1160239651839538,0.9187573364463552
lab7046,full_day1,VT,tv_ss2__te_ss1ss3,S008,ss1,Fx,0.0864931279230839,0.9497837780146136
lab7046,full_day1,VT,tv_ss2__te_ss1ss3,S008,ss1,Fz,0.1326490517051303,0.9420224574005504
lab7046,full_day1,VT,tv_ss2__te_ss1ss3,S009,ss1,Fx,0.1407825122963506,0.8985840532377762
lab7046,full_day1,VT,tv_ss2__te_ss1ss3,S009,ss1,Fz,0.1464975164881482,0.8586947749062335
lab7046,full_day1,VT,tv_ss2__te_ss1ss3,S010,ss1,Fx,0.1085392271186146,0.8957163573981233
lab7046,full_day1,VT,tv_ss2__te_ss1ss3,S010,ss1,Fz,0.0922306359832833,0.9231636293609222
lab7046,full_day1,VT,tv_ss2__te_ss1ss3,S011,ss1,Fx,0.1317635766875738,0.9271678913878062
lab7046,full_day1,VT,tv_ss2__te_ss1ss3,S011,ss1,Fz,0.147919106552889,0.9497334699641552
lab7046,full_day1,VT,tv_ss2__te_ss1ss3,S012,ss1,Fx,0.081289648072941,0.9560770545944955
lab7046,full_day1,VT,tv_ss2__te_ss1ss3,S012,ss1,Fz,0.0959308931482685,0.9422648174975846
lab7046,full_day1,VT,tv_ss2__te_ss1ss3,S013,ss1,Fx,0.1242893576284683,0.9094209900590784
lab7046,full_day1,VT,tv_ss2__te_ss1ss3,S013,ss1,Fz,0.1178398058058992,0.8979853640252611
lab7046,full_day1,VT,tv_ss2__te_ss1ss3,S015,ss1,Fx,0.1125143073800998,0.924194979359148
lab7046,full_day1,VT,tv_ss2__te_ss1ss3,S015,ss1,Fz,0.0830116710684795,0.9479940532478892
lab7046,full_day1,VT,tv_ss2__te_ss1ss3,S016,ss1,Fx,0.2204053072513271,0.713465793965048
lab7046,full_day1,VT,tv_ss2__te_ss1ss3,S016,ss1,Fz,0.1529100741028674,0.8604086700436689
lab7046,full_day1,VT,tv_ss2__te_ss1ss3,S017,ss1,Fx,0.1252426974688905,0.9254804116411376
lab7046,full_day1,VT,tv_ss2__te_ss1ss3,S017,ss1,Fz,0.0722427558269721,0.9455663047811248
lab7046,full_day1,VT,tv_ss2__te_ss1ss3,S018,ss1,Fx,0.1473210584730377,0.8746842732329332
lab7046,full_day1,VT,tv_ss2__te_ss1ss3,S018,ss1,Fz,0.0972814684291164,0.9407305532216242
lab7046,full_day1,VT,tv_ss2__te_ss1ss3,S019,ss1,Fx,0.1613896311973606,0.8911942921379853
lab7046,full_day1,VT,tv_ss2__te_ss1ss3,S019,ss1,Fz,0.0901886565198041,0.9580303679092724
lab7046,full_day1,VT,tv_ss2__te_ss1ss3,S001,ss3,Fx,0.0889790009390824,0.9620307116405284
lab7046,full_day1,VT,tv_ss2__te_ss1ss3,S001,ss3,Fz,0.0789642518625086,0.978376132990399
lab7046,full_day1,VT,tv_ss2__te_ss1ss3,S002,ss3,Fx,0.0816807799530912,0.9383455558702744
lab7046,full_day1,VT,tv_ss2__te_ss1ss3,S002,ss3,Fz,0.0799050001598255,0.9718693249651276
lab7046,full_day1,VT,tv_ss2__te_ss1ss3,S003,ss3,Fx,0.0979420875183293,0.9346246715716992
lab7046,full_day1,VT,tv_ss2__te_ss1ss3,S003,ss3,Fz,0.071132247349358,0.97286080055935
lab7046,full_day1,VT,tv_ss2__te_ss1ss3,S004,ss3,Fx,0.1139130401411835,0.9023599914301856
lab7046,full_day1,VT,tv_ss2__te_ss1ss3,S004,ss3,Fz,0.0880149283974515,0.9699324176816044
lab7046,full_day1,VT,tv_ss2__te_ss1ss3,S005,ss3,Fx,0.0985310171571159,0.9146785587851756
lab7046,full_day1,VT,tv_ss2__te_ss1ss3,S005,ss3,Fz,0.0940200728176501,0.9589438461754785
lab7046,full_day1,VT,tv_ss2__te_ss1ss3,S006,ss3,Fx,0.113221726600811,0.910004275433323
lab7046,full_day1,VT,tv_ss2__te_ss1ss3,S006,ss3,Fz,0.0883351778269492,0.9709501985437332
lab7046,full_day1,VT,tv_ss2__te_ss1ss3,S007,ss3,Fx,0.0898684602573648,0.9505206057004888
lab7046,full_day1,VT,tv_ss2__te_ss1ss3,S007,ss3,Fz,0.0638476268738588,0.9789810684583764
lab7046,full_day1,VT,tv_ss2__te_ss1ss3,S008,ss3,Fx,0.1250129543012103,0.909760049105918
lab7046,full_day1,VT,tv_ss2__te_ss1ss3,S008,ss3,Fz,0.121899469719275,0.959495175347229
lab7046,full_day1,VT,tv_ss2__te_ss1ss3,S009,ss3,Fx,0.1260054472889487,0.8609286962972612
lab7046,full_day1,VT,tv_ss2__te_ss1ss3,S009,ss3,Fz,0.1226160319801248,0.9334320211396367
lab7046,full_day1,VT,tv_ss2__te_ss1ss3,S010,ss3,Fx,0.0819534123807265,0.9664393338506858
lab7046,full_day1,VT,tv_ss2__te_ss1ss3,S010,ss3,Fz,0.0806470562876029,0.9641483283323669
lab7046,full_day1,VT,tv_ss2__te_ss1ss3,S012,ss3,Fx,0.0898934786785171,0.9590498172289474
lab7046,full_day1,VT,tv_ss2__te_ss1ss3,S012,ss3,Fz,0.0795534762081487,0.9741036581841532
lab7046,full_day1,VT,tv_ss2__te_ss1ss3,S013,ss3,Fx,0.0774077736359505,0.9702581592641956
lab7046,full_day1,VT,tv_ss2__te_ss1ss3,S013,ss3,Fz,0.0828346472801919,0.9691071383010844
lab7046,full_day1,VT,tv_ss2__te_ss1ss3,S015,ss3,Fx,0.0954667156678117,0.9151549395235116
lab7046,full_day1,VT,tv_ss2__te_ss1ss3,S015,ss3,Fz,0.0653335007811078,0.9799143413028376
lab7046,full_day1,VT,tv_ss2__te_ss1ss3,S016,ss3,Fx,0.0930872104352564,0.928478173756653
lab7046,full_day1,VT,tv_ss2__te_ss1ss3,S016,ss3,Fz,0.1105094348747274,0.9427920281850016
lab7046,full_day1,VT,tv_ss2__te_ss1ss3,S017,ss3,Fx,0.0769012800082726,0.9731045306464404
lab7046,full_day1,VT,tv_ss2__te_ss1ss3,S017,ss3,Fz,0.0880304468159286,0.9661810048757924
lab7046,full_day1,VT,tv_ss2__te_ss1ss3,S018,ss3,Fx,0.0853922594534747,0.956403272509782
lab7046,full_day1,VT,tv_ss2__te_ss1ss3,S018,ss3,Fz,0.0792931058919229,0.9723846067774928
lab7046,full_day1,VT,tv_ss2__te_ss1ss3,S019,ss3,Fx,0.0902633188234771,0.9515143368314284
lab7046,full_day1,VT,tv_ss2__te_ss1ss3,S019,ss3,Fz,0.0732606129318394,0.9824113143004944
lab7046,full_day1,APVT,tv_ss3__te_ss1ss2,S001,ss1,Fx,0.174336632798576,0.910499166584163
lab7046,full_day1,APVT,tv_ss3__te_ss1ss2,S001,ss1,Fz,0.1105331575316349,0.9477104411958333
lab7046,full_day1,APVT,tv_ss3__te_ss1ss2,S002,ss1,Fx,0.3510684433988933,0.4231321673310702
lab7046,full_day1,APVT,tv_ss3__te_ss1ss2,S002,ss1,Fz,0.1961753090364231,0.7831131929000931
lab7046,full_day1,APVT,tv_ss3__te_ss1ss2,S003,ss1,Fx,0.1407396706847296,0.9062443717177956
lab7046,full_day1,APVT,tv_ss3__te_ss1ss2,S003,ss1,Fz,0.1771802341337508,0.8666280087744094
lab7046,full_day1,APVT,tv_ss3__te_ss1ss2,S004,ss1,Fx,0.1995666595929487,0.7137600250721042
lab7046,full_day1,APVT,tv_ss3__te_ss1ss2,S004,ss1,Fz,0.1859801431465189,0.8906984774558221
lab7046,full_day1,APVT,tv_ss3__te_ss1ss2,S005,ss1,Fx,0.2212230645444171,0.7723554022761575
lab7046,full_day1,APVT,tv_ss3__te_ss1ss2,S005,ss1,Fz,0.1902185725352728,0.8715721745398335
lab7046,full_day1,APVT,tv_ss3__te_ss1ss2,S006,ss1,Fx,0.1200809697026883,0.9266156763054574
lab7046,full_day1,APVT,tv_ss3__te_ss1ss2,S006,ss1,Fz,0.144743173692038,0.9103903290719084
lab7046,full_day1,APVT,tv_ss3__te_ss1ss2,S007,ss1,Fx,0.1297586934319395,0.9112461061762568
lab7046,full_day1,APVT,tv_ss3__te_ss1ss2,S007,ss1,Fz,0.1788307782331356,0.919602804087748
lab7046,full_day1,APVT,tv_ss3__te_ss1ss2,S008,ss1,Fx,0.1638056665333412,0.8993150134221783
lab7046,full_day1,APVT,tv_ss3__te_ss1ss2,S008,ss1,Fz,0.1844912934732761,0.875760241448675
lab7046,full_day1,APVT,tv_ss3__te_ss1ss2,S009,ss1,Fx,0.2172283941103577,0.865319600566662
lab7046,full_day1,APVT,tv_ss3__te_ss1ss2,S009,ss1,Fz,0.19393100238345,0.8384907480917912
lab7046,full_day1,APVT,tv_ss3__te_ss1ss2,S010,ss1,Fx,0.2266073135281416,0.7487163628342016
lab7046,full_day1,APVT,tv_ss3__te_ss1ss2,S010,ss1,Fz,0.1297239411529425,0.8569601423704956
lab7046,full_day1,APVT,tv_ss3__te_ss1ss2,S012,ss1,Fx,0.1358190508041533,0.8643647661987796
lab7046,full_day1,APVT,tv_ss3__te_ss1ss2,S012,ss1,Fz,0.1259727467887884,0.9378480676011388
lab7046,full_day1,APVT,tv_ss3__te_ss1ss2,S013,ss1,Fx,0.210998711379218,0.6807316170339166
lab7046,full_day1,APVT,tv_ss3__te_ss1ss2,S013,ss1,Fz,0.2147158505853611,0.813067377848986
lab7046,full_day1,APVT,tv_ss3__te_ss1ss2,S014,ss1,Fx,0.138865440433959,0.9034605379178678
lab7046,full_day1,APVT,tv_ss3__te_ss1ss2,S014,ss1,Fz,0.1845099275078187,0.8579288823496449
lab7046,full_day1,APVT,tv_ss3__te_ss1ss2,S015,ss1,Fx,0.1711897429228376,0.8827234379812918
lab7046,full_day1,APVT,tv_ss3__te_ss1ss2,S015,ss1,Fz,0.0992894431215812,0.9462397030693722
lab7046,full_day1,APVT,tv_ss3__te_ss1ss2,S016,ss1,Fx,0.3242957979026295,0.4430581046509143
lab7046,full_day1,APVT,tv_ss3__te_ss1ss2,S016,ss1,Fz,0.202933660592192,0.8442623720771317
lab7046,full_day1,APVT,tv_ss3__te_ss1ss2,S017,ss1,Fx,0.2040035615228408,0.8234671585539125
lab7046,full_day1,APVT,tv_ss3__te_ss1ss2,S017,ss1,Fz,0.1023726130675408,0.9053932967961884
lab7046,full_day1,APVT,tv_ss3__te_ss1ss2,S018,ss1,Fx,0.254305174669424,0.6894451147296493
lab7046,full_day1,APVT,tv_ss3__te_ss1ss2,S018,ss1,Fz,0.1575037935287041,0.9152280249665136
lab7046,full_day1,APVT,tv_ss3__te_ss1ss2,S019,ss1,Fx,0.3007298953641142,0.7380434490462248
lab7046,full_day1,APVT,tv_ss3__te_ss1ss2,S019,ss1,Fz,0.1714833860919498,0.9124261194904756
lab7046,full_day1,APVT,tv_ss3__te_ss1ss2,S001,ss2,Fx,0.0865103736665611,0.9541136933113444
lab7046,full_day1,APVT,tv_ss3__te_ss1ss2,S001,ss2,Fz,0.0628104952301489,0.9768486957429628
lab7046,full_day1,APVT,tv_ss3__te_ss1ss2,S002,ss2,Fx,0.179318137326332,0.7876406629677336
lab7046,full_day1,APVT,tv_ss3__te_ss1ss2,S002,ss2,Fz,0.1009713191980345,0.9467781344425544
lab7046,full_day1,APVT,tv_ss3__te_ss1ss2,S003,ss2,Fx,0.0758764252041251,0.9746301876681114
lab7046,full_day1,APVT,tv_ss3__te_ss1ss2,S003,ss2,Fz,0.0754010410022969,0.9787044886414948
lab7046,full_day1,APVT,tv_ss3__te_ss1ss2,S004,ss2,Fx,0.104928570145991,0.9162396110018988
lab7046,full_day1,APVT,tv_ss3__te_ss1ss2,S004,ss2,Fz,0.1189409723549385,0.948060071692908
lab7046,full_day1,APVT,tv_ss3__te_ss1ss2,S005,ss2,Fx,0.1224634598502173,0.924171584244364
lab7046,full_day1,APVT,tv_ss3__te_ss1ss2,S005,ss2,Fz,0.1185599724565533,0.9414355137574784
lab7046,full_day1,APVT,tv_ss3__te_ss1ss2,S006,ss2,Fx,0.0885921245338144,0.9450645701991028
lab7046,full_day1,APVT,tv_ss3__te_ss1ss2,S006,ss2,Fz,0.0837143837688924,0.9599187791006824
lab7046,full_day1,APVT,tv_ss3__te_ss1ss2,S007,ss2,Fx,0.0664962346067059,0.9716242944926146
lab7046,full_day1,APVT,tv_ss3__te_ss1ss2,S007,ss2,Fz,0.1014215121976381,0.9632732232136144
lab7046,full_day1,APVT,tv_ss3__te_ss1ss2,S008,ss2,Fx,0.0917747847829065,0.9308586302598916
lab7046,full_day1,APVT,tv_ss3__te_ss1ss2,S008,ss2,Fz,0.1217732187855447,0.947968490619878
lab7046,full_day1,APVT,tv_ss3__te_ss1ss2,S009,ss2,Fx,0.1620606967977441,0.8555502984832949
lab7046,full_day1,APVT,tv_ss3__te_ss1ss2,S009,ss2,Fz,0.1202178314915006,0.928390020892826
lab7046,full_day1,APVT,tv_ss3__te_ss1ss2,S010,ss2,Fx,0.1140608220756349,0.9127208853447936
lab7046,full_day1,APVT,tv_ss3__te_ss1ss2,S010,ss2,Fz,0.083753163249422,0.9523757417613934
lab7046,full_day1,APVT,tv_ss3__te_ss1ss2,S012,ss2,Fx,0.0762281373938772,0.961820163168794
lab7046,full_day1,APVT,tv_ss3__te_ss1ss2,S012,ss2,Fz,0.081187211201549,0.9732624753417192
lab7046,full_day1,APVT,tv_ss3__te_ss1ss2,S013,ss2,Fx,0.1212053439593483,0.9157270612565026
lab7046,full_day1,APVT,tv_ss3__te_ss1ss2,S013,ss2,Fz,0.1029194878568643,0.94443409272187
lab7046,full_day1,APVT,tv_ss3__te_ss1ss2,S015,ss2,Fx,0.1178206620691451,0.9241799639069326
lab7046,full_day1,APVT,tv_ss3__te_ss1ss2,S015,ss2,Fz,0.0595493766227359,0.9788106835189614
lab7046,full_day1,APVT,tv_ss3__te_ss1ss2,S016,ss2,Fx,0.1102422758188343,0.9416755559889476
lab7046,full_day1,APVT,tv_ss3__te_ss1ss2,S016,ss2,Fz,0.1011847035116327,0.9781492626518792
lab7046,full_day1,APVT,tv_ss3__te_ss1ss2,S017,ss2,Fx,0.0784424715752413,0.9679736844159824
lab7046,full_day1,APVT,tv_ss3__te_ss1ss2,S017,ss2,Fz,0.0517962947113992,0.977558856233782
lab7046,full_day1,APVT,tv_ss3__te_ss1ss2,S018,ss2,Fx,0.0996858771974307,0.9384502890486116
lab7046,full_day1,APVT,tv_ss3__te_ss1ss2,S018,ss2,Fz,0.0690643801759406,0.9817869490183124
lab7046,full_day1,APVT,tv_ss3__te_ss1ss2,S019,ss2,Fx,0.1787324922762394,0.8384019894800409
lab7046,full_day1,APVT,tv_ss3__te_ss1ss2,S019,ss2,Fz,0.0859111046422559,0.9630305319705296
lab7046,full_day1,VT,tv_te_ss123,S001,ss1,Fx,0.11684180649654,0.9410781603355484
lab7046,full_day1,VT,tv_te_ss123,S001,ss1,Fz,0.083512042336137,0.9582750710694834
lab7046,full_day1,VT,tv_te_ss123,S002,ss1,Fx,0.1394099711655964,0.8410371925508464
lab7046,full_day1,VT,tv_te_ss123,S002,ss1,Fz,0.0880628840947413,0.9348884913293486
lab7046,full_day1,VT,tv_te_ss123,S003,ss1,Fx,0.0818906790594262,0.9457338137826786
lab7046,full_day1,VT,tv_te_ss123,S003,ss1,Fz,0.0710002088734488,0.9633519423158412
lab7046,full_day1,VT,tv_te_ss123,S004,ss1,Fx,0.0723778653428596,0.9650523222143436
lab7046,full_day1,VT,tv_te_ss123,S004,ss1,Fz,0.078252859375153,0.9684557182826328
lab7046,full_day1,VT,tv_te_ss123,S005,ss1,Fx,0.0853273073166251,0.9467550209950756
lab7046,full_day1,VT,tv_te_ss123,S005,ss1,Fz,0.0985176456824312,0.9461567640937694
lab7046,full_day1,VT,tv_te_ss123,S006,ss1,Fx,0.0851822683584391,0.9559385748544758
lab7046,full_day1,VT,tv_te_ss123,S006,ss1,Fz,0.067245606503513,0.964995408098185
lab7046,full_day1,VT,tv_te_ss123,S007,ss1,Fx,0.0783625496885411,0.951208874961255
lab7046,full_day1,VT,tv_te_ss123,S007,ss1,Fz,0.0883345817165516,0.9547979264668184
lab7046,full_day1,VT,tv_te_ss123,S008,ss1,Fx,0.0739937909637446,0.9570804785486244
lab7046,full_day1,VT,tv_te_ss123,S008,ss1,Fz,0.1126806371813051,0.953560355187733
lab7046,full_day1,VT,tv_te_ss123,S009,ss1,Fx,0.1225121973887806,0.9009511586150888
lab7046,full_day1,VT,tv_te_ss123,S009,ss1,Fz,0.1115364498914146,0.8964732081435607
lab7046,full_day1,VT,tv_te_ss123,S010,ss1,Fx,0.0939688149146097,0.927773467377338
lab7046,full_day1,VT,tv_te_ss123,S010,ss1,Fz,0.0725519235320829,0.944891029352144
lab7046,full_day1,VT,tv_te_ss123,S011,ss1,Fx,0.0814501255144364,0.9662158247374868
lab7046,full_day1,VT,tv_te_ss123,S011,ss1,Fz,0.117417460587908,0.9687799669061204
lab7046,full_day1,VT,tv_te_ss123,S012,ss1,Fx,0.0706846297727842,0.9661603705151982
lab7046,full_day1,VT,tv_te_ss123,S012,ss1,Fz,0.0741225628973738,0.9638347257839835
lab7046,full_day1,VT,tv_te_ss123,S013,ss1,Fx,0.090884492676799,0.932203225322582
lab7046,full_day1,VT,tv_te_ss123,S013,ss1,Fz,0.0919777701961871,0.934133234344367
lab7046,full_day1,VT,tv_te_ss123,S014,ss1,Fx,0.0914340910764072,0.9329943606490034
lab7046,full_day1,VT,tv_te_ss123,S014,ss1,Fz,0.1157507556023913,0.902088272251731
lab7046,full_day1,VT,tv_te_ss123,S015,ss1,Fx,0.0957611643631959,0.9398420154027652
lab7046,full_day1,VT,tv_te_ss123,S015,ss1,Fz,0.0674087152118473,0.966138412723576
lab7046,full_day1,VT,tv_te_ss123,S016,ss1,Fx,0.2247075543723573,0.6529100173054774
lab7046,full_day1,VT,tv_te_ss123,S016,ss1,Fz,0.1709540966595554,0.8122326229081186
lab7046,full_day1,VT,tv_te_ss123,S017,ss1,Fx,0.0758460271588576,0.960611935737206
lab7046,full_day1,VT,tv_te_ss123,S017,ss1,Fz,0.0523285644715188,0.9755810191680708
lab7046,full_day1,VT,tv_te_ss123,S018,ss1,Fx,0.0886801900975206,0.9382882196187238
lab7046,full_day1,VT,tv_te_ss123,S018,ss1,Fz,0.0646651946147438,0.976752040857424
lab7046,full_day1,VT,tv_te_ss123,S019,ss1,Fx,0.1273546098819235,0.8932793167742098
lab7046,full_day1,VT,tv_te_ss123,S019,ss1,Fz,0.0788404724381758,0.9591341677548768
lab7046,full_day1,VT,tv_te_ss123,S001,ss2,Fx,0.0658117172365427,0.9692674378457664
lab7046,full_day1,VT,tv_te_ss123,S001,ss2,Fz,0.0607133386012985,0.9797623161821148
lab7046,full_day1,VT,tv_te_ss123,S002,ss2,Fx,0.0948819421855578,0.9331122437831212
lab7046,full_day1,VT,tv_te_ss123,S002,ss2,Fz,0.0635744656055818,0.9741689474541664
lab7046,full_day1,VT,tv_te_ss123,S003,ss2,Fx,0.0656107251083427,0.9725945146516362
lab7046,full_day1,VT,tv_te_ss123,S003,ss2,Fz,0.0571140766510427,0.980895132674092
lab7046,full_day1,VT,tv_te_ss123,S004,ss2,Fx,0.0876516776383352,0.9425350743623468
lab7046,full_day1,VT,tv_te_ss123,S004,ss2,Fz,0.0819971755941186,0.9677622660540524
lab7046,full_day1,VT,tv_te_ss123,S005,ss2,Fx,0.0680477411732574,0.9619103789324728
lab7046,full_day1,VT,tv_te_ss123,S005,ss2,Fz,0.0956694569215041,0.9565314579659222
lab7046,full_day1,VT,tv_te_ss123,S006,ss2,Fx,0.087786277298303,0.9476471486831144
lab7046,full_day1,VT,tv_te_ss123,S006,ss2,Fz,0.0657125269191341,0.9740209355454752
lab7046,full_day1,VT,tv_te_ss123,S007,ss2,Fx,0.0616051299819933,0.9681382137552432
lab7046,full_day1,VT,tv_te_ss123,S007,ss2,Fz,0.0771469948662097,0.9667937741258606
lab7046,full_day1,VT,tv_te_ss123,S008,ss2,Fx,0.0876991050589086,0.9351277186233932
lab7046,full_day1,VT,tv_te_ss123,S008,ss2,Fz,0.1014382521747802,0.965301861621194
lab7046,full_day1,VT,tv_te_ss123,S009,ss2,Fx,0.1339400444417688,0.8825932956222408
lab7046,full_day1,VT,tv_te_ss123,S009,ss2,Fz,0.1022856105170223,0.936927949658535
lab7046,full_day1,VT,tv_te_ss123,S010,ss2,Fx,0.0728522155630282,0.9637915568584122
lab7046,full_day1,VT,tv_te_ss123,S010,ss2,Fz,0.0557781605352719,0.977130148535514
lab7046,full_day1,VT,tv_te_ss123,S011,ss2,Fx,0.0736336215969866,0.9669996714065436
lab7046,full_day1,VT,tv_te_ss123,S011,ss2,Fz,0.1094809960896986,0.9759190787941946
lab7046,full_day1,VT,tv_te_ss123,S012,ss2,Fx,0.0698384856632691,0.9676059127278748
lab7046,full_day1,VT,tv_te_ss123,S012,ss2,Fz,0.0689613779196981,0.9788807760917628
lab7046,full_day1,VT,tv_te_ss123,S013,ss2,Fx,0.0840460740626857,0.9424118702485385
lab7046,full_day1,VT,tv_te_ss123,S013,ss2,Fz,0.0850004316033098,0.9486930842180268
lab7046,full_day1,VT,tv_te_ss123,S015,ss2,Fx,0.0853036809559454,0.957205470704356
lab7046,full_day1,VT,tv_te_ss123,S015,ss2,Fz,0.0431254027754727,0.9872797627294868
lab7046,full_day1,VT,tv_te_ss123,S016,ss2,Fx,0.0935729380840186,0.9481590210098324
lab7046,full_day1,VT,tv_te_ss123,S016,ss2,Fz,0.0708350759333624,0.978473027878654
lab7046,full_day1,VT,tv_te_ss123,S017,ss2,Fx,0.0509013338897504,0.979198807066183
lab7046,full_day1,VT,tv_te_ss123,S017,ss2,Fz,0.052657290949057,0.9802213670724564
lab7046,full_day1,VT,tv_te_ss123,S018,ss2,Fx,0.0780345370134698,0.9512201165131376
lab7046,full_day1,VT,tv_te_ss123,S018,ss2,Fz,0.0633418805313098,0.984313401219111
lab7046,full_day1,VT,tv_te_ss123,S019,ss2,Fx,0.1294997348097984,0.8784642244908939
lab7046,full_day1,VT,tv_te_ss123,S019,ss2,Fz,0.0788463182664504,0.9648735809887028
lab7046,full_day1,VT,tv_te_ss123,S001,ss3,Fx,0.0634323565958892,0.9676861791257604
lab7046,full_day1,VT,tv_te_ss123,S001,ss3,Fz,0.0570727032244296,0.9842282197594804
lab7046,full_day1,VT,tv_te_ss123,S002,ss3,Fx,0.0804374058902405,0.949194542314242
lab7046,full_day1,VT,tv_te_ss123,S002,ss3,Fz,0.065096534065619,0.9765454974406436
lab7046,full_day1,VT,tv_te_ss123,S003,ss3,Fx,0.0507207620860606,0.9841706857952398
lab7046,full_day1,VT,tv_te_ss123,S003,ss3,Fz,0.0461628754554149,0.9886849242894816
lab7046,full_day1,VT,tv_te_ss123,S004,ss3,Fx,0.0552636363776689,0.9755762519689688
lab7046,full_day1,VT,tv_te_ss123,S004,ss3,Fz,0.0502697074220656,0.987612507725482
lab7046,full_day1,VT,tv_te_ss123,S005,ss3,Fx,0.0742251208279923,0.9500247411189764
lab7046,full_day1,VT,tv_te_ss123,S005,ss3,Fz,0.0813207466441566,0.9677166803810936
lab7046,full_day1,VT,tv_te_ss123,S006,ss3,Fx,0.0950079295432183,0.9355838422878884
lab7046,full_day1,VT,tv_te_ss123,S006,ss3,Fz,0.0677887581263155,0.9765602468138548
lab7046,full_day1,VT,tv_te_ss123,S007,ss3,Fx,0.0524952724163145,0.9749952874060906
lab7046,full_day1,VT,tv_te_ss123,S007,ss3,Fz,0.0607934222195728,0.9808452726008288
lab7046,full_day1,VT,tv_te_ss123,S008,ss3,Fx,0.104552370231879,0.920238955344829
lab7046,full_day1,VT,tv_te_ss123,S008,ss3,Fz,0.090168192792259,0.9707344766658728
lab7046,full_day1,VT,tv_te_ss123,S009,ss3,Fx,0.1222626034126505,0.8910571461226326
lab7046,full_day1,VT,tv_te_ss123,S009,ss3,Fz,0.1183454118743808,0.9408851091044388
lab7046,full_day1,VT,tv_te_ss123,S010,ss3,Fx,0.0544337849930196,0.9771808735148854
lab7046,full_day1,VT,tv_te_ss123,S010,ss3,Fz,0.0535409847285198,0.9810755862008318
lab7046,full_day1,VT,tv_te_ss123,S012,ss3,Fx,0.0561890206447085,0.9792858812294378
lab7046,full_day1,VT,tv_te_ss123,S012,ss3,Fz,0.0616415228034972,0.9821667032417756
lab7046,full_day1,VT,tv_te_ss123,S013,ss3,Fx,0.0692190713434681,0.9672008343766888
lab7046,full_day1,VT,tv_te_ss123,S013,ss3,Fz,0.0704310242737779,0.971711228793234
lab7046,full_day1,VT,tv_te_ss123,S014,ss3,Fx,0.1079560396533959,0.89397713262875
lab7046,full_day1,VT,tv_te_ss123,S014,ss3,Fz,0.0858475006363091,0.9599972761955174
lab7046,full_day1,VT,tv_te_ss123,S015,ss3,Fx,0.0648150774676941,0.9725269464629046
lab7046,full_day1,VT,tv_te_ss123,S015,ss3,Fz,0.045996579023658,0.9855538396649504
lab7046,full_day1,VT,tv_te_ss123,S016,ss3,Fx,0.0961040647428467,0.9384731146217294
lab7046,full_day1,VT,tv_te_ss123,S016,ss3,Fz,0.0836128324393957,0.9740423368945628
lab7046,full_day1,VT,tv_te_ss123,S017,ss3,Fx,0.0604727959275829,0.9756641626277672
lab7046,full_day1,VT,tv_te_ss123,S017,ss3,Fz,0.0725671212976157,0.9747003056248909
lab7046,full_day1,VT,tv_te_ss123,S018,ss3,Fx,0.0512569272015985,0.978135528206847
lab7046,full_day1,VT,tv_te_ss123,S018,ss3,Fz,0.0453903424149302,0.9906879699325264
lab7046,full_day1,VT,tv_te_ss123,S019,ss3,Fx,0.0767817693519438,0.9580560237048148
lab7046,full_day1,VT,tv_te_ss123,S019,ss3,Fz,0.0608869887047141,0.9843983491912084
lab7046,full_day1,AP,tv_te_ss2,S001,ss2,Fx,0.0733167552051627,0.968037347244718
lab7046,full_day1,AP,tv_te_ss2,S001,ss2,Fz,0.0664958020673811,0.9757405481350456
lab7046,full_day1,AP,tv_te_ss2,S002,ss2,Fx,0.1044448031777467,0.9199428100821314
lab7046,full_day1,AP,tv_te_ss2,S002,ss2,Fz,0.0738617300731727,0.9710781687768456
lab7046,full_day1,AP,tv_te_ss2,S003,ss2,Fx,0.0706271841899956,0.9596399510605352
lab7046,full_day1,AP,tv_te_ss2,S003,ss2,Fz,0.0588289149068085,0.980452631017261
lab7046,full_day1,AP,tv_te_ss2,S004,ss2,Fx,0.0794075060306554,0.9479265980741762
lab7046,full_day1,AP,tv_te_ss2,S004,ss2,Fz,0.0919586521044173,0.9669080337468174
lab7046,full_day1,AP,tv_te_ss2,S005,ss2,Fx,0.0722402078305827,0.9548097835282616
lab7046,full_day1,AP,tv_te_ss2,S005,ss2,Fz,0.1011755508282409,0.9515380114169444
lab7046,full_day1,AP,tv_te_ss2,S006,ss2,Fx,0.0929618879314635,0.9392331339039656
lab7046,full_day1,AP,tv_te_ss2,S006,ss2,Fz,0.0772675429818159,0.9652052475010628
lab7046,full_day1,AP,tv_te_ss2,S007,ss2,Fx,0.0653669601700375,0.9626770371148282
lab7046,full_day1,AP,tv_te_ss2,S007,ss2,Fz,0.0759454163086018,0.960900475263754
lab7046,full_day1,AP,tv_te_ss2,S008,ss2,Fx,0.0858777794905563,0.9441145067883042
lab7046,full_day1,AP,tv_te_ss2,S008,ss2,Fz,0.1060225101226046,0.9639948791533708
lab7046,full_day1,AP,tv_te_ss2,S009,ss2,Fx,0.1210878145578112,0.8904235624331552
lab7046,full_day1,AP,tv_te_ss2,S009,ss2,Fz,0.103629208806643,0.93840676560763
lab7046,full_day1,AP,tv_te_ss2,S010,ss2,Fx,0.0763916425565059,0.9524298499470768
lab7046,full_day1,AP,tv_te_ss2,S010,ss2,Fz,0.0631358194559178,0.9689962518324456
lab7046,full_day1,AP,tv_te_ss2,S011,ss2,Fx,0.0645686788495167,0.9620187732675028
lab7046,full_day1,AP,tv_te_ss2,S011,ss2,Fz,0.1114921488838057,0.9735961668054618
lab7046,full_day1,AP,tv_te_ss2,S012,ss2,Fx,0.0826338934624618,0.9568814783510062
lab7046,full_day1,AP,tv_te_ss2,S012,ss2,Fz,0.0668630703839537,0.9770752549583313
lab7046,full_day1,AP,tv_te_ss2,S013,ss2,Fx,0.0669871655165615,0.9652063717625328
lab7046,full_day1,AP,tv_te_ss2,S013,ss2,Fz,0.0817675273165214,0.9562669150776416
lab7046,full_day1,AP,tv_te_ss2,S015,ss2,Fx,0.0573228356805057,0.9736358808332776
lab7046,full_day1,AP,tv_te_ss2,S015,ss2,Fz,0.0493348537155319,0.9830493341304208
lab7046,full_day1,AP,tv_te_ss2,S016,ss2,Fx,0.080900772799832,0.9564515846733356
lab7046,full_day1,AP,tv_te_ss2,S016,ss2,Fz,0.0838831516440875,0.9596934755227788
lab7046,full_day1,AP,tv_te_ss2,S017,ss2,Fx,0.0530166063670829,0.9769337143697988
lab7046,full_day1,AP,tv_te_ss2,S017,ss2,Fz,0.0510537898290295,0.9815910824308084
lab7046,full_day1,AP,tv_te_ss2,S018,ss2,Fx,0.10619745690106,0.9093841269027952
lab7046,full_day1,AP,tv_te_ss2,S018,ss2,Fz,0.0733882632453801,0.9711679865191156
lab7046,full_day1,AP,tv_te_ss2,S019,ss2,Fx,0.1426761976898774,0.8521548441693058
lab7046,full_day1,AP,tv_te_ss2,S019,ss2,Fz,0.0761358859678548,0.9679153695440528
