host,data,session,subject,test_session,ch,nrmse,r
biomechserver,full_day1,tv_ss1__te_ss2ss3,S001,ss2,Fx,0.0839317154287364,0.959966909977213
biomechserver,full_day1,tv_ss1__te_ss2ss3,S001,ss2,Fz,0.0743679526737366,0.9775637744044514
biomechserver,full_day1,tv_ss1__te_ss2ss3,S001,ss3,Fx,0.1091574081337529,0.9277339607186316
biomechserver,full_day1,tv_ss1__te_ss2ss3,S001,ss3,Fz,0.088482094250331,0.9753557946535238
biomechserver,full_day1,tv_ss1__te_ss2ss3,S002,ss2,Fx,0.0810257379848179,0.9424141460611538
biomechserver,full_day1,tv_ss1__te_ss2ss3,S002,ss2,Fz,0.0917831765326762,0.9722116128110884
biomechserver,full_day1,tv_ss1__te_ss2ss3,S002,ss3,Fx,0.092569141285272,0.9340944497727696
biomechserver,full_day1,tv_ss1__te_ss2ss3,S002,ss3,Fz,0.114406638154192,0.965876884149846
biomechserver,full_day1,tv_ss1__te_ss2ss3,S003,ss2,Fx,0.0629386731936626,0.9805722483607676
biomechserver,full_day1,tv_ss1__te_ss2ss3,S003,ss2,Fz,0.0979626340747346,0.9699105334255212
biomechserver,full_day1,tv_ss1__te_ss2ss3,S003,ss3,Fx,0.0825100678588681,0.9757877230185058
biomechserver,full_day1,tv_ss1__te_ss2ss3,S003,ss3,Fz,0.1120874406043898,0.9596010465331988
biomechserver,full_day1,tv_ss1__te_ss2ss3,S004,ss2,Fx,0.1169215355730112,0.935735767245271
biomechserver,full_day1,tv_ss1__te_ss2ss3,S004,ss2,Fz,0.0903980948496903,0.956687371060637
biomechserver,full_day1,tv_ss1__te_ss2ss3,S004,ss3,Fx,0.1348464342442591,0.9216591773096416
biomechserver,full_day1,tv_ss1__te_ss2ss3,S004,ss3,Fz,0.091376791793396,0.9741417524412642
biomechserver,full_day1,tv_ss1__te_ss2ss3,S005,ss2,Fx,0.0864353792331767,0.9538548685999724
biomechserver,full_day1,tv_ss1__te_ss2ss3,S005,ss2,Fz,0.0985251787975272,0.9604628692567552
biomechserver,full_day1,tv_ss1__te_ss2ss3,S005,ss3,Fx,0.0946556792448281,0.9565393709941256
biomechserver,full_day1,tv_ss1__te_ss2ss3,S005,ss3,Fz,0.0785250154362086,0.9691984114714154
biomechserver,full_day1,tv_ss1__te_ss2ss3,S006,ss2,Fx,0.0878835966946069,0.9695872069925944
biomechserver,full_day1,tv_ss1__te_ss2ss3,S006,ss2,Fz,0.0896686089396082,0.9523795000270828
biomechserver,full_day1,tv_ss1__te_ss2ss3,S006,ss3,Fx,0.1048386219908222,0.951751037564653
biomechserver,full_day1,tv_ss1__te_ss2ss3,S006,ss3,Fz,0.098419992097047,0.958076306678378
biomechserver,full_day1,tv_ss1__te_ss2ss3,S007,ss2,Fx,0.0914980683927278,0.9545099766172394
biomechserver,full_day1,tv_ss1__te_ss2ss3,S007,ss2,Fz,0.0883253320767839,0.9562812181001976
biomechserver,full_day1,tv_ss1__te_ss2ss3,S007,ss3,Fx,0.1179612035087806,0.9282508964609886
biomechserver,full_day1,tv_ss1__te_ss2ss3,S007,ss3,Fz,0.082863043734309,0.9713254505530656
biomechserver,full_day1,tv_ss1__te_ss2ss3,S008,ss2,Fx,0.1136875567478501,0.9543137418666192
biomechserver,full_day1,tv_ss1__te_ss2ss3,S008,ss2,Fz,0.0915748170734485,0.9684646014998176
biomechserver,full_day1,tv_ss1__te_ss2ss3,S008,ss3,Fx,0.1267345753060279,0.9636036263247963
biomechserver,full_day1,tv_ss1__te_ss2ss3,S008,ss3,Fz,0.1049670062399669,0.956013309411704
biomechserver,full_day1,tv_ss1__te_ss2ss3,S009,ss2,Fx,0.0902200500703701,0.945514264189144
biomechserver,full_day1,tv_ss1__te_ss2ss3,S009,ss2,Fz,0.0865791874377726,0.9637352849811684
biomechserver,full_day1,tv_ss1__te_ss2ss3,S009,ss3,Fx,0.1051259472640032,0.9394110714039702
biomechserver,full_day1,tv_ss1__te_ss2ss3,S009,ss3,Fz,0.0913849088110631,0.967586954022365
biomechserver,full_day1,tv_ss1__te_ss2ss3,S010,ss2,Fx,0.0925073500028902,0.9599780885858988
biomechserver,full_day1,tv_ss1__te_ss2ss3,S010,ss2,Fz,0.0754247117726786,0.9734697380076625
biomechserver,full_day1,tv_ss1__te_ss2ss3,S010,ss3,Fx,0.1064140401480907,0.9420170794325924
biomechserver,full_day1,tv_ss1__te_ss2ss3,S010,ss3,Fz,0.0939101987601175,0.9702044843157946
biomechserver,full_day1,tv_ss1__te_ss2ss3,S011,ss2,Fx,0.0687170059713756,0.9650808541755774
biomechserver,full_day1,tv_ss1__te_ss2ss3,S011,ss2,Fz,0.1193552320559652,0.9680447654618732
biomechserver,full_day1,tv_ss1__te_ss2ss3,S012,ss2,Fx,0.1886151962076917,0.7523563197968279
biomechserver,full_day1,tv_ss1__te_ss2ss3,S012,ss2,Fz,0.1574308304890097,0.9311168901828472
biomechserver,full_day1,tv_ss1__te_ss2ss3,S013,ss2,Fx,0.088491656479942,0.955794891756974
biomechserver,full_day1,tv_ss1__te_ss2ss3,S013,ss2,Fz,0.0645056120813782,0.976424541704557
biomechserver,full_day1,tv_ss1__te_ss2ss3,S013,ss3,Fx,0.0824952307590799,0.9773502095066292
biomechserver,full_day1,tv_ss1__te_ss2ss3,S013,ss3,Fz,0.079641053188628,0.9650808372720162
biomechserver,full_day1,tv_ss1__te_ss2ss3,S014,ss3,Fx,0.1460951817436535,0.8803886051922399
biomechserver,full_day1,tv_ss1__te_ss2ss3,S014,ss3,Fz,0.1483978369737691,0.8726288997710528
biomechserver,full_day1,tv_ss1__te_ss2ss3,S015,ss2,Fx,0.0759337124841924,0.9579687137539008
biomechserver,full_day1,tv_ss1__te_ss2ss3,S015,ss2,Fz,0.0793042295488437,0.9682906001856804
biomechserver,full_day1,tv_ss1__te_ss2ss3,S015,ss3,Fx,0.1131212273063284,0.9132134423348096
biomechserver,full_day1,tv_ss1__te_ss2ss3,S015,ss3,Fz,0.1043835694317816,0.952516700060378
biomechserver,full_day1,tv_ss1__te_ss2ss3,S016,ss2,Fx,0.1052488348763828,0.9222789868423356
biomechserver,full_day1,tv_ss1__te_ss2ss3,S016,ss2,Fz,0.1149626752825061,0.950190594795436
biomechserver,full_day1,tv_ss1__te_ss2ss3,S016,ss3,Fx,0.1191131268534651,0.9017379678173936
biomechserver,full_day1,tv_ss1__te_ss2ss3,S016,ss3,Fz,0.1170796608599714,0.946554966190734
biomechserver,full_day1,tv_ss1__te_ss2ss3,S017,ss2,Fx,0.1031951717271597,0.9283248778034848
biomechserver,full_day1,tv_ss1__te_ss2ss3,S017,ss2,Fz,0.0750433862748957,0.96338057014196
biomechserver,full_day1,tv_ss1__te_ss2ss3,S017,ss3,Fx,0.1179563437087572,0.9348019622488408
biomechserver,full_day1,tv_ss1__te_ss2ss3,S017,ss3,Fz,0.0824977422802677,0.9775087554791608
biomechserver,full_day1,tv_ss1__te_ss2ss3,S018,ss2,Fx,0.0700617483437535,0.973557545176716
biomechserver,full_day1,tv_ss1__te_ss2ss3,S018,ss2,Fz,0.0664590064945448,0.9853821134396956
biomechserver,full_day1,tv_ss1__te_ss2ss3,S018,ss3,Fx,0.1146022470289536,0.92775792150916
biomechserver,full_day1,tv_ss1__te_ss2ss3,S018,ss3,Fz,0.0991975187193,0.9657453637753004
biomechserver,full_day1,tv_ss1__te_ss2ss3,S019,ss2,Fx,0.1021613745558358,0.9380534157535456
biomechserver,full_day1,tv_ss1__te_ss2ss3,S019,ss2,Fz,0.0928894997776452,0.9699997964844828
biomechserver,full_day1,tv_ss1__te_ss2ss3,S019,ss3,Fx,0.1275800555017798,0.9007384623190572
biomechserver,full_day1,tv_ss1__te_ss2ss3,S019,ss3,Fz,0.1278512082868238,0.9327855276161976
biomechserver,full_day1,tv_ss2__te_ss1ss3,S001,ss1,Fx,0.1198611895953515,0.8912745833136543
biomechserver,full_day1,tv_ss2__te_ss1ss3,S001,ss1,Fz,0.0707273732984675,0.9663665940146432
biomechserver,full_day1,tv_ss2__te_ss1ss3,S001,ss3,Fx,0.0669312816506629,0.9719350185308808
biomechserver,full_day1,tv_ss2__te_ss1ss3,S001,ss3,Fz,0.0457499027154888,0.9879246031437116
biomechserver,full_day1,tv_ss2__te_ss1ss3,S002,ss1,Fx,0.0982713595115818,0.9406060436763646
biomechserver,full_day1,tv_ss2__te_ss1ss3,S002,ss1,Fz,0.0914268918715054,0.9617141025981908
biomechserver,full_day1,tv_ss2__te_ss1ss3,S002,ss3,Fx,0.0666488423635506,0.965907146684431
biomechserver,full_day1,tv_ss2__te_ss1ss3,S002,ss3,Fz,0.0696411159149428,0.9834867975183093
biomechserver,full_day1,tv_ss2__te_ss1ss3,S003,ss1,Fx,0.2401944111547726,0.3833885659029343
biomechserver,full_day1,tv_ss2__te_ss1ss3,S003,ss1,Fz,0.2292649625177322,0.3891164158022085
biomechserver,full_day1,tv_ss2__te_ss1ss3,S003,ss3,Fx,0.0566980453288774,0.979942928130124
biomechserver,full_day1,tv_ss2__te_ss1ss3,S003,ss3,Fz,0.0763667516748768,0.9788085827588272
biomechserver,full_day1,tv_ss2__te_ss1ss3,S004,ss1,Fx,0.1401617382911891,0.9206986671988188
biomechserver,full_day1,tv_ss2__te_ss1ss3,S004,ss1,Fz,0.1181707544264218,0.9331818852670608
biomechserver,full_day1,tv_ss2__te_ss1ss3,S004,ss3,Fx,0.0845432900592048,0.9641214913276216
biomechserver,full_day1,tv_ss2__te_ss1ss3,S004,ss3,Fz,0.064554340448696,0.9790760568560408
biomechserver,full_day1,tv_ss2__te_ss1ss3,S005,ss1,Fx,0.0737596269560359,0.9601129975380908
biomechserver,full_day1,tv_ss2__te_ss1ss3,S005,ss1,Fz,0.1187572442511503,0.960398395131281
biomechserver,full_day1,tv_ss2__te_ss1ss3,S005,ss3,Fx,0.05899446777336,0.982231236181218
biomechserver,full_day1,tv_ss2__te_ss1ss3,S005,ss3,Fz,0.058149066531359,0.9857296379229225
biomechserver,full_day1,tv_ss2__te_ss1ss3,S006,ss1,Fx,0.0700530335135478,0.9660556145541828
biomechserver,full_day1,tv_ss2__te_ss1ss3,S006,ss1,Fz,0.0702329045979439,0.9711239475558434
biomechserver,full_day1,tv_ss2__te_ss1ss3,S006,ss3,Fx,0.0680761259211644,0.977318217544294
biomechserver,full_day1,tv_ss2__te_ss1ss3,S006,ss3,Fz,0.0552119175215977,0.9858202021089892
biomechserver,full_day1,tv_ss2__te_ss1ss3,S007,ss1,Fx,0.0873324046548318,0.950223380884216
biomechserver,full_day1,tv_ss2__te_ss1ss3,S007,ss1,Fz,0.0971080354378592,0.952473548271618
biomechserver,full_day1,tv_ss2__te_ss1ss3,S007,ss3,Fx,0.0757602325500106,0.9674019984839136
biomechserver,full_day1,tv_ss2__te_ss1ss3,S007,ss3,Fz,0.0470835074769858,0.988782782579576
biomechserver,full_day1,tv_ss2__te_ss1ss3,S008,ss1,Fx,0.0993888705038388,0.931406898372912
biomechserver,full_day1,tv_ss2__te_ss1ss3,S008,ss1,Fz,0.1114884747928568,0.9569323145232737
biomechserver,full_day1,tv_ss2__te_ss1ss3,S008,ss3,Fx,0.0887935012542855,0.9678601245354224
biomechserver,full_day1,tv_ss2__te_ss1ss3,S008,ss3,Fz,0.0826562727455288,0.9755282085313148
biomechserver,full_day1,tv_ss2__te_ss1ss3,S009,ss1,Fx,0.0892954044172542,0.9613132314431332
biomechserver,full_day1,tv_ss2__te_ss1ss3,S009,ss1,Fz,0.0873854362163992,0.9525048405950456
biomechserver,full_day1,tv_ss2__te_ss1ss3,S009,ss3,Fx,0.0504374233179735,0.9810196716639562
biomechserver,full_day1,tv_ss2__te_ss1ss3,S009,ss3,Fz,0.0610600708299338,0.9806743958198852
biomechserver,full_day1,tv_ss2__te_ss1ss3,S010,ss1,Fx,0.0910379914867737,0.9281280238304928
biomechserver,full_day1,tv_ss2__te_ss1ss3,S010,ss1,Fz,0.0642839607501471,0.9608091103597668
biomechserver,full_day1,tv_ss2__te_ss1ss3,S010,ss3,Fx,0.0645341239172869,0.9740894505905724
biomechserver,full_day1,tv_ss2__te_ss1ss3,S010,ss3,Fz,0.0563126958178214,0.9838215147687248
biomechserver,full_day1,tv_ss2__te_ss1ss3,S011,ss1,Fx,0.0859656321255697,0.9708040689142802
biomechserver,full_day1,tv_ss2__te_ss1ss3,S011,ss1,Fz,0.0883207372785916,0.974683598205642
biomechserver,full_day1,tv_ss2__te_ss1ss3,S012,ss1,Fx,0.3273807433176235,0.0375967355588375
biomechserver,full_day1,tv_ss2__te_ss1ss3,S012,ss1,Fz,0.3096100980898442,0.525247432423724
biomechserver,full_day1,tv_ss2__te_ss1ss3,S013,ss1,Fx,0.0887255775865073,0.948169248327404
biomechserver,full_day1,tv_ss2__te_ss1ss3,S013,ss1,Fz,0.0912721823031395,0.950205911970871
biomechserver,full_day1,tv_ss2__te_ss1ss3,S013,ss3,Fx,0.0407145385164432,0.9915822329890912
biomechserver,full_day1,tv_ss2__te_ss1ss3,S013,ss3,Fz,0.0573898359565824,0.9801589534203308
biomechserver,full_day1,tv_ss2__te_ss1ss3,S015,ss1,Fx,0.0918780556936849,0.9449789750289196
biomechserver,full_day1,tv_ss2__te_ss1ss3,S015,ss1,Fz,0.0828339107211197,0.9480004822475786
biomechserver,full_day1,tv_ss2__te_ss1ss3,S015,ss3,Fx,0.0828415621237193,0.9495667058663638
biomechserver,full_day1,tv_ss2__te_ss1ss3,S015,ss3,Fz,0.0528299061430913,0.9830556099225496
biomechserver,full_day1,tv_ss2__te_ss1ss3,S016,ss1,Fx,0.2244490303762678,0.6916242828626721
biomechserver,full_day1,tv_ss2__te_ss1ss3,S016,ss1,Fz,0.0820667558670329,0.9538781134307224
biomechserver,full_day1,tv_ss2__te_ss1ss3,S016,ss3,Fx,0.1340193061738918,0.8737645202908663
biomechserver,full_day1,tv_ss2__te_ss1ss3,S016,ss3,Fz,0.0869075396911383,0.9597839807899003
biomechserver,full_day1,tv_ss2__te_ss1ss3,S017,ss1,Fx,0.1010583296755395,0.940610320486827
biomechserver,full_day1,tv_ss2__te_ss1ss3,S017,ss1,Fz,0.0696142480124004,0.9535296807138702
biomechserver,full_day1,tv_ss2__te_ss1ss3,S017,ss3,Fx,0.0651649240148823,0.97353423212471
biomechserver,full_day1,tv_ss2__te_ss1ss3,S017,ss3,Fz,0.0562572309470286,0.9872379182122224
biomechserver,full_day1,tv_ss2__te_ss1ss3,S018,ss1,Fx,0.0824746522100863,0.9569584615915142
biomechserver,full_day1,tv_ss2__te_ss1ss3,S018,ss1,Fz,0.1035557128289243,0.9460932362197516
biomechserver,full_day1,tv_ss2__te_ss1ss3,S018,ss3,Fx,0.0664314721675197,0.972863866097131
biomechserver,full_day1,tv_ss2__te_ss1ss3,S018,ss3,Fz,0.0883062296109177,0.9636198352501218
biomechserver,full_day1,tv_ss2__te_ss1ss3,S019,ss1,Fx,0.1077569419009336,0.9391059249111756
biomechserver,full_day1,tv_ss2__te_ss1ss3,S019,ss1,Fz,0.1006320742062203,0.9376623963536652
biomechserver,full_day1,tv_ss2__te_ss1ss3,S019,ss3,Fx,0.0822035669405542,0.9564700015888746
biomechserver,full_day1,tv_ss2__te_ss1ss3,S019,ss3,Fz,0.0949840921117218,0.945968721645014
lab6079,full_day1,tv_ss3__te_ss1ss2,S001,ss1,Fx,0.1704221276584999,0.8310620433656485
lab6079,full_day1,tv_ss3__te_ss1ss2,S001,ss1,Fz,0.0787902080892946,0.959036749673417
lab6079,full_day1,tv_ss3__te_ss1ss2,S001,ss2,Fx,0.0886706664277413,0.945244373325104
lab6079,full_day1,tv_ss3__te_ss1ss2,S001,ss2,Fz,0.0579023533982169,0.979507228312236
lab6079,full_day1,tv_ss3__te_ss1ss2,S002,ss1,Fx,0.1413014904679286,0.9122058233985654
lab6079,full_day1,tv_ss3__te_ss1ss2,S002,ss1,Fz,0.0830561275172833,0.9481465754756088
lab6079,full_day1,tv_ss3__te_ss1ss2,S002,ss2,Fx,0.0714974601273096,0.9669669786111008
lab6079,full_day1,tv_ss3__te_ss1ss2,S002,ss2,Fz,0.0595130370217901,0.9829817635642916
lab6079,full_day1,tv_ss3__te_ss1ss2,S003,ss1,Fx,0.2236483280363806,0.4044009413649911
lab6079,full_day1,tv_ss3__te_ss1ss2,S003,ss1,Fz,0.2430089313207307,0.3563445564222837
lab6079,full_day1,tv_ss3__te_ss1ss2,S003,ss2,Fx,0.0678699929027646,0.9696366171160652
lab6079,full_day1,tv_ss3__te_ss1ss2,S003,ss2,Fz,0.0822035980212171,0.9764146218458352
lab6079,full_day1,tv_ss3__te_ss1ss2,S004,ss1,Fx,0.1762997038898762,0.8733942018385227
lab6079,full_day1,tv_ss3__te_ss1ss2,S004,ss1,Fz,0.1570280285956163,0.9052704934080946
lab6079,full_day1,tv_ss3__te_ss1ss2,S004,ss2,Fx,0.0997215553221432,0.9500693853161344
lab6079,full_day1,tv_ss3__te_ss1ss2,S004,ss2,Fz,0.1034719942909521,0.9510581423830916
lab6079,full_day1,tv_ss3__te_ss1ss2,S005,ss1,Fx,0.1088564715373604,0.9073487006174976
lab6079,full_day1,tv_ss3__te_ss1ss2,S005,ss1,Fz,0.1505253181627089,0.9083765974516084
lab6079,full_day1,tv_ss3__te_ss1ss2,S005,ss2,Fx,0.0562275802222482,0.9762399588023358
lab6079,full_day1,tv_ss3__te_ss1ss2,S005,ss2,Fz,0.0940286334856665,0.9678610951853164
lab6079,full_day1,tv_ss3__te_ss1ss2,S006,ss1,Fx,0.0873866746675489,0.9564412897336594
lab6079,full_day1,tv_ss3__te_ss1ss2,S006,ss1,Fz,0.0998820462983043,0.934751202385964
lab6079,full_day1,tv_ss3__te_ss1ss2,S006,ss2,Fx,0.0630075382654189,0.9733016266804648
lab6079,full_day1,tv_ss3__te_ss1ss2,S006,ss2,Fz,0.0716765267292965,0.9765663235982364
lab6079,full_day1,tv_ss3__te_ss1ss2,S007,ss1,Fx,0.1116842665144017,0.9346394536207284
lab6079,full_day1,tv_ss3__te_ss1ss2,S007,ss1,Fz,0.1176575176837105,0.9261464799359856
lab6079,full_day1,tv_ss3__te_ss1ss2,S007,ss2,Fx,0.0735688092426637,0.9642540894930008
lab6079,full_day1,tv_ss3__te_ss1ss2,S007,ss2,Fz,0.0780847751501116,0.966905180638091
lab6079,full_day1,tv_ss3__te_ss1ss2,S008,ss1,Fx,0.1452855969938342,0.9007582748366056
lab6079,full_day1,tv_ss3__te_ss1ss2,S008,ss1,Fz,0.122811740223878,0.9351698863253248
lab6079,full_day1,tv_ss3__te_ss1ss2,S008,ss2,Fx,0.0858288843484842,0.9499550907166292
lab6079,full_day1,tv_ss3__te_ss1ss2,S008,ss2,Fz,0.0822273881859644,0.976782785856871
lab6079,full_day1,tv_ss3__te_ss1ss2,S009,ss1,Fx,0.1076804547609477,0.9408124342703906
lab6079,full_day1,tv_ss3__te_ss1ss2,S009,ss1,Fz,0.1134624385978445,0.9055683876783552
lab6079,full_day1,tv_ss3__te_ss1ss2,S009,ss2,Fx,0.0592660657974612,0.9819721600368784
lab6079,full_day1,tv_ss3__te_ss1ss2,S009,ss2,Fz,0.0685946391320094,0.9771502261117848
lab6079,full_day1,tv_ss3__te_ss1ss2,S010,ss1,Fx,0.1719553491304805,0.8558339662947709
lab6079,full_day1,tv_ss3__te_ss1ss2,S010,ss1,Fz,0.0871434116651748,0.9336942409791716
lab6079,full_day1,tv_ss3__te_ss1ss2,S010,ss2,Fx,0.0913501040540936,0.9506584326016108
lab6079,full_day1,tv_ss3__te_ss1ss2,S010,ss2,Fz,0.064024557676522,0.9706142679251848
lab6079,full_day1,tv_ss3__te_ss1ss2,S013,ss1,Fx,0.1440445596910329,0.8921601332061201
lab6079,full_day1,tv_ss3__te_ss1ss2,S013,ss1,Fz,0.135645020877321,0.9064092305177414
lab6079,full_day1,tv_ss3__te_ss1ss2,S013,ss2,Fx,0.0800450597093034,0.9529350667152692
lab6079,full_day1,tv_ss3__te_ss1ss2,S013,ss2,Fz,0.0698544428536865,0.9710313435909078
lab6079,full_day1,tv_ss3__te_ss1ss2,S014,ss1,Fx,0.303792667261731,0.5277473894510599
lab6079,full_day1,tv_ss3__te_ss1ss2,S014,ss1,Fz,0.2146646188184397,0.7563357467105226
lab6079,full_day1,tv_ss3__te_ss1ss2,S015,ss1,Fx,0.1011230280154581,0.917587419139215
lab6079,full_day1,tv_ss3__te_ss1ss2,S015,ss1,Fz,0.0915525688415768,0.9411649658192844
lab6079,full_day1,tv_ss3__te_ss1ss2,S015,ss2,Fx,0.0616245877991313,0.9683279301241524
lab6079,full_day1,tv_ss3__te_ss1ss2,S015,ss2,Fz,0.056349616972671,0.9781225902107298
lab6079,full_day1,tv_ss3__te_ss1ss2,S016,ss1,Fx,0.2791607625288946,0.726065788259263
lab6079,full_day1,tv_ss3__te_ss1ss2,S016,ss1,Fz,0.1148506594279234,0.9331308666834398
lab6079,full_day1,tv_ss3__te_ss1ss2,S016,ss2,Fx,0.1548649303422039,0.9074537278631728
lab6079,full_day1,tv_ss3__te_ss1ss2,S016,ss2,Fz,0.1119580450118784,0.9547545930909296
lab6079,full_day1,tv_ss3__te_ss1ss2,S017,ss1,Fx,0.1283374316280371,0.9145679162415028
lab6079,full_day1,tv_ss3__te_ss1ss2,S017,ss1,Fz,0.0765556328580858,0.9412967915192212
lab6079,full_day1,tv_ss3__te_ss1ss2,S017,ss2,Fx,0.063532351477971,0.971544905476757
lab6079,full_day1,tv_ss3__te_ss1ss2,S017,ss2,Fz,0.0585510274929953,0.9696617354123724
lab6079,full_day1,tv_ss3__te_ss1ss2,S018,ss1,Fx,0.1368653655834524,0.8798093856280282
lab6079,full_day1,tv_ss3__te_ss1ss2,S018,ss1,Fz,0.158148646945169,0.9182779871219086
lab6079,full_day1,tv_ss3__te_ss1ss2,S018,ss2,Fx,0.0800848238178527,0.9488113670736744
lab6079,full_day1,tv_ss3__te_ss1ss2,S018,ss2,Fz,0.0842824934941169,0.9777578677583502
lab6079,full_day1,tv_ss3__te_ss1ss2,S019,ss1,Fx,0.1357132228432729,0.9097534748948812
lab6079,full_day1,tv_ss3__te_ss1ss2,S019,ss1,Fz,0.1259917274770775,0.9177835639736333
lab6079,full_day1,tv_ss3__te_ss1ss2,S019,ss2,Fx,0.0747223031377231,0.9694798540752648
lab6079,full_day1,tv_ss3__te_ss1ss2,S019,ss2,Fz,0.0529740356018005,0.9835519175390692
biomechserver,full_day1,tv_te_ss1,S001,ss1,Fx,0.074139396119479,0.9556117472399872
biomechserver,full_day1,tv_te_ss1,S001,ss1,Fz,0.0773810893710272,0.9661034390243928
biomechserver,full_day1,tv_te_ss1,S002,ss1,Fx,0.085751835738741,0.92936240508016
biomechserver,full_day1,tv_te_ss1,S002,ss1,Fz,0.0987691964557947,0.9517458763460896
biomechserver,full_day1,tv_te_ss1,S003,ss1,Fx,0.2109873000488553,0.3940325189226249
biomechserver,full_day1,tv_te_ss1,S003,ss1,Fz,0.2343671370948487,0.3864630153302815
biomechserver,full_day1,tv_te_ss1,S004,ss1,Fx,0.1007970672218876,0.9591423989460788
biomechserver,full_day1,tv_te_ss1,S004,ss1,Fz,0.072586168596355,0.962432662061297
biomechserver,full_day1,tv_te_ss1,S005,ss1,Fx,0.0673694423723184,0.9660433277798196
biomechserver,full_day1,tv_te_ss1,S005,ss1,Fz,0.129034890825669,0.9664690927375016
biomechserver,full_day1,tv_te_ss1,S006,ss1,Fx,0.0708622548881828,0.9700792005820418
biomechserver,full_day1,tv_te_ss1,S006,ss1,Fz,0.0939915942376092,0.9376973223482112
biomechserver,full_day1,tv_te_ss1,S007,ss1,Fx,0.0752939134627189,0.9603163500817302
biomechserver,full_day1,tv_te_ss1,S007,ss1,Fz,0.0871369921099957,0.9515967728398572
biomechserver,full_day1,tv_te_ss1,S008,ss1,Fx,0.0861277296868213,0.9505536475016612
biomechserver,full_day1,tv_te_ss1,S008,ss1,Fz,0.10241905447477,0.970727063486937
biomechserver,full_day1,tv_te_ss1,S009,ss1,Fx,0.0669683360654466,0.9683204831289002
biomechserver,full_day1,tv_te_ss1,S009,ss1,Fz,0.087225453974213,0.9570150979080092
biomechserver,full_day1,tv_te_ss1,S010,ss1,Fx,0.086599491319093,0.9390582223218628
biomechserver,full_day1,tv_te_ss1,S010,ss1,Fz,0.067417652239423,0.9609221670135516
biomechserver,full_day1,tv_te_ss1,S011,ss1,Fx,0.0512628300868431,0.98076884391843
biomechserver,full_day1,tv_te_ss1,S011,ss1,Fz,0.1218791216892511,0.9779188566328548
biomechserver,full_day1,tv_te_ss1,S012,ss1,Fx,0.255196307648837,0.3839190169913846
biomechserver,full_day1,tv_te_ss1,S012,ss1,Fz,0.1988940125583125,0.574894751187861
biomechserver,full_day1,tv_te_ss1,S013,ss1,Fx,0.0699920202351997,0.9666839099613056
biomechserver,full_day1,tv_te_ss1,S013,ss1,Fz,0.078035288629481,0.9562874758782632
biomechserver,full_day1,tv_te_ss1,S014,ss1,Fx,0.157420473439118,0.7788956218861957
biomechserver,full_day1,tv_te_ss1,S014,ss1,Fz,0.1761765495794858,0.8076180345191127
biomechserver,full_day1,tv_te_ss1,S015,ss1,Fx,0.066132579035774,0.9636887012657448
biomechserver,full_day1,tv_te_ss1,S015,ss1,Fz,0.0828008666387917,0.9501962734479666
biomechserver,full_day1,tv_te_ss1,S016,ss1,Fx,0.124224099685072,0.878966296036164
biomechserver,full_day1,tv_te_ss1,S016,ss1,Fz,0.1327654518365284,0.9094725105094912
biomechserver,full_day1,tv_te_ss1,S017,ss1,Fx,0.0690747280157732,0.9583290665239328
biomechserver,full_day1,tv_te_ss1,S017,ss1,Fz,0.0603574937709548,0.9685642601210428
biomechserver,full_day1,tv_te_ss1,S018,ss1,Fx,0.0573518357130024,0.977270670459215
biomechserver,full_day1,tv_te_ss1,S018,ss1,Fz,0.0689809016702809,0.971275352585414
biomechserver,full_day1,tv_te_ss1,S019,ss1,Fx,0.0807322181918071,0.9528330004371784
biomechserver,full_day1,tv_te_ss1,S019,ss1,Fz,0.09743878407971,0.9544490175807112
biomechserver,full_day1,tv_te_ss123,S001,ss1,Fx,0.0853604868064962,0.944990067618754
biomechserver,full_day1,tv_te_ss123,S001,ss1,Fz,0.071348691946509,0.968611484558765
biomechserver,full_day1,tv_te_ss123,S001,ss2,Fx,0.0633629236160173,0.9674948557491068
biomechserver,full_day1,tv_te_ss123,S001,ss2,Fz,0.0504413041726372,0.984866972645406
biomechserver,full_day1,tv_te_ss123,S001,ss3,Fx,0.0563489175890341,0.980837996659882
biomechserver,full_day1,tv_te_ss123,S001,ss3,Fz,0.0399393520033904,0.9907264997360488
biomechserver,full_day1,tv_te_ss123,S002,ss1,Fx,0.0837076985534452,0.9396864622498224
biomechserver,full_day1,tv_te_ss123,S002,ss1,Fz,0.0916219647657981,0.9543196686764684
biomechserver,full_day1,tv_te_ss123,S002,ss2,Fx,0.0535923675904994,0.974162994539772
biomechserver,full_day1,tv_te_ss123,S002,ss2,Fz,0.0606881323289056,0.9844697620428188
biomechserver,full_day1,tv_te_ss123,S002,ss3,Fx,0.0464947888202007,0.9825468602973284
biomechserver,full_day1,tv_te_ss123,S002,ss3,Fz,0.0579752404792596,0.9876811734988532
biomechserver,full_day1,tv_te_ss123,S003,ss1,Fx,0.2215679636998995,0.3777579861104149
biomechserver,full_day1,tv_te_ss123,S003,ss1,Fz,0.2315609600260424,0.377861322531709
biomechserver,full_day1,tv_te_ss123,S003,ss2,Fx,0.0607986788525682,0.9769159778375874
biomechserver,full_day1,tv_te_ss123,S003,ss2,Fz,0.0652546659795779,0.9831964260850352
biomechserver,full_day1,tv_te_ss123,S003,ss3,Fx,0.0597749246776034,0.9762876538844426
biomechserver,full_day1,tv_te_ss123,S003,ss3,Fz,0.061426571280947,0.9846423181072116
biomechserver,full_day1,tv_te_ss123,S004,ss1,Fx,0.0898659815217784,0.9658912546732992
biomechserver,full_day1,tv_te_ss123,S004,ss1,Fz,0.072764244392371,0.9678580318700162
biomechserver,full_day1,tv_te_ss123,S004,ss2,Fx,0.0757195986463895,0.9751099953948356
biomechserver,full_day1,tv_te_ss123,S004,ss2,Fz,0.069406116872608,0.9722534603155202
biomechserver,full_day1,tv_te_ss123,S004,ss3,Fx,0.0679386119751171,0.9766159120602786
biomechserver,full_day1,tv_te_ss123,S004,ss3,Fz,0.0583514193994798,0.9843367062942912
biomechserver,full_day1,tv_te_ss123,S005,ss1,Fx,0.073799400834981,0.9573827529219616
biomechserver,full_day1,tv_te_ss123,S005,ss1,Fz,0.1212666530431512,0.9652640182925324
biomechserver,full_day1,tv_te_ss123,S005,ss2,Fx,0.0521760368794882,0.9816001000617232
biomechserver,full_day1,tv_te_ss123,S005,ss2,Fz,0.089230660250255,0.9835165224200372
biomechserver,full_day1,tv_te_ss123,S005,ss3,Fx,0.0471572432636591,0.9875586021357068
biomechserver,full_day1,tv_te_ss123,S005,ss3,Fz,0.0653769337602305,0.9858520927045769
biomechserver,full_day1,tv_te_ss123,S006,ss1,Fx,0.0703782938636598,0.9747829186182512
biomechserver,full_day1,tv_te_ss123,S006,ss1,Fz,0.0774877666691074,0.95613162264293
biomechserver,full_day1,tv_te_ss123,S006,ss2,Fx,0.0641403783631103,0.9788855042489388
biomechserver,full_day1,tv_te_ss123,S006,ss2,Fz,0.0624392051764336,0.9800080964691268
biomechserver,full_day1,tv_te_ss123,S006,ss3,Fx,0.0663771934007755,0.9742755489575992
biomechserver,full_day1,tv_te_ss123,S006,ss3,Fz,0.0659687837747714,0.984652579698318
biomechserver,full_day1,tv_te_ss123,S007,ss1,Fx,0.0763073428773458,0.9563349327290273
biomechserver,full_day1,tv_te_ss123,S007,ss1,Fz,0.0863613141918215,0.9587916881858924
biomechserver,full_day1,tv_te_ss123,S007,ss2,Fx,0.064469128999985,0.9695734801769496
biomechserver,full_day1,tv_te_ss123,S007,ss2,Fz,0.0754209714756613,0.9688360296547002
biomechserver,full_day1,tv_te_ss123,S007,ss3,Fx,0.0562238635131529,0.9768894713386828
biomechserver,full_day1,tv_te_ss123,S007,ss3,Fz,0.05214871015049,0.985881792421418
biomechserver,full_day1,tv_te_ss123,S008,ss1,Fx,0.0755976950035312,0.954019315386364
biomechserver,full_day1,tv_te_ss123,S008,ss1,Fz,0.0970953877698945,0.9707271615999769
biomechserver,full_day1,tv_te_ss123,S008,ss2,Fx,0.0744268959489242,0.96372749122905
biomechserver,full_day1,tv_te_ss123,S008,ss2,Fz,0.0806459733310035,0.9777624695852736
biomechserver,full_day1,tv_te_ss123,S008,ss3,Fx,0.0711256879343568,0.9769164861137856
biomechserver,full_day1,tv_te_ss123,S008,ss3,Fz,0.074260782921592,0.981885317368706
biomechserver,full_day1,tv_te_ss123,S009,ss1,Fx,0.0638490769179651,0.968914438334237
biomechserver,full_day1,tv_te_ss123,S009,ss1,Fz,0.0718199536066967,0.9611962831245672
biomechserver,full_day1,tv_te_ss123,S009,ss2,Fx,0.0533242796960803,0.9789247512885982
biomechserver,full_day1,tv_te_ss123,S009,ss2,Fz,0.0578853216493952,0.9823517315291636
biomechserver,full_day1,tv_te_ss123,S009,ss3,Fx,0.0454084186427806,0.9862105226739458
biomechserver,full_day1,tv_te_ss123,S009,ss3,Fz,0.0534741460276682,0.986924734096218
biomechserver,full_day1,tv_te_ss123,S010,ss1,Fx,0.0821812623889813,0.9384056362119866
biomechserver,full_day1,tv_te_ss123,S010,ss1,Fz,0.0618293995630315,0.9663568917357584
biomechserver,full_day1,tv_te_ss123,S010,ss2,Fx,0.0631665053568613,0.9786754244353448
biomechserver,full_day1,tv_te_ss123,S010,ss2,Fz,0.0520259614400482,0.9822928891416264
biomechserver,full_day1,tv_te_ss123,S010,ss3,Fx,0.0547785933252325,0.9804935168224987
biomechserver,full_day1,tv_te_ss123,S010,ss3,Fz,0.0560879953697958,0.9844440464747044
biomechserver,full_day1,tv_te_ss123,S011,ss1,Fx,0.0545647314023722,0.9789660519475208
biomechserver,full_day1,tv_te_ss123,S011,ss1,Fz,0.1176049892265785,0.9787183587469468
biomechserver,full_day1,tv_te_ss123,S011,ss2,Fx,0.0546150073102186,0.98033625685241
biomechserver,full_day1,tv_te_ss123,S011,ss2,Fz,0.1051652388885139,0.9820548158258668
biomechserver,full_day1,tv_te_ss123,S012,ss1,Fx,0.2488028032187062,0.4169589339814995
biomechserver,full_day1,tv_te_ss123,S012,ss1,Fz,0.2111804666340125,0.5773689296247942
biomechserver,full_day1,tv_te_ss123,S012,ss2,Fx,0.1760454238492286,0.806418754202545
biomechserver,full_day1,tv_te_ss123,S012,ss2,Fz,0.1920993163602936,0.9280623669473635
biomechserver,full_day1,tv_te_ss123,S013,ss1,Fx,0.0739889119614446,0.963709186566076
biomechserver,full_day1,tv_te_ss123,S013,ss1,Fz,0.0707752542209058,0.9638836339048712
biomechserver,full_day1,tv_te_ss123,S013,ss2,Fx,0.060743535316803,0.9724402483704808
biomechserver,full_day1,tv_te_ss123,S013,ss2,Fz,0.0492325533552594,0.9840191495831966
biomechserver,full_day1,tv_te_ss123,S013,ss3,Fx,0.0376598308934524,0.9918578061184938
biomechserver,full_day1,tv_te_ss123,S013,ss3,Fz,0.0441227799917603,0.9880155788799386
biomechserver,full_day1,tv_te_ss123,S014,ss1,Fx,0.1538985929450119,0.798346781786879
biomechserver,full_day1,tv_te_ss123,S014,ss1,Fz,0.1526287056171022,0.8448908856475097
biomechserver,full_day1,tv_te_ss123,S014,ss3,Fx,0.0812576567140015,0.9588299259625266
biomechserver,full_day1,tv_te_ss123,S014,ss3,Fz,0.0968803363896303,0.9477465803473024
biomechserver,full_day1,tv_te_ss123,S015,ss1,Fx,0.0699256297939791,0.9584030137019188
biomechserver,full_day1,tv_te_ss123,S015,ss1,Fz,0.0756594522256017,0.95754098410745
biomechserver,full_day1,tv_te_ss123,S015,ss2,Fx,0.0522633715988516,0.9790320819791544
biomechserver,full_day1,tv_te_ss123,S015,ss2,Fz,0.0500622235391382,0.9822848661434574
biomechserver,full_day1,tv_te_ss123,S015,ss3,Fx,0.0764770862541324,0.9510519297148576
biomechserver,full_day1,tv_te_ss123,S015,ss3,Fz,0.0497827834506694,0.9839797357647554
biomechserver,full_day1,tv_te_ss123,S016,ss1,Fx,0.1134804431242505,0.9130251805793546
biomechserver,full_day1,tv_te_ss123,S016,ss1,Fz,0.0939365408184308,0.9485807985808647
biomechserver,full_day1,tv_te_ss123,S016,ss2,Fx,0.0994641382150795,0.9345356191583036
biomechserver,full_day1,tv_te_ss123,S016,ss2,Fz,0.0951405532457662,0.950912148132145
biomechserver,full_day1,tv_te_ss123,S016,ss3,Fx,0.0919134673844273,0.9456406648853228
biomechserver,full_day1,tv_te_ss123,S016,ss3,Fz,0.0718248159015496,0.9749957395956812
biomechserver,full_day1,tv_te_ss123,S017,ss1,Fx,0.0909057162890162,0.9519224832539572
biomechserver,full_day1,tv_te_ss123,S017,ss1,Fz,0.0518397661552346,0.9749107695411656
biomechserver,full_day1,tv_te_ss123,S017,ss2,Fx,0.0598093019117156,0.9706946262176376
biomechserver,full_day1,tv_te_ss123,S017,ss2,Fz,0.0561618144173776,0.9732035311155632
biomechserver,full_day1,tv_te_ss123,S017,ss3,Fx,0.0461172385960515,0.98490174296001
biomechserver,full_day1,tv_te_ss123,S017,ss3,Fz,0.0461334322174659,0.9904627881103768
biomechserver,full_day1,tv_te_ss123,S018,ss1,Fx,0.0644215584779372,0.9706426049552171
biomechserver,full_day1,tv_te_ss123,S018,ss1,Fz,0.0710228643041202,0.9740888258528284
biomechserver,full_day1,tv_te_ss123,S018,ss2,Fx,0.0638338145205844,0.9698436121277544
biomechserver,full_day1,tv_te_ss123,S018,ss2,Fz,0.0645953466581048,0.982562277645448
biomechserver,full_day1,tv_te_ss123,S018,ss3,Fx,0.0731621594184574,0.960581668595324
biomechserver,full_day1,tv_te_ss123,S018,ss3,Fz,0.068022491590626,0.9815996468661006
biomechserver,full_day1,tv_te_ss123,S019,ss1,Fx,0.0693785733972056,0.9668819869029388
biomechserver,full_day1,tv_te_ss123,S019,ss1,Fz,0.0879433924391011,0.9578955837213744
biomechserver,full_day1,tv_te_ss123,S019,ss2,Fx,0.0627710017582563,0.972280706823666
biomechserver,full_day1,tv_te_ss123,S019,ss2,Fz,0.0573260388734536,0.9822731719446016
biomechserver,full_day1,tv_te_ss123,S019,ss3,Fx,0.0643476981857702,0.9710946655949776
biomechserver,full_day1,tv_te_ss123,S019,ss3,Fz,0.0798659765972651,0.958433660491076
biomechserver,full_day1,tv_te_ss2,S001,ss2,Fx,0.0641596916432945,0.9655858329266044
biomechserver,full_day1,tv_te_ss2,S001,ss2,Fz,0.050586703087921,0.9847753248037278
biomechserver,full_day1,tv_te_ss2,S002,ss2,Fx,0.0551222139254853,0.9727489384094185
biomechserver,full_day1,tv_te_ss2,S002,ss2,Fz,0.0653666620202813,0.9869129497718372
biomechserver,full_day1,tv_te_ss2,S003,ss2,Fx,0.0564401566302892,0.9764501786229344
biomechserver,full_day1,tv_te_ss2,S003,ss2,Fz,0.0802215753643182,0.9799339223724453
biomechserver,full_day1,tv_te_ss2,S004,ss2,Fx,0.092111994604591,0.9625322434412008
biomechserver,full_day1,tv_te_ss2,S004,ss2,Fz,0.0704567044083293,0.9725004546294936
biomechserver,full_day1,tv_te_ss2,S005,ss2,Fx,0.047643214218721,0.9848010042950908
biomechserver,full_day1,tv_te_ss2,S005,ss2,Fz,0.0761248200765958,0.9851294253676008
biomechserver,full_day1,tv_te_ss2,S006,ss2,Fx,0.0579082057043413,0.9833745763835028
biomechserver,full_day1,tv_te_ss2,S006,ss2,Fz,0.0542692567600453,0.9824486840294184
biomechserver,full_day1,tv_te_ss2,S007,ss2,Fx,0.0629597235007225,0.9671100316510324
biomechserver,full_day1,tv_te_ss2,S007,ss2,Fz,0.0774251040396905,0.9676503186311912
biomechserver,full_day1,tv_te_ss2,S008,ss2,Fx,0.0877716774999248,0.9491106092864396
biomechserver,full_day1,tv_te_ss2,S008,ss2,Fz,0.082268602989608,0.972441656703922
biomechserver,full_day1,tv_te_ss2,S009,ss2,Fx,0.054793126800123,0.982186426474062
biomechserver,full_day1,tv_te_ss2,S009,ss2,Fz,0.0603699757111052,0.9794642967149751
biomechserver,full_day1,tv_te_ss2,S010,ss2,Fx,0.0542449748908877,0.9824971298809836
biomechserver,full_day1,tv_te_ss2,S010,ss2,Fz,0.0536310805290745,0.981292529986014
biomechserver,full_day1,tv_te_ss2,S011,ss2,Fx,0.0565043133921043,0.9790930030300282
biomechserver,full_day1,tv_te_ss2,S011,ss2,Fz,0.0877019262748945,0.9832574925052432
biomechserver,full_day1,tv_te_ss2,S012,ss2,Fx,0.1883187669922271,0.7760523838248402
biomechserver,full_day1,tv_te_ss2,S012,ss2,Fz,0.260111923920484,0.9176670784964066
biomechserver,full_day1,tv_te_ss2,S013,ss2,Fx,0.0604477707142292,0.9722962160795702
biomechserver,full_day1,tv_te_ss2,S013,ss2,Fz,0.050813619714449,0.98262774787055
biomechserver,full_day1,tv_te_ss2,S015,ss2,Fx,0.0526463471930175,0.9780736672510528
biomechserver,full_day1,tv_te_ss2,S015,ss2,Fz,0.0529053659312885,0.9810159332604688
biomechserver,full_day1,tv_te_ss2,S016,ss2,Fx,0.1431830087529599,0.860486710589859
biomechserver,full_day1,tv_te_ss2,S016,ss2,Fz,0.1015660418794471,0.938599448616597
biomechserver,full_day1,tv_te_ss2,S017,ss2,Fx,0.0699125842906586,0.9576516923968847
biomechserver,full_day1,tv_te_ss2,S017,ss2,Fz,0.0642090787024973,0.9663814088659474
biomechserver,full_day1,tv_te_ss2,S018,ss2,Fx,0.0561266918545775,0.976190700109901
biomechserver,full_day1,tv_te_ss2,S018,ss2,Fz,0.073704317637475,0.974018475303382
biomechserver,full_day1,tv_te_ss2,S019,ss2,Fx,0.0712382506920176,0.9680929118236152
biomechserver,full_day1,tv_te_ss2,S019,ss2,Fz,0.0650986502625771,0.978636949347489
biomechserver,full_day1,tv_te_ss3,S001,ss3,Fx,0.0546644934859985,0.9756047713158102
biomechserver,full_day1,tv_te_ss3,S001,ss3,Fz,0.0446534382868204,0.9882848920901044
biomechserver,full_day1,tv_te_ss3,S002,ss3,Fx,0.0511410622472495,0.9789049933414432
biomechserver,full_day1,tv_te_ss3,S002,ss3,Fz,0.0615554320195686,0.9891178311316462
biomechserver,full_day1,tv_te_ss3,S003,ss3,Fx,0.0603776035858719,0.9739199534024884
biomechserver,full_day1,tv_te_ss3,S003,ss3,Fz,0.0744602423900605,0.9869280224241171
biomechserver,full_day1,tv_te_ss3,S004,ss3,Fx,0.0652650026874668,0.9744271498846148
biomechserver,full_day1,tv_te_ss3,S004,ss3,Fz,0.0561808095843419,0.982159270898242
biomechserver,full_day1,tv_te_ss3,S005,ss3,Fx,0.0428418267720238,0.9878328587587848
biomechserver,full_day1,tv_te_ss3,S005,ss3,Fz,0.0643004706942488,0.9834198032573528
biomechserver,full_day1,tv_te_ss3,S006,ss3,Fx,0.065969242145365,0.9703772994613789
biomechserver,full_day1,tv_te_ss3,S006,ss3,Fz,0.061514871698268,0.986262773785748
biomechserver,full_day1,tv_te_ss3,S007,ss3,Fx,0.0537180204405897,0.978838842564902
biomechserver,full_day1,tv_te_ss3,S007,ss3,Fz,0.050724566256391,0.9887152731601117
biomechserver,full_day1,tv_te_ss3,S008,ss3,Fx,0.0745503369681167,0.9757358552700608
biomechserver,full_day1,tv_te_ss3,S008,ss3,Fz,0.0672915382033349,0.9849071649408192
biomechserver,full_day1,tv_te_ss3,S009,ss3,Fx,0.0473293756124834,0.9874871783409844
biomechserver,full_day1,tv_te_ss3,S009,ss3,Fz,0.056392350763511,0.9853285842047672
biomechserver,full_day1,tv_te_ss3,S010,ss3,Fx,0.0513106954353463,0.9816027905532912
biomechserver,full_day1,tv_te_ss3,S010,ss3,Fz,0.0539730012463255,0.9833984960759452
biomechserver,full_day1,tv_te_ss3,S013,ss3,Fx,0.0498706187232822,0.9823717602782815
biomechserver,full_day1,tv_te_ss3,S013,ss3,Fz,0.0414302339301584,0.9912404074727096
biomechserver,full_day1,tv_te_ss3,S014,ss3,Fx,0.0898030507939674,0.952906182512266
biomechserver,full_day1,tv_te_ss3,S014,ss3,Fz,0.0985149479571609,0.9465779626562087
biomechserver,full_day1,tv_te_ss3,S015,ss3,Fx,0.0941372323692446,0.930426619200554
biomechserver,full_day1,tv_te_ss3,S015,ss3,Fz,0.0522017528099305,0.9817623720441394
biomechserver,full_day1,tv_te_ss3,S016,ss3,Fx,0.1335294006433886,0.9223614227102752
biomechserver,full_day1,tv_te_ss3,S016,ss3,Fz,0.0887541923986323,0.9607754700968332
biomechserver,full_day1,tv_te_ss3,S017,ss3,Fx,0.0500432900019406,0.9814111603503438
biomechserver,full_day1,tv_te_ss3,S017,ss3,Fz,0.0459779181029102,0.9896091187035474
biomechserver,full_day1,tv_te_ss3,S018,ss3,Fx,0.0624609769085372,0.9685858962885006
biomechserver,full_day1,tv_te_ss3,S018,ss3,Fz,0.0697445548706235,0.98610249706056
biomechserver,full_day1,tv_te_ss3,S019,ss3,Fx,0.0677367984159625,0.967331419603526
biomechserver,full_day1,tv_te_ss3,S019,ss3,Fz,0.0816254674885337,0.955850894948902
biomechserver,percent005_day1_case1,tv_ss1__te_ss2ss3,S001,ss2,Fx,0.0872825897347079,0.9387849758005076
biomechserver,percent005_day1_case1,tv_ss1__te_ss2ss3,S001,ss2,Fz,0.07905433755064,0.9598062538151414
biomechserver,percent005_day1_case1,tv_ss1__te_ss2ss3,S001,ss3,Fx,0.1313272084056279,0.8639472863592522
biomechserver,percent005_day1_case1,tv_ss1__te_ss2ss3,S001,ss3,Fz,0.1152564081319156,0.9235513224948712
biomechserver,percent005_day1_case1,tv_ss1__te_ss2ss3,S002,ss2,Fx,0.1081524414481075,0.8930567612492052
biomechserver,percent005_day1_case1,tv_ss1__te_ss2ss3,S002,ss2,Fz,0.1048267709550327,0.9306729595597436
biomechserver,percent005_day1_case1,tv_ss1__te_ss2ss3,S002,ss3,Fx,0.1234788584708481,0.8949294609461632
biomechserver,percent005_day1_case1,tv_ss1__te_ss2ss3,S002,ss3,Fz,0.1379106805957628,0.8951473724157667
biomechserver,percent005_day1_case1,tv_ss1__te_ss2ss3,S003,ss2,Fx,0.1024102454905461,0.918592826075896
biomechserver,percent005_day1_case1,tv_ss1__te_ss2ss3,S003,ss2,Fz,0.0970623011755581,0.943385954750178
biomechserver,percent005_day1_case1,tv_ss1__te_ss2ss3,S003,ss3,Fx,0.1428086101964627,0.8382370987683786
biomechserver,percent005_day1_case1,tv_ss1__te_ss2ss3,S003,ss3,Fz,0.1108361312855601,0.9321033092516294
biomechserver,percent005_day1_case1,tv_ss1__te_ss2ss3,S004,ss2,Fx,0.1456402331510299,0.9171906832360912
biomechserver,percent005_day1_case1,tv_ss1__te_ss2ss3,S004,ss2,Fz,0.1432191647851991,0.8666501152063276
biomechserver,percent005_day1_case1,tv_ss1__te_ss2ss3,S004,ss3,Fx,0.1801759245975492,0.8368044592642732
biomechserver,percent005_day1_case1,tv_ss1__te_ss2ss3,S004,ss3,Fz,0.1227841688758236,0.92071947840212
biomechserver,percent005_day1_case1,tv_ss1__te_ss2ss3,S005,ss2,Fx,0.080057422208625,0.967601613337294
biomechserver,percent005_day1_case1,tv_ss1__te_ss2ss3,S005,ss2,Fz,0.1403826359203396,0.877024442255324
biomechserver,percent005_day1_case1,tv_ss1__te_ss2ss3,S005,ss3,Fx,0.1221798940877575,0.9187378469470012
biomechserver,percent005_day1_case1,tv_ss1__te_ss2ss3,S005,ss3,Fz,0.1431219774782374,0.8854634459571395
biomechserver,percent005_day1_case1,tv_ss1__te_ss2ss3,S006,ss2,Fx,0.1448667856047371,0.8875871779952386
biomechserver,percent005_day1_case1,tv_ss1__te_ss2ss3,S006,ss2,Fz,0.1113974442943654,0.913817565362379
biomechserver,percent005_day1_case1,tv_ss1__te_ss2ss3,S006,ss3,Fx,0.1861438643221543,0.7961451031855414
biomechserver,percent005_day1_case1,tv_ss1__te_ss2ss3,S006,ss3,Fz,0.1299543639286657,0.9235105423845787
biomechserver,percent005_day1_case1,tv_ss1__te_ss2ss3,S007,ss2,Fx,0.1317070324329154,0.8788469137740428
biomechserver,percent005_day1_case1,tv_ss1__te_ss2ss3,S007,ss2,Fz,0.0931584254001097,0.9399009765318236
biomechserver,percent005_day1_case1,tv_ss1__te_ss2ss3,S007,ss3,Fx,0.1872053241035529,0.7894331735858117
biomechserver,percent005_day1_case1,tv_ss1__te_ss2ss3,S007,ss3,Fz,0.1339953036795556,0.888297782784725
biomechserver,percent005_day1_case1,tv_ss1__te_ss2ss3,S008,ss2,Fx,0.1642860278319906,0.8237809113025393
biomechserver,percent005_day1_case1,tv_ss1__te_ss2ss3,S008,ss2,Fz,0.1207544080615349,0.9325276902172532
biomechserver,percent005_day1_case1,tv_ss1__te_ss2ss3,S008,ss3,Fx,0.1838427188216899,0.8329865655927446
biomechserver,percent005_day1_case1,tv_ss1__te_ss2ss3,S008,ss3,Fz,0.1316835025109204,0.926756353082468
biomechserver,percent005_day1_case1,tv_ss1__te_ss2ss3,S009,ss2,Fx,0.130025760352233,0.8884190960652446
biomechserver,percent005_day1_case1,tv_ss1__te_ss2ss3,S009,ss2,Fz,0.0990927432328326,0.9404428067834651
biomechserver,percent005_day1_case1,tv_ss1__te_ss2ss3,S009,ss3,Fx,0.1532901894479076,0.8560813710110607
biomechserver,percent005_day1_case1,tv_ss1__te_ss2ss3,S009,ss3,Fz,0.1120060159857502,0.928616033953849
biomechserver,percent005_day1_case1,tv_ss1__te_ss2ss3,S010,ss2,Fx,0.1147406714758983,0.924430505503534
biomechserver,percent005_day1_case1,tv_ss1__te_ss2ss3,S010,ss2,Fz,0.1008356226425597,0.9388261512100976
biomechserver,percent005_day1_case1,tv_ss1__te_ss2ss3,S010,ss3,Fx,0.1160722040702832,0.9205257462956786
biomechserver,percent005_day1_case1,tv_ss1__te_ss2ss3,S010,ss3,Fz,0.1169320460233521,0.9445808761164848
biomechserver,percent005_day1_case1,tv_ss1__te_ss2ss3,S011,ss2,Fx,0.0903638330326512,0.9504803317791164
biomechserver,percent005_day1_case1,tv_ss1__te_ss2ss3,S011,ss2,Fz,0.1176709797883945,0.9505318348401968
biomechserver,percent005_day1_case1,tv_ss1__te_ss2ss3,S012,ss2,Fx,0.2265602787436704,0.5462150590394655
biomechserver,percent005_day1_case1,tv_ss1__te_ss2ss3,S012,ss2,Fz,0.2843396764596647,0.6948169091624521
biomechserver,percent005_day1_case1,tv_ss1__te_ss2ss3,S013,ss2,Fx,0.1680944625531427,0.7604675662169216
biomechserver,percent005_day1_case1,tv_ss1__te_ss2ss3,S013,ss2,Fz,0.1023042340925344,0.9280521209080852
biomechserver,percent005_day1_case1,tv_ss1__te_ss2ss3,S013,ss3,Fx,0.1722594706663288,0.7889530751447994
biomechserver,percent005_day1_case1,tv_ss1__te_ss2ss3,S013,ss3,Fz,0.1197685404393926,0.912139369204923
biomechserver,percent005_day1_case1,tv_ss1__te_ss2ss3,S014,ss3,Fx,0.1945324540252129,0.6759329847185871
biomechserver,percent005_day1_case1,tv_ss1__te_ss2ss3,S014,ss3,Fz,0.2118801577459219,0.8303821513457481
biomechserver,percent005_day1_case1,tv_ss1__te_ss2ss3,S015,ss2,Fx,0.0985951746272111,0.9408189171196722
biomechserver,percent005_day1_case1,tv_ss1__te_ss2ss3,S015,ss2,Fz,0.093222529428004,0.9389440469498038
biomechserver,percent005_day1_case1,tv_ss1__te_ss2ss3,S015,ss3,Fx,0.1358265878866612,0.9068418421334375
biomechserver,percent005_day1_case1,tv_ss1__te_ss2ss3,S015,ss3,Fz,0.1194619706331805,0.9124608058498106
biomechserver,percent005_day1_case1,tv_ss1__te_ss2ss3,S016,ss2,Fx,0.1622070810125997,0.8187358266401733
biomechserver,percent005_day1_case1,tv_ss1__te_ss2ss3,S016,ss2,Fz,0.1525381165521641,0.866428534538206
biomechserver,percent005_day1_case1,tv_ss1__te_ss2ss3,S016,ss3,Fx,0.1594851702100288,0.8446275661850905
biomechserver,percent005_day1_case1,tv_ss1__te_ss2ss3,S016,ss3,Fz,0.1571876120723037,0.863735716464188
biomechserver,percent005_day1_case1,tv_ss1__te_ss2ss3,S017,ss2,Fx,0.0885362145318539,0.9436142040020632
biomechserver,percent005_day1_case1,tv_ss1__te_ss2ss3,S017,ss2,Fz,0.121184138920545,0.8552675753047059
biomechserver,percent005_day1_case1,tv_ss1__te_ss2ss3,S017,ss3,Fx,0.1335883673068545,0.8924339657927236
biomechserver,percent005_day1_case1,tv_ss1__te_ss2ss3,S017,ss3,Fz,0.1189118393658003,0.9122315568428494
biomechserver,percent005_day1_case1,tv_ss1__te_ss2ss3,S018,ss2,Fx,0.1141448325905932,0.9142504712130008
biomechserver,percent005_day1_case1,tv_ss1__te_ss2ss3,S018,ss2,Fz,0.10754809820849,0.9386773492482456
biomechserver,percent005_day1_case1,tv_ss1__te_ss2ss3,S018,ss3,Fx,0.1690843244052744,0.8097565469514935
biomechserver,percent005_day1_case1,tv_ss1__te_ss2ss3,S018,ss3,Fz,0.1313982828346113,0.9030154693705084
biomechserver,percent005_day1_case1,tv_ss1__te_ss2ss3,S019,ss2,Fx,0.1169854286821006,0.9246833105050904
biomechserver,percent005_day1_case1,tv_ss1__te_ss2ss3,S019,ss2,Fz,0.0767226517385465,0.966503534271178
biomechserver,percent005_day1_case1,tv_ss1__te_ss2ss3,S019,ss3,Fx,0.1565500737679537,0.8337749473517267
biomechserver,percent005_day1_case1,tv_ss1__te_ss2ss3,S019,ss3,Fz,0.1063136350823494,0.9232724937222306
biomechserver,percent005_day1_case1,tv_ss2__te_ss1ss3,S001,ss1,Fx,0.1499596666856866,0.8213396464761508
biomechserver,percent005_day1_case1,tv_ss2__te_ss1ss3,S001,ss1,Fz,0.0803748783955786,0.9560818140492484
biomechserver,percent005_day1_case1,tv_ss2__te_ss1ss3,S001,ss3,Fx,0.0828389654272507,0.9485807182198996
biomechserver,percent005_day1_case1,tv_ss2__te_ss1ss3,S001,ss3,Fz,0.0543792358641341,0.984773186850016
biomechserver,percent005_day1_case1,tv_ss2__te_ss1ss3,S002,ss1,Fx,0.1314097906928929,0.8696845711046932
biomechserver,percent005_day1_case1,tv_ss2__te_ss1ss3,S002,ss1,Fz,0.1308469199339266,0.8798586446981828
biomechserver,percent005_day1_case1,tv_ss2__te_ss1ss3,S002,ss3,Fx,0.0587263700657931,0.971546886631884
biomechserver,percent005_day1_case1,tv_ss2__te_ss1ss3,S002,ss3,Fz,0.0809986424573394,0.9754850536964196
biomechserver,percent005_day1_case1,tv_ss2__te_ss1ss3,S003,ss1,Fx,0.2257585806122719,0.4316162857824867
biomechserver,percent005_day1_case1,tv_ss2__te_ss1ss3,S003,ss1,Fz,0.2376614961818233,0.3849482967925882
biomechserver,percent005_day1_case1,tv_ss2__te_ss1ss3,S003,ss3,Fx,0.0916695651912728,0.9361711118955124
biomechserver,percent005_day1_case1,tv_ss2__te_ss1ss3,S003,ss3,Fz,0.0916367793559893,0.9587584538891504
biomechserver,percent005_day1_case1,tv_ss2__te_ss1ss3,S004,ss1,Fx,0.1735445601935766,0.8380223641608177
biomechserver,percent005_day1_case1,tv_ss2__te_ss1ss3,S004,ss1,Fz,0.1855249981549201,0.9036401696349684
biomechserver,percent005_day1_case1,tv_ss2__te_ss1ss3,S004,ss3,Fx,0.1123827729461727,0.9527659846564216
biomechserver,percent005_day1_case1,tv_ss2__te_ss1ss3,S004,ss3,Fz,0.0983022539925631,0.9428348836141952
biomechserver,percent005_day1_case1,tv_ss2__te_ss1ss3,S005,ss1,Fx,0.0931949823199575,0.9375744639989726
biomechserver,percent005_day1_case1,tv_ss2__te_ss1ss3,S005,ss1,Fz,0.1313878594950273,0.9532268399377598
biomechserver,percent005_day1_case1,tv_ss2__te_ss1ss3,S005,ss3,Fx,0.0763328935182166,0.964969201693452
biomechserver,percent005_day1_case1,tv_ss2__te_ss1ss3,S005,ss3,Fz,0.0681624145845892,0.978333023756356
biomechserver,percent005_day1_case1,tv_ss2__te_ss1ss3,S006,ss1,Fx,0.0839084895505375,0.949546894483776
biomechserver,percent005_day1_case1,tv_ss2__te_ss1ss3,S006,ss1,Fz,0.0758234395542366,0.9674845833812936
biomechserver,percent005_day1_case1,tv_ss2__te_ss1ss3,S006,ss3,Fx,0.0937858895651167,0.9436249737972054
biomechserver,percent005_day1_case1,tv_ss2__te_ss1ss3,S006,ss3,Fz,0.08892127398618,0.9603419115722084
biomechserver,percent005_day1_case1,tv_ss2__te_ss1ss3,S007,ss1,Fx,0.0989504489369472,0.9305474529895592
biomechserver,percent005_day1_case1,tv_ss2__te_ss1ss3,S007,ss1,Fz,0.1006444043745368,0.9054988962087648
biomechserver,percent005_day1_case1,tv_ss2__te_ss1ss3,S007,ss3,Fx,0.0894848473434975,0.9532032252441625
biomechserver,percent005_day1_case1,tv_ss2__te_ss1ss3,S007,ss3,Fz,0.0740081705996879,0.9655270714549018
biomechserver,percent005_day1_case1,tv_ss2__te_ss1ss3,S008,ss1,Fx,0.1372404679533381,0.8823930699650091
biomechserver,percent005_day1_case1,tv_ss2__te_ss1ss3,S008,ss1,Fz,0.1014158644830478,0.952765757282894
biomechserver,percent005_day1_case1,tv_ss2__te_ss1ss3,S008,ss3,Fx,0.1154003568074192,0.9298933704309824
biomechserver,percent005_day1_case1,tv_ss2__te_ss1ss3,S008,ss3,Fz,0.0950716076539063,0.971820324856152
biomechserver,percent005_day1_case1,tv_ss2__te_ss1ss3,S009,ss1,Fx,0.0900093456393203,0.9545711624507688
biomechserver,percent005_day1_case1,tv_ss2__te_ss1ss3,S009,ss1,Fz,0.1116520561436413,0.9122833977220248
biomechserver,percent005_day1_case1,tv_ss2__te_ss1ss3,S009,ss3,Fx,0.0649064985780669,0.9703601351202412
biomechserver,percent005_day1_case1,tv_ss2__te_ss1ss3,S009,ss3,Fz,0.0803168355222612,0.9653147893563
biomechserver,percent005_day1_case1,tv_ss2__te_ss1ss3,S010,ss1,Fx,0.1204648731536703,0.8638623430815275
biomechserver,percent005_day1_case1,tv_ss2__te_ss1ss3,S010,ss1,Fz,0.0948529825461797,0.927162982414114
biomechserver,percent005_day1_case1,tv_ss2__te_ss1ss3,S010,ss3,Fx,0.0826646167745189,0.9584032287460006
biomechserver,percent005_day1_case1,tv_ss2__te_ss1ss3,S010,ss3,Fz,0.0608286733059365,0.9765704014791864
biomechserver,percent005_day1_case1,tv_ss2__te_ss1ss3,S011,ss1,Fx,0.0987563992511534,0.940171934904696
biomechserver,percent005_day1_case1,tv_ss2__te_ss1ss3,S011,ss1,Fz,0.161298269621696,0.9359963106866452
biomechserver,percent005_day1_case1,tv_ss2__te_ss1ss3,S012,ss1,Fx,0.3350304860871074,0.3295501047631008
biomechserver,percent005_day1_case1,tv_ss2__te_ss1ss3,S012,ss1,Fz,0.2396383997391168,0.4655367111304437
biomechserver,percent005_day1_case1,tv_ss2__te_ss1ss3,S013,ss1,Fx,0.1617675076662447,0.8791786559207692
biomechserver,percent005_day1_case1,tv_ss2__te_ss1ss3,S013,ss1,Fz,0.1334914902307383,0.8842878161877535
biomechserver,percent005_day1_case1,tv_ss2__te_ss1ss3,S013,ss3,Fx,0.0683326117820912,0.9812991249077384
biomechserver,percent005_day1_case1,tv_ss2__te_ss1ss3,S013,ss3,Fz,0.0735449215268082,0.9680327584733918
biomechserver,percent005_day1_case1,tv_ss2__te_ss1ss3,S015,ss1,Fx,0.09478033205336,0.9191158986196584
biomechserver,percent005_day1_case1,tv_ss2__te_ss1ss3,S015,ss1,Fz,0.1031901521928102,0.919429764685083
biomechserver,percent005_day1_case1,tv_ss2__te_ss1ss3,S015,ss3,Fx,0.093478160041731,0.932255180069228
biomechserver,percent005_day1_case1,tv_ss2__te_ss1ss3,S015,ss3,Fz,0.0700282949845488,0.96698846660533
biomechserver,percent005_day1_case1,tv_ss2__te_ss1ss3,S016,ss1,Fx,0.2746591512064825,0.5133708712973126
biomechserver,percent005_day1_case1,tv_ss2__te_ss1ss3,S016,ss1,Fz,0.1114015858250856,0.931212791377972
biomechserver,percent005_day1_case1,tv_ss2__te_ss1ss3,S016,ss3,Fx,0.1973204103283116,0.7245714980125069
biomechserver,percent005_day1_case1,tv_ss2__te_ss1ss3,S016,ss3,Fz,0.1043033938398966,0.9381591669576692
biomechserver,percent005_day1_case1,tv_ss2__te_ss1ss3,S017,ss1,Fx,0.1056726772097562,0.9296284263045388
biomechserver,percent005_day1_case1,tv_ss2__te_ss1ss3,S017,ss1,Fz,0.079683413650452,0.935496816858718
biomechserver,percent005_day1_case1,tv_ss2__te_ss1ss3,S017,ss3,Fx,0.0875275432056622,0.942251533147599
biomechserver,percent005_day1_case1,tv_ss2__te_ss1ss3,S017,ss3,Fz,0.0725264045023871,0.9696249494910484
biomechserver,percent005_day1_case1,tv_ss2__te_ss1ss3,S018,ss1,Fx,0.1348856837324721,0.8757444882373918
biomechserver,percent005_day1_case1,tv_ss2__te_ss1ss3,S018,ss1,Fz,0.1214443952139913,0.8980609015307627
biomechserver,percent005_day1_case1,tv_ss2__te_ss1ss3,S018,ss3,Fx,0.1241302837448856,0.863557336331542
biomechserver,percent005_day1_case1,tv_ss2__te_ss1ss3,S018,ss3,Fz,0.0898104744167062,0.9563360072903052
biomechserver,percent005_day1_case1,tv_ss2__te_ss1ss3,S019,ss1,Fx,0.1199624279835782,0.8921332514775646
biomechserver,percent005_day1_case1,tv_ss2__te_ss1ss3,S019,ss1,Fz,0.1269526744804521,0.8969642820710465
biomechserver,percent005_day1_case1,tv_ss2__te_ss1ss3,S019,ss3,Fx,0.1013517347891566,0.925889477839248
biomechserver,percent005_day1_case1,tv_ss2__te_ss1ss3,S019,ss3,Fz,0.0977814100254237,0.9312382362114872
lab6079,percent005_day1_case1,tv_ss3__te_ss1ss2,S001,ss1,Fx,0.1804879265842974,0.8084273948221546
lab6079,percent005_day1_case1,tv_ss3__te_ss1ss2,S001,ss1,Fz,0.1058376166891747,0.9299188015854696
lab6079,percent005_day1_case1,tv_ss3__te_ss1ss2,S001,ss2,Fx,0.1318256271800521,0.8714734666949506
lab6079,percent005_day1_case1,tv_ss3__te_ss1ss2,S001,ss2,Fz,0.0693231249693399,0.9713409848030078
lab6079,percent005_day1_case1,tv_ss3__te_ss1ss2,S002,ss1,Fx,0.1588871507957066,0.8430047490158472
lab6079,percent005_day1_case1,tv_ss3__te_ss1ss2,S002,ss1,Fz,0.1886776537552555,0.7154063728041283
lab6079,percent005_day1_case1,tv_ss3__te_ss1ss2,S002,ss2,Fx,0.0887695998188631,0.9521074823958932
lab6079,percent005_day1_case1,tv_ss3__te_ss1ss2,S002,ss2,Fz,0.0741680542813518,0.964704717187068
lab6079,percent005_day1_case1,tv_ss3__te_ss1ss2,S003,ss1,Fx,0.2007444825291199,0.5034732410961558
lab6079,percent005_day1_case1,tv_ss3__te_ss1ss2,S003,ss1,Fz,0.332497086290081,0.3062452215773055
lab6079,percent005_day1_case1,tv_ss3__te_ss1ss2,S003,ss2,Fx,0.0869847349519957,0.9383489181842604
lab6079,percent005_day1_case1,tv_ss3__te_ss1ss2,S003,ss2,Fz,0.0933773779729048,0.9500752401921062
lab6079,percent005_day1_case1,tv_ss3__te_ss1ss2,S004,ss1,Fx,0.2146369051864865,0.8010969637762797
lab6079,percent005_day1_case1,tv_ss3__te_ss1ss2,S004,ss1,Fz,0.4839377779838275,0.8373696916158775
lab6079,percent005_day1_case1,tv_ss3__te_ss1ss2,S004,ss2,Fx,0.1526944493990092,0.9016478775119244
lab6079,percent005_day1_case1,tv_ss3__te_ss1ss2,S004,ss2,Fz,0.14794463430037,0.9270587876558392
lab6079,percent005_day1_case1,tv_ss3__te_ss1ss2,S005,ss1,Fx,0.1075975033587781,0.9277666263694886
lab6079,percent005_day1_case1,tv_ss3__te_ss1ss2,S005,ss1,Fz,0.1417242965187626,0.8759182690507412
lab6079,percent005_day1_case1,tv_ss3__te_ss1ss2,S005,ss2,Fx,0.0813467562946747,0.9433892400773324
lab6079,percent005_day1_case1,tv_ss3__te_ss1ss2,S005,ss2,Fz,0.1280555759091231,0.9325317864296622
lab6079,percent005_day1_case1,tv_ss3__te_ss1ss2,S006,ss1,Fx,0.1248830050992428,0.925595259094306
lab6079,percent005_day1_case1,tv_ss3__te_ss1ss2,S006,ss1,Fz,0.1519728206883321,0.8618500546947111
lab6079,percent005_day1_case1,tv_ss3__te_ss1ss2,S006,ss2,Fx,0.0898931080880679,0.9492900325721
lab6079,percent005_day1_case1,tv_ss3__te_ss1ss2,S006,ss2,Fz,0.1212707641354895,0.9340593237832812
lab6079,percent005_day1_case1,tv_ss3__te_ss1ss2,S007,ss1,Fx,0.1171214376758028,0.8763659652572077
lab6079,percent005_day1_case1,tv_ss3__te_ss1ss2,S007,ss1,Fz,0.1670540054875243,0.845905701267709
lab6079,percent005_day1_case1,tv_ss3__te_ss1ss2,S007,ss2,Fx,0.0977687798129495,0.9164662425282344
lab6079,percent005_day1_case1,tv_ss3__te_ss1ss2,S007,ss2,Fz,0.0862398545066924,0.9441099315955656
lab6079,percent005_day1_case1,tv_ss3__te_ss1ss2,S008,ss1,Fx,0.1621816387151632,0.8981148473658517
lab6079,percent005_day1_case1,tv_ss3__te_ss1ss2,S008,ss1,Fz,0.1084306168505524,0.9215765659319468
lab6079,percent005_day1_case1,tv_ss3__te_ss1ss2,S008,ss2,Fx,0.0948380459451771,0.9435357058610918
lab6079,percent005_day1_case1,tv_ss3__te_ss1ss2,S008,ss2,Fz,0.0886214687179982,0.9686692191257944
lab6079,percent005_day1_case1,tv_ss3__te_ss1ss2,S009,ss1,Fx,0.1066268715758886,0.9264621681159194
lab6079,percent005_day1_case1,tv_ss3__te_ss1ss2,S009,ss1,Fz,0.130197391981582,0.8626390486095313
lab6079,percent005_day1_case1,tv_ss3__te_ss1ss2,S009,ss2,Fx,0.0948825613024536,0.9400002571190724
lab6079,percent005_day1_case1,tv_ss3__te_ss1ss2,S009,ss2,Fz,0.0906850787367242,0.9577232492667204
lab6079,percent005_day1_case1,tv_ss3__te_ss1ss2,S010,ss1,Fx,0.1681302146325803,0.8120056007933317
lab6079,percent005_day1_case1,tv_ss3__te_ss1ss2,S010,ss1,Fz,0.1128897246260792,0.8482301493064086
lab6079,percent005_day1_case1,tv_ss3__te_ss1ss2,S010,ss2,Fx,0.109700659473489,0.9220829679965256
lab6079,percent005_day1_case1,tv_ss3__te_ss1ss2,S010,ss2,Fz,0.0714722986690553,0.9565932340568312
lab6079,percent005_day1_case1,tv_ss3__te_ss1ss2,S013,ss1,Fx,0.1390073185784427,0.8387788877815757
lab6079,percent005_day1_case1,tv_ss3__te_ss1ss2,S013,ss1,Fz,0.1900035808606455,0.821394903959136
lab6079,percent005_day1_case1,tv_ss3__te_ss1ss2,S013,ss2,Fx,0.0998019458247564,0.9299514847268288
lab6079,percent005_day1_case1,tv_ss3__te_ss1ss2,S013,ss2,Fz,0.1088939447135236,0.9308532826814458
lab6079,percent005_day1_case1,tv_ss3__te_ss1ss2,S014,ss1,Fx,0.345074279942333,0.5434897501906563
lab6079,percent005_day1_case1,tv_ss3__te_ss1ss2,S014,ss1,Fz,0.2834190822799757,0.5864511400740239
lab6079,percent005_day1_case1,tv_ss3__te_ss1ss2,S015,ss1,Fx,0.1482302862634118,0.8488753524804153
lab6079,percent005_day1_case1,tv_ss3__te_ss1ss2,S015,ss1,Fz,0.1274919336420319,0.8851087462803054
lab6079,percent005_day1_case1,tv_ss3__te_ss1ss2,S015,ss2,Fx,0.0962598834044509,0.9304036444806906
lab6079,percent005_day1_case1,tv_ss3__te_ss1ss2,S015,ss2,Fz,0.0953719746962836,0.9442550140439048
lab6079,percent005_day1_case1,tv_ss3__te_ss1ss2,S016,ss1,Fx,0.3677959266049357,0.6056207127524653
lab6079,percent005_day1_case1,tv_ss3__te_ss1ss2,S016,ss1,Fz,0.1260051956463516,0.9004188809927038
lab6079,percent005_day1_case1,tv_ss3__te_ss1ss2,S016,ss2,Fx,0.2036760166015674,0.8552410026360139
lab6079,percent005_day1_case1,tv_ss3__te_ss1ss2,S016,ss2,Fz,0.1010975016101759,0.9494110398081996
lab6079,percent005_day1_case1,tv_ss3__te_ss1ss2,S017,ss1,Fx,0.1442130693107889,0.8725736573681313
lab6079,percent005_day1_case1,tv_ss3__te_ss1ss2,S017,ss1,Fz,0.0944654901444488,0.9130529567539832
lab6079,percent005_day1_case1,tv_ss3__te_ss1ss2,S017,ss2,Fx,0.08492994967523,0.9420082360470342
lab6079,percent005_day1_case1,tv_ss3__te_ss1ss2,S017,ss2,Fz,0.0736499094533597,0.9493363138089578
lab6079,percent005_day1_case1,tv_ss3__te_ss1ss2,S018,ss1,Fx,0.1235160930145461,0.8797244322136807
lab6079,percent005_day1_case1,tv_ss3__te_ss1ss2,S018,ss1,Fz,0.2936161076987671,0.874820617070669
lab6079,percent005_day1_case1,tv_ss3__te_ss1ss2,S018,ss2,Fx,0.0919015123187339,0.9328951190554374
lab6079,percent005_day1_case1,tv_ss3__te_ss1ss2,S018,ss2,Fz,0.075389887371065,0.974989667672024
lab6079,percent005_day1_case1,tv_ss3__te_ss1ss2,S019,ss1,Fx,0.1261145665283358,0.9104677329377684
lab6079,percent005_day1_case1,tv_ss3__te_ss1ss2,S019,ss1,Fz,0.1621194646801013,0.8631694541321332
lab6079,percent005_day1_case1,tv_ss3__te_ss1ss2,S019,ss2,Fx,0.0936787238796486,0.9500261139490774
lab6079,percent005_day1_case1,tv_ss3__te_ss1ss2,S019,ss2,Fz,0.076633026130047,0.96845177383676
biomechserver,percent005_day1_case1,tv_te_ss1,S001,ss1,Fx,0.1005931457516311,0.9289820895839376
biomechserver,percent005_day1_case1,tv_te_ss1,S001,ss1,Fz,0.0902128511361491,0.9386484856820162
biomechserver,percent005_day1_case1,tv_te_ss1,S002,ss1,Fx,0.1153877525499291,0.8853278838856751
biomechserver,percent005_day1_case1,tv_te_ss1,S002,ss1,Fz,0.1136879409604216,0.9119797264160152
biomechserver,percent005_day1_case1,tv_te_ss1,S003,ss1,Fx,0.2159653286903307,0.4265570147741779
biomechserver,percent005_day1_case1,tv_te_ss1,S003,ss1,Fz,0.2113047822802148,0.4939524243881818
biomechserver,percent005_day1_case1,tv_te_ss1,S004,ss1,Fx,0.1470568397376411,0.8776141200104738
biomechserver,percent005_day1_case1,tv_te_ss1,S004,ss1,Fz,0.123801711618655,0.8929954425034233
biomechserver,percent005_day1_case1,tv_te_ss1,S005,ss1,Fx,0.0891737236164637,0.9405508124072686
biomechserver,percent005_day1_case1,tv_te_ss1,S005,ss1,Fz,0.1063113537053104,0.932118675972782
biomechserver,percent005_day1_case1,tv_te_ss1,S006,ss1,Fx,0.0873071999653549,0.948399520206632
biomechserver,percent005_day1_case1,tv_te_ss1,S006,ss1,Fz,0.1165480528212588,0.8893096267921689
biomechserver,percent005_day1_case1,tv_te_ss1,S007,ss1,Fx,0.1107664568122933,0.9011762026954396
biomechserver,percent005_day1_case1,tv_te_ss1,S007,ss1,Fz,0.1139995099110332,0.8925759561146709
biomechserver,percent005_day1_case1,tv_te_ss1,S008,ss1,Fx,0.1247359445250097,0.8870073048297227
biomechserver,percent005_day1_case1,tv_te_ss1,S008,ss1,Fz,0.1123109678384883,0.9511146394952352
biomechserver,percent005_day1_case1,tv_te_ss1,S009,ss1,Fx,0.099433534790425,0.94037746862583
biomechserver,percent005_day1_case1,tv_te_ss1,S009,ss1,Fz,0.1337407372149329,0.879699736587795
biomechserver,percent005_day1_case1,tv_te_ss1,S010,ss1,Fx,0.1022995032511778,0.9214539086829971
biomechserver,percent005_day1_case1,tv_te_ss1,S010,ss1,Fz,0.09927395208321,0.9256059791821528
biomechserver,percent005_day1_case1,tv_te_ss1,S011,ss1,Fx,0.0779910722521504,0.9499337635983244
biomechserver,percent005_day1_case1,tv_te_ss1,S011,ss1,Fz,0.1359216499657677,0.9572453799737644
biomechserver,percent005_day1_case1,tv_te_ss1,S012,ss1,Fx,0.2645972588026907,0.3369903549141773
biomechserver,percent005_day1_case1,tv_te_ss1,S012,ss1,Fz,0.2509014435288261,0.452890678094526
biomechserver,percent005_day1_case1,tv_te_ss1,S013,ss1,Fx,0.1157090000133041,0.8995802115867672
biomechserver,percent005_day1_case1,tv_te_ss1,S013,ss1,Fz,0.1010099524448036,0.9350330991232444
biomechserver,percent005_day1_case1,tv_te_ss1,S014,ss1,Fx,0.1641923925689588,0.740402759762673
biomechserver,percent005_day1_case1,tv_te_ss1,S014,ss1,Fz,0.2442675489476359,0.7088632079624602
biomechserver,percent005_day1_case1,tv_te_ss1,S015,ss1,Fx,0.0859321715578207,0.941414519000826
biomechserver,percent005_day1_case1,tv_te_ss1,S015,ss1,Fz,0.1074635765266166,0.9107128484758796
biomechserver,percent005_day1_case1,tv_te_ss1,S016,ss1,Fx,0.1896806556723475,0.7340478497019248
biomechserver,percent005_day1_case1,tv_te_ss1,S016,ss1,Fz,0.1159762720371581,0.9060773606644836
biomechserver,percent005_day1_case1,tv_te_ss1,S017,ss1,Fx,0.090438523882131,0.9399641250198354
biomechserver,percent005_day1_case1,tv_te_ss1,S017,ss1,Fz,0.0850960861976142,0.9309205564948206
biomechserver,percent005_day1_case1,tv_te_ss1,S018,ss1,Fx,0.0985449452085013,0.9264356497866804
biomechserver,percent005_day1_case1,tv_te_ss1,S018,ss1,Fz,0.1032918685641878,0.9292406943570252
biomechserver,percent005_day1_case1,tv_te_ss1,S019,ss1,Fx,0.0984008654849108,0.9217263483080502
biomechserver,percent005_day1_case1,tv_te_ss1,S019,ss1,Fz,0.0921944136606882,0.9462095943659532
biomechserver,percent005_day1_case1,tv_te_ss123,S001,ss1,Fx,0.0984189802038837,0.9316087588183778
biomechserver,percent005_day1_case1,tv_te_ss123,S001,ss1,Fz,0.080754100253184,0.9599143184848584
biomechserver,percent005_day1_case1,tv_te_ss123,S001,ss2,Fx,0.0624414950284496,0.9668510937699252
biomechserver,percent005_day1_case1,tv_te_ss123,S001,ss2,Fz,0.0620818606217581,0.9812992831203338
biomechserver,percent005_day1_case1,tv_te_ss123,S001,ss3,Fx,0.0567508361855332,0.9726470331458188
biomechserver,percent005_day1_case1,tv_te_ss123,S001,ss3,Fz,0.0585268504748356,0.9890679117000544
biomechserver,percent005_day1_case1,tv_te_ss123,S002,ss1,Fx,0.0953889788317914,0.9017799709994516
biomechserver,percent005_day1_case1,tv_te_ss123,S002,ss1,Fz,0.1094101690588003,0.9182836637933997
biomechserver,percent005_day1_case1,tv_te_ss123,S002,ss2,Fx,0.0705990285918585,0.9635934735867656
biomechserver,percent005_day1_case1,tv_te_ss123,S002,ss2,Fz,0.0685786285233502,0.9781650557453654
biomechserver,percent005_day1_case1,tv_te_ss123,S002,ss3,Fx,0.0521335729531695,0.9779272650886138
biomechserver,percent005_day1_case1,tv_te_ss123,S002,ss3,Fz,0.0612809807768649,0.9843071157960672
biomechserver,percent005_day1_case1,tv_te_ss123,S003,ss1,Fx,0.2127482775263847,0.4363883443143168
biomechserver,percent005_day1_case1,tv_te_ss123,S003,ss1,Fz,0.2280720967579554,0.4576921475475542
biomechserver,percent005_day1_case1,tv_te_ss123,S003,ss2,Fx,0.0728535143173211,0.9599211980022058
biomechserver,percent005_day1_case1,tv_te_ss123,S003,ss2,Fz,0.0828754211555869,0.9793534048532292
biomechserver,percent005_day1_case1,tv_te_ss123,S003,ss3,Fx,0.0791976527492483,0.9494581618504058
biomechserver,percent005_day1_case1,tv_te_ss123,S003,ss3,Fz,0.0810309488407585,0.9807130895253686
biomechserver,percent005_day1_case1,tv_te_ss123,S004,ss1,Fx,0.1625760224635591,0.9059810732721616
biomechserver,percent005_day1_case1,tv_te_ss123,S004,ss1,Fz,0.0853881249028059,0.9602051900699378
biomechserver,percent005_day1_case1,tv_te_ss123,S004,ss2,Fx,0.1176093005754598,0.9540359358558352
biomechserver,percent005_day1_case1,tv_te_ss123,S004,ss2,Fz,0.0859378994327352,0.9578213454562068
biomechserver,percent005_day1_case1,tv_te_ss123,S004,ss3,Fx,0.085648220287851,0.9656932671948962
biomechserver,percent005_day1_case1,tv_te_ss123,S004,ss3,Fz,0.0574738815007328,0.9814858252238352
biomechserver,percent005_day1_case1,tv_te_ss123,S005,ss1,Fx,0.0807874130896687,0.9527671870174405
biomechserver,percent005_day1_case1,tv_te_ss123,S005,ss1,Fz,0.1249193132265108,0.9598628403536562
biomechserver,percent005_day1_case1,tv_te_ss123,S005,ss2,Fx,0.0638910318338968,0.9693518220736644
biomechserver,percent005_day1_case1,tv_te_ss123,S005,ss2,Fz,0.1157844306081447,0.9466910381883497
biomechserver,percent005_day1_case1,tv_te_ss123,S005,ss3,Fx,0.0554037915514984,0.9787701005528552
biomechserver,percent005_day1_case1,tv_te_ss123,S005,ss3,Fz,0.0817980528744164,0.9775481817027823
biomechserver,percent005_day1_case1,tv_te_ss123,S006,ss1,Fx,0.0664625112052534,0.9681918030211308
biomechserver,percent005_day1_case1,tv_te_ss123,S006,ss1,Fz,0.0809445330610024,0.9440402294601712
biomechserver,percent005_day1_case1,tv_te_ss123,S006,ss2,Fx,0.0605314333366085,0.9760223584699124
biomechserver,percent005_day1_case1,tv_te_ss123,S006,ss2,Fz,0.0656743090625699,0.9721024503085334
biomechserver,percent005_day1_case1,tv_te_ss123,S006,ss3,Fx,0.0660792910777608,0.9715221476893816
biomechserver,percent005_day1_case1,tv_te_ss123,S006,ss3,Fz,0.0690940942810981,0.9743359066247058
biomechserver,percent005_day1_case1,tv_te_ss123,S007,ss1,Fx,0.0982332614346283,0.9243408839754498
biomechserver,percent005_day1_case1,tv_te_ss123,S007,ss1,Fz,0.0995419049987749,0.911394600982384
biomechserver,percent005_day1_case1,tv_te_ss123,S007,ss2,Fx,0.0825907442799486,0.9437806906830404
biomechserver,percent005_day1_case1,tv_te_ss123,S007,ss2,Fz,0.0916499621872543,0.9541823380404284
biomechserver,percent005_day1_case1,tv_te_ss123,S007,ss3,Fx,0.0599223449211668,0.9745677246641336
biomechserver,percent005_day1_case1,tv_te_ss123,S007,ss3,Fz,0.0813060941617151,0.9787843620792008
biomechserver,percent005_day1_case1,tv_te_ss123,S008,ss1,Fx,0.0985292823039802,0.933889760612856
biomechserver,percent005_day1_case1,tv_te_ss123,S008,ss1,Fz,0.1067688258926204,0.9666806040909524
biomechserver,percent005_day1_case1,tv_te_ss123,S008,ss2,Fx,0.0837388976490868,0.9549857709624596
biomechserver,percent005_day1_case1,tv_te_ss123,S008,ss2,Fz,0.0861000021863655,0.9795630449551024
biomechserver,percent005_day1_case1,tv_te_ss123,S008,ss3,Fx,0.076106670526573,0.9750832165927577
biomechserver,percent005_day1_case1,tv_te_ss123,S008,ss3,Fz,0.0840378455895968,0.9795212001252374
biomechserver,percent005_day1_case1,tv_te_ss123,S009,ss1,Fx,0.0781545634083588,0.9645187993917916
biomechserver,percent005_day1_case1,tv_te_ss123,S009,ss1,Fz,0.0871238088206328,0.9513895651873112
biomechserver,percent005_day1_case1,tv_te_ss123,S009,ss2,Fx,0.0638209384115722,0.969668733243633
biomechserver,percent005_day1_case1,tv_te_ss123,S009,ss2,Fz,0.0706550190207422,0.9691277842875292
biomechserver,percent005_day1_case1,tv_te_ss123,S009,ss3,Fx,0.0588073918262842,0.9822120321728662
biomechserver,percent005_day1_case1,tv_te_ss123,S009,ss3,Fz,0.0722193210416388,0.9705235468609495
biomechserver,percent005_day1_case1,tv_te_ss123,S010,ss1,Fx,0.0925724361852703,0.9253899423742444
biomechserver,percent005_day1_case1,tv_te_ss123,S010,ss1,Fz,0.0828050301205309,0.93333938425426
biomechserver,percent005_day1_case1,tv_te_ss123,S010,ss2,Fx,0.0801300821618797,0.962657281344918
biomechserver,percent005_day1_case1,tv_te_ss123,S010,ss2,Fz,0.0739371516742669,0.9663534449213558
biomechserver,percent005_day1_case1,tv_te_ss123,S010,ss3,Fx,0.0758382237576362,0.9563792362391356
biomechserver,percent005_day1_case1,tv_te_ss123,S010,ss3,Fz,0.0653752580317842,0.9773055018315082
biomechserver,percent005_day1_case1,tv_te_ss123,S011,ss1,Fx,0.0630476101196117,0.9711788485054764
biomechserver,percent005_day1_case1,tv_te_ss123,S011,ss1,Fz,0.1416119198425914,0.9623378165933756
biomechserver,percent005_day1_case1,tv_te_ss123,S011,ss2,Fx,0.0580319977383458,0.980123584434128
biomechserver,percent005_day1_case1,tv_te_ss123,S011,ss2,Fz,0.1027039124867903,0.9827441583382
biomechserver,percent005_day1_case1,tv_te_ss123,S012,ss1,Fx,0.238739991088478,0.4026862416777893
biomechserver,percent005_day1_case1,tv_te_ss123,S012,ss1,Fz,0.1948610652356596,0.5660493712813541
biomechserver,percent005_day1_case1,tv_te_ss123,S012,ss2,Fx,0.1805675217692605,0.7629454121205943
biomechserver,percent005_day1_case1,tv_te_ss123,S012,ss2,Fz,0.1729834644349088,0.9005127451246364
biomechserver,percent005_day1_case1,tv_te_ss123,S013,ss1,Fx,0.0980307865795199,0.9208897304898715
biomechserver,percent005_day1_case1,tv_te_ss123,S013,ss1,Fz,0.0930086551362265,0.9441467410147024
biomechserver,percent005_day1_case1,tv_te_ss123,S013,ss2,Fx,0.071080603572524,0.9619417333221504
biomechserver,percent005_day1_case1,tv_te_ss123,S013,ss2,Fz,0.0641000242470042,0.9729023105748528
biomechserver,percent005_day1_case1,tv_te_ss123,S013,ss3,Fx,0.052567836859127,0.9847961407144388
biomechserver,percent005_day1_case1,tv_te_ss123,S013,ss3,Fz,0.0568303468016719,0.9798588466523058
biomechserver,percent005_day1_case1,tv_te_ss123,S014,ss1,Fx,0.1877610804789334,0.6912222583149352
biomechserver,percent005_day1_case1,tv_te_ss123,S014,ss1,Fz,0.1930429688997668,0.7486957457255932
biomechserver,percent005_day1_case1,tv_te_ss123,S014,ss3,Fx,0.0764312435393582,0.9581193560486844
biomechserver,percent005_day1_case1,tv_te_ss123,S014,ss3,Fz,0.1199854998647115,0.9357764522229548
biomechserver,percent005_day1_case1,tv_te_ss123,S015,ss1,Fx,0.0718016943188445,0.9556030233151558
biomechserver,percent005_day1_case1,tv_te_ss123,S015,ss1,Fz,0.0924595462350067,0.9369054944968026
biomechserver,percent005_day1_case1,tv_te_ss123,S015,ss2,Fx,0.0543412816577362,0.976062297649382
biomechserver,percent005_day1_case1,tv_te_ss123,S015,ss2,Fz,0.0771663765796954,0.9601363362015616
biomechserver,percent005_day1_case1,tv_te_ss123,S015,ss3,Fx,0.104449734167489,0.9096619966938492
biomechserver,percent005_day1_case1,tv_te_ss123,S015,ss3,Fz,0.0702102380938082,0.96532085633398
biomechserver,percent005_day1_case1,tv_te_ss123,S016,ss1,Fx,0.1632206671181732,0.7823076516093187
biomechserver,percent005_day1_case1,tv_te_ss123,S016,ss1,Fz,0.0951800481012977,0.9480674957172562
biomechserver,percent005_day1_case1,tv_te_ss123,S016,ss2,Fx,0.0984814010332306,0.9253158886767672
biomechserver,percent005_day1_case1,tv_te_ss123,S016,ss2,Fz,0.1086938784793111,0.9445361228309772
biomechserver,percent005_day1_case1,tv_te_ss123,S016,ss3,Fx,0.1078667108907707,0.9232904565536216
biomechserver,percent005_day1_case1,tv_te_ss123,S016,ss3,Fz,0.0834950509076136,0.9625050771976382
biomechserver,percent005_day1_case1,tv_te_ss123,S017,ss1,Fx,0.0859579661742084,0.946458930559374
biomechserver,percent005_day1_case1,tv_te_ss123,S017,ss1,Fz,0.0739354053110837,0.9493611279231912
biomechserver,percent005_day1_case1,tv_te_ss123,S017,ss2,Fx,0.0584003390643527,0.9740488068852228
biomechserver,percent005_day1_case1,tv_te_ss123,S017,ss2,Fz,0.0685716109482312,0.9586085523665392
biomechserver,percent005_day1_case1,tv_te_ss123,S017,ss3,Fx,0.0583456595554583,0.9732360439883562
biomechserver,percent005_day1_case1,tv_te_ss123,S017,ss3,Fz,0.0585989218520174,0.9822203373167938
biomechserver,percent005_day1_case1,tv_te_ss123,S018,ss1,Fx,0.0960731854410558,0.9316172441364664
biomechserver,percent005_day1_case1,tv_te_ss123,S018,ss1,Fz,0.1072159900543628,0.9108638179784522
biomechserver,percent005_day1_case1,tv_te_ss123,S018,ss2,Fx,0.0908257537788988,0.9353288349641018
biomechserver,percent005_day1_case1,tv_te_ss123,S018,ss2,Fz,0.0728551565634381,0.9719959029962958
biomechserver,percent005_day1_case1,tv_te_ss123,S018,ss3,Fx,0.1010059229369358,0.910004038096072
biomechserver,percent005_day1_case1,tv_te_ss123,S018,ss3,Fz,0.0631440047683609,0.9798942834807384
biomechserver,percent005_day1_case1,tv_te_ss123,S019,ss1,Fx,0.0861778228218955,0.9431829646473242
biomechserver,percent005_day1_case1,tv_te_ss123,S019,ss1,Fz,0.0893772605967235,0.9493899479014878
biomechserver,percent005_day1_case1,tv_te_ss123,S019,ss2,Fx,0.0666710184948,0.9730367044778392
biomechserver,percent005_day1_case1,tv_te_ss123,S019,ss2,Fz,0.05803322276204,0.97893821931837
biomechserver,percent005_day1_case1,tv_te_ss123,S019,ss3,Fx,0.0631266596656624,0.9726894921162804
biomechserver,percent005_day1_case1,tv_te_ss123,S019,ss3,Fz,0.0911802853703649,0.9402550308254596
biomechserver,percent005_day1_case1,tv_te_ss2,S001,ss2,Fx,0.0969615819181943,0.919658519758431
biomechserver,percent005_day1_case1,tv_te_ss2,S001,ss2,Fz,0.0659650992224028,0.9753406507720812
biomechserver,percent005_day1_case1,tv_te_ss2,S002,ss2,Fx,0.0720503432422823,0.9589474883022506
biomechserver,percent005_day1_case1,tv_te_ss2,S002,ss2,Fz,0.070774866048613,0.9726514801577676
biomechserver,percent005_day1_case1,tv_te_ss2,S003,ss2,Fx,0.0822845165625767,0.9485901617471016
biomechserver,percent005_day1_case1,tv_te_ss2,S003,ss2,Fz,0.0957972383200878,0.955063648391448
biomechserver,percent005_day1_case1,tv_te_ss2,S004,ss2,Fx,0.1218432347572961,0.9460557463353584
biomechserver,percent005_day1_case1,tv_te_ss2,S004,ss2,Fz,0.1292035614464923,0.9218556638342564
biomechserver,percent005_day1_case1,tv_te_ss2,S005,ss2,Fx,0.0689530131283499,0.9649320266460292
biomechserver,percent005_day1_case1,tv_te_ss2,S005,ss2,Fz,0.1036072578096595,0.9695673047816076
biomechserver,percent005_day1_case1,tv_te_ss2,S006,ss2,Fx,0.0695496392702189,0.9688526038151356
biomechserver,percent005_day1_case1,tv_te_ss2,S006,ss2,Fz,0.0813289818073454,0.9585870554948596
biomechserver,percent005_day1_case1,tv_te_ss2,S007,ss2,Fx,0.080137465965271,0.942407302203125
biomechserver,percent005_day1_case1,tv_te_ss2,S007,ss2,Fz,0.0876786314452878,0.941477744131239
biomechserver,percent005_day1_case1,tv_te_ss2,S008,ss2,Fx,0.1131309748287679,0.9150988042215876
biomechserver,percent005_day1_case1,tv_te_ss2,S008,ss2,Fz,0.0903567812330163,0.9677167967358212
biomechserver,percent005_day1_case1,tv_te_ss2,S009,ss2,Fx,0.0685894282168962,0.9665790422487592
biomechserver,percent005_day1_case1,tv_te_ss2,S009,ss2,Fz,0.0794899204197821,0.9623248047777304
biomechserver,percent005_day1_case1,tv_te_ss2,S010,ss2,Fx,0.092049563712801,0.9463118967201064
biomechserver,percent005_day1_case1,tv_te_ss2,S010,ss2,Fz,0.0723265921107232,0.9721780878280124
biomechserver,percent005_day1_case1,tv_te_ss2,S011,ss2,Fx,0.0669951932992286,0.9743137081045088
biomechserver,percent005_day1_case1,tv_te_ss2,S011,ss2,Fz,0.1016800207957,0.974534131149148
biomechserver,percent005_day1_case1,tv_te_ss2,S012,ss2,Fx,0.2136332374092629,0.6495222941784901
biomechserver,percent005_day1_case1,tv_te_ss2,S012,ss2,Fz,0.2430181802218055,0.7915832025231156
biomechserver,percent005_day1_case1,tv_te_ss2,S013,ss2,Fx,0.0849854268852039,0.945240177694314
biomechserver,percent005_day1_case1,tv_te_ss2,S013,ss2,Fz,0.1005146346818357,0.9401195080432452
biomechserver,percent005_day1_case1,tv_te_ss2,S015,ss2,Fx,0.0617125168591287,0.9678174011877444
biomechserver,percent005_day1_case1,tv_te_ss2,S015,ss2,Fz,0.0680624477961406,0.969329263835888
biomechserver,percent005_day1_case1,tv_te_ss2,S016,ss2,Fx,0.2084371333837282,0.6767000128880278
biomechserver,percent005_day1_case1,tv_te_ss2,S016,ss2,Fz,0.1422654586006838,0.9041733287549903
biomechserver,percent005_day1_case1,tv_te_ss2,S017,ss2,Fx,0.0789482688292234,0.9467759399853406
biomechserver,percent005_day1_case1,tv_te_ss2,S017,ss2,Fz,0.0740092814172386,0.9480583816239908
biomechserver,percent005_day1_case1,tv_te_ss2,S018,ss2,Fx,0.1129828778719372,0.8976320301494164
biomechserver,percent005_day1_case1,tv_te_ss2,S018,ss2,Fz,0.0867925792599834,0.9581524847341812
biomechserver,percent005_day1_case1,tv_te_ss2,S019,ss2,Fx,0.0768810822329398,0.96021684167825
biomechserver,percent005_day1_case1,tv_te_ss2,S019,ss2,Fz,0.0693331238634076,0.9679033288664948
biomechserver,percent005_day1_case1,tv_te_ss3,S001,ss3,Fx,0.0816131504034505,0.9369619337280116
biomechserver,percent005_day1_case1,tv_te_ss3,S001,ss3,Fz,0.0537730847484501,0.9830268232415148
biomechserver,percent005_day1_case1,tv_te_ss3,S002,ss3,Fx,0.0649156130104092,0.9675980195571348
biomechserver,percent005_day1_case1,tv_te_ss3,S002,ss3,Fz,0.0744283864158545,0.9818717168718488
biomechserver,percent005_day1_case1,tv_te_ss3,S003,ss3,Fx,0.0904118037318692,0.9328466680357924
biomechserver,percent005_day1_case1,tv_te_ss3,S003,ss3,Fz,0.075533438367844,0.9784239634066298
biomechserver,percent005_day1_case1,tv_te_ss3,S004,ss3,Fx,0.0986193812928213,0.943549498432602
biomechserver,percent005_day1_case1,tv_te_ss3,S004,ss3,Fz,0.0715131250405137,0.9710319955710276
biomechserver,percent005_day1_case1,tv_te_ss3,S005,ss3,Fx,0.069535560969021,0.9665178692080664
biomechserver,percent005_day1_case1,tv_te_ss3,S005,ss3,Fz,0.1060316664567969,0.9710328912827852
biomechserver,percent005_day1_case1,tv_te_ss3,S006,ss3,Fx,0.0819270800126435,0.9554585842531544
biomechserver,percent005_day1_case1,tv_te_ss3,S006,ss3,Fz,0.0899365523958432,0.9645070254235756
biomechserver,percent005_day1_case1,tv_te_ss3,S007,ss3,Fx,0.0661146800636853,0.9698572674179986
biomechserver,percent005_day1_case1,tv_te_ss3,S007,ss3,Fz,0.0739445092746485,0.9685912521288094
biomechserver,percent005_day1_case1,tv_te_ss3,S008,ss3,Fx,0.0724567351934622,0.9785334814710204
biomechserver,percent005_day1_case1,tv_te_ss3,S008,ss3,Fz,0.0934662385193476,0.9741450356644672
biomechserver,percent005_day1_case1,tv_te_ss3,S009,ss3,Fx,0.0590580135564356,0.9740674765288008
biomechserver,percent005_day1_case1,tv_te_ss3,S009,ss3,Fz,0.0859100897019762,0.9743593341859288
biomechserver,percent005_day1_case1,tv_te_ss3,S010,ss3,Fx,0.0781444655224557,0.952420681760867
biomechserver,percent005_day1_case1,tv_te_ss3,S010,ss3,Fz,0.0632640534901281,0.9729722564813116
biomechserver,percent005_day1_case1,tv_te_ss3,S013,ss3,Fx,0.0664364345207406,0.9719214626163492
biomechserver,percent005_day1_case1,tv_te_ss3,S013,ss3,Fz,0.0735392555379494,0.9704516770772652
biomechserver,percent005_day1_case1,tv_te_ss3,S014,ss3,Fx,0.0938474515249262,0.9504865123623388
biomechserver,percent005_day1_case1,tv_te_ss3,S014,ss3,Fz,0.142001304676209,0.897246694414727
biomechserver,percent005_day1_case1,tv_te_ss3,S015,ss3,Fx,0.1160617677462838,0.8887851607688694
biomechserver,percent005_day1_case1,tv_te_ss3,S015,ss3,Fz,0.0640255335101472,0.9717575436146236
biomechserver,percent005_day1_case1,tv_te_ss3,S016,ss3,Fx,0.1698669317012489,0.858442987580328
biomechserver,percent005_day1_case1,tv_te_ss3,S016,ss3,Fz,0.0867565197697946,0.9589226628373364
biomechserver,percent005_day1_case1,tv_te_ss3,S017,ss3,Fx,0.0768892005881377,0.9519443802099024
biomechserver,percent005_day1_case1,tv_te_ss3,S017,ss3,Fz,0.0686550171178696,0.968714374476416
biomechserver,percent005_day1_case1,tv_te_ss3,S018,ss3,Fx,0.0913792299397004,0.926786681691262
biomechserver,percent005_day1_case1,tv_te_ss3,S018,ss3,Fz,0.0689394737086787,0.9725290424010414
biomechserver,percent005_day1_case1,tv_te_ss3,S019,ss3,Fx,0.077018486737459,0.956633452791036
biomechserver,percent005_day1_case1,tv_te_ss3,S019,ss3,Fz,0.0846529535614833,0.9510720303602516
biomechserver,percent010_day1_case1,tv_ss1__te_ss2ss3,S001,ss2,Fx,0.0890570816707945,0.9450968080763424
biomechserver,percent010_day1_case1,tv_ss1__te_ss2ss3,S001,ss2,Fz,0.0948579710614577,0.9592121953351812
biomechserver,percent010_day1_case1,tv_ss1__te_ss2ss3,S001,ss3,Fx,0.115684404798271,0.9232220827691664
biomechserver,percent010_day1_case1,tv_ss1__te_ss2ss3,S001,ss3,Fz,0.1119747108945352,0.9518101898474872
biomechserver,percent010_day1_case1,tv_ss1__te_ss2ss3,S002,ss2,Fx,0.0908327384990086,0.9404517342189476
biomechserver,percent010_day1_case1,tv_ss1__te_ss2ss3,S002,ss2,Fz,0.1012042836952346,0.9468735530972192
biomechserver,percent010_day1_case1,tv_ss1__te_ss2ss3,S002,ss3,Fx,0.1102369943993328,0.938155470302208
biomechserver,percent010_day1_case1,tv_ss1__te_ss2ss3,S002,ss3,Fz,0.1085564717972702,0.9457422948055254
biomechserver,percent010_day1_case1,tv_ss1__te_ss2ss3,S003,ss2,Fx,0.0924561320408156,0.954806846915666
biomechserver,percent010_day1_case1,tv_ss1__te_ss2ss3,S003,ss2,Fz,0.1232824572708479,0.9363942053782864
biomechserver,percent010_day1_case1,tv_ss1__te_ss2ss3,S003,ss3,Fx,0.1192017569558467,0.9207902312883566
biomechserver,percent010_day1_case1,tv_ss1__te_ss2ss3,S003,ss3,Fz,0.1433090547105218,0.9229869863911324
biomechserver,percent010_day1_case1,tv_ss1__te_ss2ss3,S004,ss2,Fx,0.1285106727118134,0.9103713585626106
biomechserver,percent010_day1_case1,tv_ss1__te_ss2ss3,S004,ss2,Fz,0.1294469309535098,0.8997921128437979
biomechserver,percent010_day1_case1,tv_ss1__te_ss2ss3,S004,ss3,Fx,0.1478148461350406,0.8812080121622613
biomechserver,percent010_day1_case1,tv_ss1__te_ss2ss3,S004,ss3,Fz,0.1304268417300237,0.8966748486213497
biomechserver,percent010_day1_case1,tv_ss1__te_ss2ss3,S005,ss2,Fx,0.0807480958569966,0.9722496456195118
biomechserver,percent010_day1_case1,tv_ss1__te_ss2ss3,S005,ss2,Fz,0.0984947413009415,0.9489426995795572
biomechserver,percent010_day1_case1,tv_ss1__te_ss2ss3,S005,ss3,Fx,0.1062827715824769,0.9574428379080202
biomechserver,percent010_day1_case1,tv_ss1__te_ss2ss3,S005,ss3,Fz,0.1030031353928077,0.9412523603573764
biomechserver,percent010_day1_case1,tv_ss1__te_ss2ss3,S006,ss2,Fx,0.1044393161326871,0.9434934474737492
biomechserver,percent010_day1_case1,tv_ss1__te_ss2ss3,S006,ss2,Fz,0.1093333881660369,0.9221527256523044
biomechserver,percent010_day1_case1,tv_ss1__te_ss2ss3,S006,ss3,Fx,0.1233393311709808,0.9190339764595836
biomechserver,percent010_day1_case1,tv_ss1__te_ss2ss3,S006,ss3,Fz,0.1250274200403023,0.925672519406323
biomechserver,percent010_day1_case1,tv_ss1__te_ss2ss3,S007,ss2,Fx,0.1040366867767906,0.9206264943872778
biomechserver,percent010_day1_case1,tv_ss1__te_ss2ss3,S007,ss2,Fz,0.102163448708554,0.9354239038561404
biomechserver,percent010_day1_case1,tv_ss1__te_ss2ss3,S007,ss3,Fx,0.1359249486641291,0.8994511049969999
biomechserver,percent010_day1_case1,tv_ss1__te_ss2ss3,S007,ss3,Fz,0.1099506788846221,0.925270575217444
biomechserver,percent010_day1_case1,tv_ss1__te_ss2ss3,S008,ss2,Fx,0.1407477018299035,0.885320861333075
biomechserver,percent010_day1_case1,tv_ss1__te_ss2ss3,S008,ss2,Fz,0.0863995703565437,0.9640663881598008
biomechserver,percent010_day1_case1,tv_ss1__te_ss2ss3,S008,ss3,Fx,0.1649014485513186,0.8758590764688705
biomechserver,percent010_day1_case1,tv_ss1__te_ss2ss3,S008,ss3,Fz,0.1076509564824043,0.9421033493789508
biomechserver,percent010_day1_case1,tv_ss1__te_ss2ss3,S009,ss2,Fx,0.0894197161981956,0.953262130224522
biomechserver,percent010_day1_case1,tv_ss1__te_ss2ss3,S009,ss2,Fz,0.0996385748351987,0.9394862300107266
biomechserver,percent010_day1_case1,tv_ss1__te_ss2ss3,S009,ss3,Fx,0.1137048629947975,0.9425584163574516
biomechserver,percent010_day1_case1,tv_ss1__te_ss2ss3,S009,ss3,Fz,0.1073842988016604,0.9423681885822968
biomechserver,percent010_day1_case1,tv_ss1__te_ss2ss3,S010,ss2,Fx,0.0926367454470367,0.9473577087713468
biomechserver,percent010_day1_case1,tv_ss1__te_ss2ss3,S010,ss2,Fz,0.1001573794244033,0.9405280345564816
biomechserver,percent010_day1_case1,tv_ss1__te_ss2ss3,S010,ss3,Fx,0.1191741711341162,0.9218443005186638
biomechserver,percent010_day1_case1,tv_ss1__te_ss2ss3,S010,ss3,Fz,0.1079766417819503,0.946999057379022
biomechserver,percent010_day1_case1,tv_ss1__te_ss2ss3,S011,ss2,Fx,0.0734997808472373,0.9663556377983936
biomechserver,percent010_day1_case1,tv_ss1__te_ss2ss3,S011,ss2,Fz,0.1307721100360478,0.9471003403841558
biomechserver,percent010_day1_case1,tv_ss1__te_ss2ss3,S012,ss2,Fx,0.1702726831649388,0.8391837236863892
biomechserver,percent010_day1_case1,tv_ss1__te_ss2ss3,S012,ss2,Fz,0.2155632851907569,0.8427844733394683
biomechserver,percent010_day1_case1,tv_ss1__te_ss2ss3,S013,ss2,Fx,0.1304310615242815,0.8864583422994337
biomechserver,percent010_day1_case1,tv_ss1__te_ss2ss3,S013,ss2,Fz,0.1021084915061152,0.9464084379877782
biomechserver,percent010_day1_case1,tv_ss1__te_ss2ss3,S013,ss3,Fx,0.1519572306743919,0.8511193238569763
biomechserver,percent010_day1_case1,tv_ss1__te_ss2ss3,S013,ss3,Fz,0.1102645687318325,0.9332047926723184
biomechserver,percent010_day1_case1,tv_ss1__te_ss2ss3,S014,ss3,Fx,0.1664963252233889,0.8030083167772117
biomechserver,percent010_day1_case1,tv_ss1__te_ss2ss3,S014,ss3,Fz,0.1855412325875707,0.824512604599724
biomechserver,percent010_day1_case1,tv_ss1__te_ss2ss3,S015,ss2,Fx,0.0931958725889803,0.9465902166578822
biomechserver,percent010_day1_case1,tv_ss1__te_ss2ss3,S015,ss2,Fz,0.0924325689418576,0.944141558315098
biomechserver,percent010_day1_case1,tv_ss1__te_ss2ss3,S015,ss3,Fx,0.1208083878975361,0.9137332866708204
biomechserver,percent010_day1_case1,tv_ss1__te_ss2ss3,S015,ss3,Fz,0.0976226305315887,0.9384998165246828
biomechserver,percent010_day1_case1,tv_ss1__te_ss2ss3,S016,ss2,Fx,0.1483542176650263,0.8641532367257913
biomechserver,percent010_day1_case1,tv_ss1__te_ss2ss3,S016,ss2,Fz,0.1608135270412182,0.8402360722798652
biomechserver,percent010_day1_case1,tv_ss1__te_ss2ss3,S016,ss3,Fx,0.1518472794580183,0.8740323050848673
biomechserver,percent010_day1_case1,tv_ss1__te_ss2ss3,S016,ss3,Fz,0.1536980085176703,0.8610362693898965
biomechserver,percent010_day1_case1,tv_ss1__te_ss2ss3,S017,ss2,Fx,0.0803608552314903,0.948649538729048
biomechserver,percent010_day1_case1,tv_ss1__te_ss2ss3,S017,ss2,Fz,0.0982551882533182,0.9227650768538316
biomechserver,percent010_day1_case1,tv_ss1__te_ss2ss3,S017,ss3,Fx,0.1159729041763884,0.9147437174966768
biomechserver,percent010_day1_case1,tv_ss1__te_ss2ss3,S017,ss3,Fz,0.1255789138760295,0.918348339158374
biomechserver,percent010_day1_case1,tv_ss1__te_ss2ss3,S018,ss2,Fx,0.123901737164795,0.8847131863997199
biomechserver,percent010_day1_case1,tv_ss1__te_ss2ss3,S018,ss2,Fz,0.09524627727793,0.960540863976329
biomechserver,percent010_day1_case1,tv_ss1__te_ss2ss3,S018,ss3,Fx,0.1633400849516232,0.7762521829202041
biomechserver,percent010_day1_case1,tv_ss1__te_ss2ss3,S018,ss3,Fz,0.1199791475651098,0.9487444281881552
biomechserver,percent010_day1_case1,tv_ss1__te_ss2ss3,S019,ss2,Fx,0.113797085586722,0.9365115235213416
biomechserver,percent010_day1_case1,tv_ss1__te_ss2ss3,S019,ss2,Fz,0.0954802227191852,0.964285930164735
biomechserver,percent010_day1_case1,tv_ss1__te_ss2ss3,S019,ss3,Fx,0.156360387696843,0.8562611256624161
biomechserver,percent010_day1_case1,tv_ss1__te_ss2ss3,S019,ss3,Fz,0.1181887300247865,0.9350452606486708
biomechserver,percent010_day1_case1,tv_ss2__te_ss1ss3,S001,ss1,Fx,0.1099164074894867,0.8988807513006908
biomechserver,percent010_day1_case1,tv_ss2__te_ss1ss3,S001,ss1,Fz,0.081355327689693,0.9577056553182524
biomechserver,percent010_day1_case1,tv_ss2__te_ss1ss3,S001,ss3,Fx,0.0739942639821937,0.9674026455338902
biomechserver,percent010_day1_case1,tv_ss2__te_ss1ss3,S001,ss3,Fz,0.0419943996689364,0.9901007189808804
biomechserver,percent010_day1_case1,tv_ss2__te_ss1ss3,S002,ss1,Fx,0.1148132011748859,0.9095515352519662
biomechserver,percent010_day1_case1,tv_ss2__te_ss1ss3,S002,ss1,Fz,0.0979283442182836,0.941977289082946
biomechserver,percent010_day1_case1,tv_ss2__te_ss1ss3,S002,ss3,Fx,0.0754437493900209,0.9533161972930964
biomechserver,percent010_day1_case1,tv_ss2__te_ss1ss3,S002,ss3,Fz,0.086097088805026,0.9715709616514686
biomechserver,percent010_day1_case1,tv_ss2__te_ss1ss3,S003,ss1,Fx,0.2205219288018545,0.386507135716808
biomechserver,percent010_day1_case1,tv_ss2__te_ss1ss3,S003,ss1,Fz,0.2541657235265327,0.329346879068209
biomechserver,percent010_day1_case1,tv_ss2__te_ss1ss3,S003,ss3,Fx,0.0825092955883889,0.9576428793737414
biomechserver,percent010_day1_case1,tv_ss2__te_ss1ss3,S003,ss3,Fz,0.0922131996797111,0.9650468294770632
biomechserver,percent010_day1_case1,tv_ss2__te_ss1ss3,S004,ss1,Fx,0.1836813892626084,0.8490106362860349
biomechserver,percent010_day1_case1,tv_ss2__te_ss1ss3,S004,ss1,Fz,0.1571756734345613,0.912735337969042
biomechserver,percent010_day1_case1,tv_ss2__te_ss1ss3,S004,ss3,Fx,0.109148434188944,0.9501035150182968
biomechserver,percent010_day1_case1,tv_ss2__te_ss1ss3,S004,ss3,Fz,0.0845308323567896,0.9555255770776724
biomechserver,percent010_day1_case1,tv_ss2__te_ss1ss3,S005,ss1,Fx,0.0885498895025306,0.9452647947410336
biomechserver,percent010_day1_case1,tv_ss2__te_ss1ss3,S005,ss1,Fz,0.1375625088127114,0.9415000156571616
biomechserver,percent010_day1_case1,tv_ss2__te_ss1ss3,S005,ss3,Fx,0.057929213533766,0.9860749658248964
biomechserver,percent010_day1_case1,tv_ss2__te_ss1ss3,S005,ss3,Fz,0.0687864415058042,0.9759488454255256
biomechserver,percent010_day1_case1,tv_ss2__te_ss1ss3,S006,ss1,Fx,0.075476094415643,0.960029075455755
biomechserver,percent010_day1_case1,tv_ss2__te_ss1ss3,S006,ss1,Fz,0.0718061100550395,0.9625790679323868
biomechserver,percent010_day1_case1,tv_ss2__te_ss1ss3,S006,ss3,Fx,0.0791304691106103,0.9584686724815182
biomechserver,percent010_day1_case1,tv_ss2__te_ss1ss3,S006,ss3,Fz,0.0757263044117851,0.9770396214461592
biomechserver,percent010_day1_case1,tv_ss2__te_ss1ss3,S007,ss1,Fx,0.084265477544852,0.9550989299835868
biomechserver,percent010_day1_case1,tv_ss2__te_ss1ss3,S007,ss1,Fz,0.1094369852078367,0.9251357038957456
biomechserver,percent010_day1_case1,tv_ss2__te_ss1ss3,S007,ss3,Fx,0.0737057248806998,0.9699023225333744
biomechserver,percent010_day1_case1,tv_ss2__te_ss1ss3,S007,ss3,Fz,0.0640797988308699,0.9729051860297367
biomechserver,percent010_day1_case1,tv_ss2__te_ss1ss3,S008,ss1,Fx,0.1242467189066138,0.9091263188018956
biomechserver,percent010_day1_case1,tv_ss2__te_ss1ss3,S008,ss1,Fz,0.1146426180592215,0.9489442349147788
biomechserver,percent010_day1_case1,tv_ss2__te_ss1ss3,S008,ss3,Fx,0.1146838733288054,0.9391517292366448
biomechserver,percent010_day1_case1,tv_ss2__te_ss1ss3,S008,ss3,Fz,0.0890368918698044,0.9781481196607276
biomechserver,percent010_day1_case1,tv_ss2__te_ss1ss3,S009,ss1,Fx,0.0822137412373624,0.9497288220233698
biomechserver,percent010_day1_case1,tv_ss2__te_ss1ss3,S009,ss1,Fz,0.1406215985765726,0.9006466818582195
biomechserver,percent010_day1_case1,tv_ss2__te_ss1ss3,S009,ss3,Fx,0.0668676677768354,0.968630321884019
biomechserver,percent010_day1_case1,tv_ss2__te_ss1ss3,S009,ss3,Fz,0.0877167672111237,0.9713001640638024
biomechserver,percent010_day1_case1,tv_ss2__te_ss1ss3,S010,ss1,Fx,0.09058706416473,0.9309523498912968
biomechserver,percent010_day1_case1,tv_ss2__te_ss1ss3,S010,ss1,Fz,0.0817698669955943,0.9381136556673596
biomechserver,percent010_day1_case1,tv_ss2__te_ss1ss3,S010,ss3,Fx,0.0733980908062352,0.9708407471406127
biomechserver,percent010_day1_case1,tv_ss2__te_ss1ss3,S010,ss3,Fz,0.0578009445612692,0.980368527587228
biomechserver,percent010_day1_case1,tv_ss2__te_ss1ss3,S011,ss1,Fx,0.0777018565251299,0.9705305772335876
biomechserver,percent010_day1_case1,tv_ss2__te_ss1ss3,S011,ss1,Fz,0.1190858916835691,0.9503216504575038
biomechserver,percent010_day1_case1,tv_ss2__te_ss1ss3,S012,ss1,Fx,0.3301534186761209,0.2725675654857915
biomechserver,percent010_day1_case1,tv_ss2__te_ss1ss3,S012,ss1,Fz,0.196536492473279,0.7273336940652855
biomechserver,percent010_day1_case1,tv_ss2__te_ss1ss3,S013,ss1,Fx,0.0945450006856738,0.9303165258289
biomechserver,percent010_day1_case1,tv_ss2__te_ss1ss3,S013,ss1,Fz,0.1174911816623444,0.9140073374356036
biomechserver,percent010_day1_case1,tv_ss2__te_ss1ss3,S013,ss3,Fx,0.0493110861308947,0.9867171358413996
biomechserver,percent010_day1_case1,tv_ss2__te_ss1ss3,S013,ss3,Fz,0.056416472327844,0.9809361108289754
biomechserver,percent010_day1_case1,tv_ss2__te_ss1ss3,S015,ss1,Fx,0.0872877656661711,0.9403657059349492
biomechserver,percent010_day1_case1,tv_ss2__te_ss1ss3,S015,ss1,Fz,0.0849933595931452,0.9429887317015428
biomechserver,percent010_day1_case1,tv_ss2__te_ss1ss3,S015,ss3,Fx,0.1047990678310249,0.9200989903284612
biomechserver,percent010_day1_case1,tv_ss2__te_ss1ss3,S015,ss3,Fz,0.0727741267508756,0.9658636574216058
biomechserver,percent010_day1_case1,tv_ss2__te_ss1ss3,S016,ss1,Fx,0.2608572131740421,0.5848506734557021
biomechserver,percent010_day1_case1,tv_ss2__te_ss1ss3,S016,ss1,Fz,0.0981399943953989,0.9450069685259154
biomechserver,percent010_day1_case1,tv_ss2__te_ss1ss3,S016,ss3,Fx,0.149038754343651,0.8673180819539074
biomechserver,percent010_day1_case1,tv_ss2__te_ss1ss3,S016,ss3,Fz,0.0918343207085281,0.9510897056502816
biomechserver,percent010_day1_case1,tv_ss2__te_ss1ss3,S017,ss1,Fx,0.1268381872358104,0.8982386850715403
biomechserver,percent010_day1_case1,tv_ss2__te_ss1ss3,S017,ss1,Fz,0.0832488925759998,0.9269601204856764
biomechserver,percent010_day1_case1,tv_ss2__te_ss1ss3,S017,ss3,Fx,0.0827264475742721,0.9500068483220648
biomechserver,percent010_day1_case1,tv_ss2__te_ss1ss3,S017,ss3,Fz,0.0750291800963076,0.9655419666995751
biomechserver,percent010_day1_case1,tv_ss2__te_ss1ss3,S018,ss1,Fx,0.1269965755614653,0.884565657760786
biomechserver,percent010_day1_case1,tv_ss2__te_ss1ss3,S018,ss1,Fz,0.1321431783439092,0.9115067601943052
biomechserver,percent010_day1_case1,tv_ss2__te_ss1ss3,S018,ss3,Fx,0.0874077005955559,0.9364443652155582
biomechserver,percent010_day1_case1,tv_ss2__te_ss1ss3,S018,ss3,Fz,0.0999027130022886,0.9652971515027888
biomechserver,percent010_day1_case1,tv_ss2__te_ss1ss3,S019,ss1,Fx,0.1176311434302936,0.9269399488679576
biomechserver,percent010_day1_case1,tv_ss2__te_ss1ss3,S019,ss1,Fz,0.1091334363911957,0.9153460656545456
biomechserver,percent010_day1_case1,tv_ss2__te_ss1ss3,S019,ss3,Fx,0.0916206105682179,0.9442570173395872
biomechserver,percent010_day1_case1,tv_ss2__te_ss1ss3,S019,ss3,Fz,0.0935435843241928,0.9416551510036564
lab6079,percent010_day1_case1,tv_ss3__te_ss1ss2,S001,ss1,Fx,0.1934294209225854,0.7321732393973908
lab6079,percent010_day1_case1,tv_ss3__te_ss1ss2,S001,ss1,Fz,0.0999090586531907,0.9362253248094978
lab6079,percent010_day1_case1,tv_ss3__te_ss1ss2,S001,ss2,Fx,0.1239482474182925,0.8772239570878749
lab6079,percent010_day1_case1,tv_ss3__te_ss1ss2,S001,ss2,Fz,0.0661490441753113,0.974307744481998
lab6079,percent010_day1_case1,tv_ss3__te_ss1ss2,S002,ss1,Fx,0.2156252841123554,0.8882076188011547
lab6079,percent010_day1_case1,tv_ss3__te_ss1ss2,S002,ss1,Fz,0.1138565016665926,0.9088391792843028
lab6079,percent010_day1_case1,tv_ss3__te_ss1ss2,S002,ss2,Fx,0.1124196958442618,0.9466173146115352
lab6079,percent010_day1_case1,tv_ss3__te_ss1ss2,S002,ss2,Fz,0.0802082274319812,0.9685663260410312
lab6079,percent010_day1_case1,tv_ss3__te_ss1ss2,S003,ss1,Fx,0.2394531068923734,0.4218198057815306
lab6079,percent010_day1_case1,tv_ss3__te_ss1ss2,S003,ss1,Fz,0.3123523459662327,0.3072570268046436
lab6079,percent010_day1_case1,tv_ss3__te_ss1ss2,S003,ss2,Fx,0.0873003002121487,0.9525552258822736
lab6079,percent010_day1_case1,tv_ss3__te_ss1ss2,S003,ss2,Fz,0.0963051037267513,0.9672643659315732
lab6079,percent010_day1_case1,tv_ss3__te_ss1ss2,S004,ss1,Fx,0.1493191093829847,0.8803977768176956
lab6079,percent010_day1_case1,tv_ss3__te_ss1ss2,S004,ss1,Fz,0.2578299267339216,0.8852574797399265
lab6079,percent010_day1_case1,tv_ss3__te_ss1ss2,S004,ss2,Fx,0.0978737478399728,0.9593393058167
lab6079,percent010_day1_case1,tv_ss3__te_ss1ss2,S004,ss2,Fz,0.1199671618355661,0.9446051837678908
lab6079,percent010_day1_case1,tv_ss3__te_ss1ss2,S005,ss1,Fx,0.132892608929557,0.9100426857518564
lab6079,percent010_day1_case1,tv_ss3__te_ss1ss2,S005,ss1,Fz,0.173804850607164,0.8643391738133256
lab6079,percent010_day1_case1,tv_ss3__te_ss1ss2,S005,ss2,Fx,0.0774436938739984,0.9559352854540886
lab6079,percent010_day1_case1,tv_ss3__te_ss1ss2,S005,ss2,Fz,0.1205616800703172,0.9463435685347042
lab6079,percent010_day1_case1,tv_ss3__te_ss1ss2,S006,ss1,Fx,0.0945123362264071,0.9492540371900268
lab6079,percent010_day1_case1,tv_ss3__te_ss1ss2,S006,ss1,Fz,0.1021840769795133,0.9374937880952414
lab6079,percent010_day1_case1,tv_ss3__te_ss1ss2,S006,ss2,Fx,0.071509165009354,0.967787841546352
lab6079,percent010_day1_case1,tv_ss3__te_ss1ss2,S006,ss2,Fz,0.0713649349944916,0.9688909208387444
lab6079,percent010_day1_case1,tv_ss3__te_ss1ss2,S007,ss1,Fx,0.1543066716195458,0.9393467945815795
lab6079,percent010_day1_case1,tv_ss3__te_ss1ss2,S007,ss1,Fz,0.1270435558245312,0.9006430185691672
lab6079,percent010_day1_case1,tv_ss3__te_ss1ss2,S007,ss2,Fx,0.0833672674420018,0.957856174888964
lab6079,percent010_day1_case1,tv_ss3__te_ss1ss2,S007,ss2,Fz,0.0799857025632995,0.9600441953632745
lab6079,percent010_day1_case1,tv_ss3__te_ss1ss2,S008,ss1,Fx,0.1669845017309507,0.8558331198340766
lab6079,percent010_day1_case1,tv_ss3__te_ss1ss2,S008,ss1,Fz,0.167964783295146,0.8924884913061901
lab6079,percent010_day1_case1,tv_ss3__te_ss1ss2,S008,ss2,Fx,0.0952491263145197,0.938798960978976
lab6079,percent010_day1_case1,tv_ss3__te_ss1ss2,S008,ss2,Fz,0.1031079454806969,0.96665875267345
lab6079,percent010_day1_case1,tv_ss3__te_ss1ss2,S009,ss1,Fx,0.1355042735313922,0.8939905406552958
lab6079,percent010_day1_case1,tv_ss3__te_ss1ss2,S009,ss1,Fz,0.1706163843375187,0.8541653429655877
lab6079,percent010_day1_case1,tv_ss3__te_ss1ss2,S009,ss2,Fx,0.0613093185692608,0.9727585249966684
lab6079,percent010_day1_case1,tv_ss3__te_ss1ss2,S009,ss2,Fz,0.0887961842223533,0.9648623640492088
lab6079,percent010_day1_case1,tv_ss3__te_ss1ss2,S010,ss1,Fx,0.1858539858306885,0.897970472291877
lab6079,percent010_day1_case1,tv_ss3__te_ss1ss2,S010,ss1,Fz,0.1018081194499009,0.9049225438630945
lab6079,percent010_day1_case1,tv_ss3__te_ss1ss2,S010,ss2,Fx,0.0948892449124866,0.9515776937627148
lab6079,percent010_day1_case1,tv_ss3__te_ss1ss2,S010,ss2,Fz,0.0643329840280648,0.9707498053271846
lab6079,percent010_day1_case1,tv_ss3__te_ss1ss2,S013,ss1,Fx,0.1361005188075537,0.9029856093334208
lab6079,percent010_day1_case1,tv_ss3__te_ss1ss2,S013,ss1,Fz,0.2427603912398724,0.839213920497253
lab6079,percent010_day1_case1,tv_ss3__te_ss1ss2,S013,ss2,Fx,0.0939467627478413,0.9401725637728034
lab6079,percent010_day1_case1,tv_ss3__te_ss1ss2,S013,ss2,Fz,0.0991729872473751,0.9486268611850486
lab6079,percent010_day1_case1,tv_ss3__te_ss1ss2,S014,ss1,Fx,0.3354112552503332,0.4822860927875962
lab6079,percent010_day1_case1,tv_ss3__te_ss1ss2,S014,ss1,Fz,0.217080642451973,0.6870906732534791
lab6079,percent010_day1_case1,tv_ss3__te_ss1ss2,S015,ss1,Fx,0.1111355923318752,0.9048191227616972
lab6079,percent010_day1_case1,tv_ss3__te_ss1ss2,S015,ss1,Fz,0.1255644810628529,0.9150557351804164
lab6079,percent010_day1_case1,tv_ss3__te_ss1ss2,S015,ss2,Fx,0.0710354490447606,0.957555771434232
lab6079,percent010_day1_case1,tv_ss3__te_ss1ss2,S015,ss2,Fz,0.0699608101686472,0.9736191504522242
lab6079,percent010_day1_case1,tv_ss3__te_ss1ss2,S016,ss1,Fx,0.3118470216500027,0.7590633212788633
lab6079,percent010_day1_case1,tv_ss3__te_ss1ss2,S016,ss1,Fz,0.1158067827557135,0.9299860174544748
lab6079,percent010_day1_case1,tv_ss3__te_ss1ss2,S016,ss2,Fx,0.1580410425310523,0.9307147301880896
lab6079,percent010_day1_case1,tv_ss3__te_ss1ss2,S016,ss2,Fz,0.0945698837539943,0.9487443227961012
lab6079,percent010_day1_case1,tv_ss3__te_ss1ss2,S017,ss1,Fx,0.1731813678442575,0.8204654901973318
lab6079,percent010_day1_case1,tv_ss3__te_ss1ss2,S017,ss1,Fz,0.1032016942717861,0.9030031362186304
lab6079,percent010_day1_case1,tv_ss3__te_ss1ss2,S017,ss2,Fx,0.0755448793100986,0.9510115317406036
lab6079,percent010_day1_case1,tv_ss3__te_ss1ss2,S017,ss2,Fz,0.0728235142517042,0.9474799972781336
lab6079,percent010_day1_case1,tv_ss3__te_ss1ss2,S018,ss1,Fx,0.1387669086275758,0.8643672926800577
lab6079,percent010_day1_case1,tv_ss3__te_ss1ss2,S018,ss1,Fz,0.2608462843418291,0.909561745371152
lab6079,percent010_day1_case1,tv_ss3__te_ss1ss2,S018,ss2,Fx,0.0855734539688059,0.9424404421602836
lab6079,percent010_day1_case1,tv_ss3__te_ss1ss2,S018,ss2,Fz,0.091035989544544,0.9744630686053276
lab6079,percent010_day1_case1,tv_ss3__te_ss1ss2,S019,ss1,Fx,0.2409288261879971,0.835761546373625
lab6079,percent010_day1_case1,tv_ss3__te_ss1ss2,S019,ss1,Fz,0.1449479942359202,0.8608287652775679
lab6079,percent010_day1_case1,tv_ss3__te_ss1ss2,S019,ss2,Fx,0.0738840494603545,0.9646471434118828
lab6079,percent010_day1_case1,tv_ss3__te_ss1ss2,S019,ss2,Fz,0.0635200254380461,0.9776050295205266
biomechserver,percent010_day1_case1,tv_te_ss1,S001,ss1,Fx,0.0814893541577407,0.9397132784720116
biomechserver,percent010_day1_case1,tv_te_ss1,S001,ss1,Fz,0.0858213351961025,0.9560452441835476
biomechserver,percent010_day1_case1,tv_te_ss1,S002,ss1,Fx,0.0901367606986444,0.9300155333754336
biomechserver,percent010_day1_case1,tv_te_ss1,S002,ss1,Fz,0.1013595316080773,0.9310588305642052
biomechserver,percent010_day1_case1,tv_te_ss1,S003,ss1,Fx,0.2018816145152453,0.429362187211051
biomechserver,percent010_day1_case1,tv_te_ss1,S003,ss1,Fz,0.2423481156603826,0.3402135075399784
biomechserver,percent010_day1_case1,tv_te_ss1,S004,ss1,Fx,0.1181407597063295,0.917520860454997
biomechserver,percent010_day1_case1,tv_te_ss1,S004,ss1,Fz,0.1133876962024286,0.9110743371964524
biomechserver,percent010_day1_case1,tv_te_ss1,S005,ss1,Fx,0.082847993734527,0.9454742116746092
biomechserver,percent010_day1_case1,tv_te_ss1,S005,ss1,Fz,0.1102819152495175,0.9537788005199588
biomechserver,percent010_day1_case1,tv_te_ss1,S006,ss1,Fx,0.0763829178035725,0.9584389973632236
biomechserver,percent010_day1_case1,tv_te_ss1,S006,ss1,Fz,0.1137712467203841,0.9179194753431852
biomechserver,percent010_day1_case1,tv_te_ss1,S007,ss1,Fx,0.091441211139355,0.9354941307334624
biomechserver,percent010_day1_case1,tv_te_ss1,S007,ss1,Fz,0.1110209122680607,0.9339768793682366
biomechserver,percent010_day1_case1,tv_te_ss1,S008,ss1,Fx,0.0950332774707483,0.93274672137743
biomechserver,percent010_day1_case1,tv_te_ss1,S008,ss1,Fz,0.0984465548623054,0.9648385916774908
biomechserver,percent010_day1_case1,tv_te_ss1,S009,ss1,Fx,0.0865672707795093,0.9373313668092056
biomechserver,percent010_day1_case1,tv_te_ss1,S009,ss1,Fz,0.1062361937725026,0.9303344384583184
biomechserver,percent010_day1_case1,tv_te_ss1,S010,ss1,Fx,0.0926672244833778,0.9383715485848004
biomechserver,percent010_day1_case1,tv_te_ss1,S010,ss1,Fz,0.0900080954157027,0.9348286737104216
biomechserver,percent010_day1_case1,tv_te_ss1,S011,ss1,Fx,0.0618165838782267,0.9704143686377844
biomechserver,percent010_day1_case1,tv_te_ss1,S011,ss1,Fz,0.1375568771652693,0.9651026705169938
biomechserver,percent010_day1_case1,tv_te_ss1,S012,ss1,Fx,0.2443144452384354,0.4729930782333496
biomechserver,percent010_day1_case1,tv_te_ss1,S012,ss1,Fz,0.2120255907100265,0.7233629247230272
biomechserver,percent010_day1_case1,tv_te_ss1,S013,ss1,Fx,0.0911898822727792,0.9407402739529164
biomechserver,percent010_day1_case1,tv_te_ss1,S013,ss1,Fz,0.1150126320867141,0.9468991088621534
biomechserver,percent010_day1_case1,tv_te_ss1,S014,ss1,Fx,0.1446510229001575,0.7921527816988053
biomechserver,percent010_day1_case1,tv_te_ss1,S014,ss1,Fz,0.1923183086569463,0.7562722318611983
biomechserver,percent010_day1_case1,tv_te_ss1,S015,ss1,Fx,0.0833188373090843,0.9430924354740344
biomechserver,percent010_day1_case1,tv_te_ss1,S015,ss1,Fz,0.0850843404069328,0.9460332703715764
biomechserver,percent010_day1_case1,tv_te_ss1,S016,ss1,Fx,0.1562286540143294,0.8430201152641417
biomechserver,percent010_day1_case1,tv_te_ss1,S016,ss1,Fz,0.1326941128521891,0.8772772052881604
biomechserver,percent010_day1_case1,tv_te_ss1,S017,ss1,Fx,0.0947799637836181,0.9354702195711436
biomechserver,percent010_day1_case1,tv_te_ss1,S017,ss1,Fz,0.083858390302272,0.9395453821909469
biomechserver,percent010_day1_case1,tv_te_ss1,S018,ss1,Fx,0.114764737143136,0.9028219854786852
biomechserver,percent010_day1_case1,tv_te_ss1,S018,ss1,Fz,0.1055973889141207,0.9271852006683332
biomechserver,percent010_day1_case1,tv_te_ss1,S019,ss1,Fx,0.0848505106313677,0.9534602416408064
biomechserver,percent010_day1_case1,tv_te_ss1,S019,ss1,Fz,0.0919667442598632,0.9465655278635317
biomechserver,percent010_day1_case1,tv_te_ss123,S001,ss1,Fx,0.0776340158602256,0.9498441388214118
biomechserver,percent010_day1_case1,tv_te_ss123,S001,ss1,Fz,0.0698991936959119,0.9731093901998592
biomechserver,percent010_day1_case1,tv_te_ss123,S001,ss2,Fx,0.0580230360509351,0.9732819083728722
biomechserver,percent010_day1_case1,tv_te_ss123,S001,ss2,Fz,0.0556116021114747,0.9841681225154384
biomechserver,percent010_day1_case1,tv_te_ss123,S001,ss3,Fx,0.05034127357138,0.9836901142833192
biomechserver,percent010_day1_case1,tv_te_ss123,S001,ss3,Fz,0.0451443113327623,0.9894314678997864
biomechserver,percent010_day1_case1,tv_te_ss123,S002,ss1,Fx,0.1037179142434628,0.906842866562348
biomechserver,percent010_day1_case1,tv_te_ss123,S002,ss1,Fz,0.0848510538214896,0.952139000282144
biomechserver,percent010_day1_case1,tv_te_ss123,S002,ss2,Fx,0.0655109448809825,0.9585801632159242
biomechserver,percent010_day1_case1,tv_te_ss123,S002,ss2,Fz,0.0701177329076671,0.9793265909858514
biomechserver,percent010_day1_case1,tv_te_ss123,S002,ss3,Fx,0.0475672536595331,0.9832784302312292
biomechserver,percent010_day1_case1,tv_te_ss123,S002,ss3,Fz,0.0608436152209236,0.983997047680822
biomechserver,percent010_day1_case1,tv_te_ss123,S003,ss1,Fx,0.2000852720021085,0.4469475238678895
biomechserver,percent010_day1_case1,tv_te_ss123,S003,ss1,Fz,0.251096730575706,0.339258901169837
biomechserver,percent010_day1_case1,tv_te_ss123,S003,ss2,Fx,0.0581894486403731,0.9751132950293642
biomechserver,percent010_day1_case1,tv_te_ss123,S003,ss2,Fz,0.0706243524115826,0.9747970801085736
biomechserver,percent010_day1_case1,tv_te_ss123,S003,ss3,Fx,0.064295987997119,0.9687426461866668
biomechserver,percent010_day1_case1,tv_te_ss123,S003,ss3,Fz,0.0637793308229519,0.9815886761104754
biomechserver,percent010_day1_case1,tv_te_ss123,S004,ss1,Fx,0.1468719027943049,0.9340367365938432
biomechserver,percent010_day1_case1,tv_te_ss123,S004,ss1,Fz,0.0938793032991641,0.944881288002788
biomechserver,percent010_day1_case1,tv_te_ss123,S004,ss2,Fx,0.0897451831099669,0.9682475494239704
biomechserver,percent010_day1_case1,tv_te_ss123,S004,ss2,Fz,0.0728624237116233,0.968393794579304
biomechserver,percent010_day1_case1,tv_te_ss123,S004,ss3,Fx,0.0763933221781751,0.966992885646266
biomechserver,percent010_day1_case1,tv_te_ss123,S004,ss3,Fz,0.0692779710333913,0.9777927312243452
biomechserver,percent010_day1_case1,tv_te_ss123,S005,ss1,Fx,0.080227115188519,0.9497784669732504
biomechserver,percent010_day1_case1,tv_te_ss123,S005,ss1,Fz,0.1073274182242003,0.9678751372522024
biomechserver,percent010_day1_case1,tv_te_ss123,S005,ss2,Fx,0.0509421023545913,0.9801192618970952
biomechserver,percent010_day1_case1,tv_te_ss123,S005,ss2,Fz,0.0875010328955478,0.9748802996294336
biomechserver,percent010_day1_case1,tv_te_ss123,S005,ss3,Fx,0.0486386514629176,0.9856484542044592
biomechserver,percent010_day1_case1,tv_te_ss123,S005,ss3,Fz,0.0659366251732584,0.9829363126450495
biomechserver,percent010_day1_case1,tv_te_ss123,S006,ss1,Fx,0.0687582959902514,0.9657119342654604
biomechserver,percent010_day1_case1,tv_te_ss123,S006,ss1,Fz,0.0756118051988626,0.9569371233218404
biomechserver,percent010_day1_case1,tv_te_ss123,S006,ss2,Fx,0.0729364826882368,0.9638686957688596
biomechserver,percent010_day1_case1,tv_te_ss123,S006,ss2,Fz,0.0600361466084694,0.9789183925311415
biomechserver,percent010_day1_case1,tv_te_ss123,S006,ss3,Fx,0.0763574003434215,0.9626936343067044
biomechserver,percent010_day1_case1,tv_te_ss123,S006,ss3,Fz,0.0659610702535604,0.9820703175053987
biomechserver,percent010_day1_case1,tv_te_ss123,S007,ss1,Fx,0.0940444327218884,0.9294041126814307
biomechserver,percent010_day1_case1,tv_te_ss123,S007,ss1,Fz,0.0982157914634868,0.943946289781673
biomechserver,percent010_day1_case1,tv_te_ss123,S007,ss2,Fx,0.0734866158511853,0.9585091166228714
biomechserver,percent010_day1_case1,tv_te_ss123,S007,ss2,Fz,0.0868667912339283,0.963185836097583
biomechserver,percent010_day1_case1,tv_te_ss123,S007,ss3,Fx,0.0531518193690504,0.9791602997687988
biomechserver,percent010_day1_case1,tv_te_ss123,S007,ss3,Fz,0.0661744446347914,0.9866454549883108
biomechserver,percent010_day1_case1,tv_te_ss123,S008,ss1,Fx,0.0984961181857102,0.927489139135662
biomechserver,percent010_day1_case1,tv_te_ss123,S008,ss1,Fz,0.0882800469275055,0.9667206219178888
biomechserver,percent010_day1_case1,tv_te_ss123,S008,ss2,Fx,0.092510327065931,0.9428097920851712
biomechserver,percent010_day1_case1,tv_te_ss123,S008,ss2,Fz,0.0744638844381481,0.9806672697747162
biomechserver,percent010_day1_case1,tv_te_ss123,S008,ss3,Fx,0.0872594006800311,0.9671579896023342
biomechserver,percent010_day1_case1,tv_te_ss123,S008,ss3,Fz,0.0761799595287999,0.9837973596660576
biomechserver,percent010_day1_case1,tv_te_ss123,S009,ss1,Fx,0.0766984068003405,0.958151045617424
biomechserver,percent010_day1_case1,tv_te_ss123,S009,ss1,Fz,0.0837609683654158,0.9554405291273192
biomechserver,percent010_day1_case1,tv_te_ss123,S009,ss2,Fx,0.0586296859631854,0.9769074122444164
biomechserver,percent010_day1_case1,tv_te_ss123,S009,ss2,Fz,0.0689625255226197,0.9733074364637488
biomechserver,percent010_day1_case1,tv_te_ss123,S009,ss3,Fx,0.0560046732747172,0.9807039495825558
biomechserver,percent010_day1_case1,tv_te_ss123,S009,ss3,Fz,0.0677940911055204,0.9786520907060872
biomechserver,percent010_day1_case1,tv_te_ss123,S010,ss1,Fx,0.0913041335588615,0.9416428148055666
biomechserver,percent010_day1_case1,tv_te_ss123,S010,ss1,Fz,0.0730223877813279,0.9495671641407633
biomechserver,percent010_day1_case1,tv_te_ss123,S010,ss2,Fx,0.0665978248174561,0.9776129000617207
biomechserver,percent010_day1_case1,tv_te_ss123,S010,ss2,Fz,0.0531328645512087,0.9805980225514004
biomechserver,percent010_day1_case1,tv_te_ss123,S010,ss3,Fx,0.0552959443235558,0.9804815471122508
biomechserver,percent010_day1_case1,tv_te_ss123,S010,ss3,Fz,0.0541386905445261,0.9830107766562391
biomechserver,percent010_day1_case1,tv_te_ss123,S011,ss1,Fx,0.0579396667341742,0.9774678678219056
biomechserver,percent010_day1_case1,tv_te_ss123,S011,ss1,Fz,0.127145367345072,0.9697983276729714
biomechserver,percent010_day1_case1,tv_te_ss123,S011,ss2,Fx,0.0588757001825852,0.976804094084432
biomechserver,percent010_day1_case1,tv_te_ss123,S011,ss2,Fz,0.115557009051628,0.9779969656502426
biomechserver,percent010_day1_case1,tv_te_ss123,S012,ss1,Fx,0.2405729138074826,0.5414970288306582
biomechserver,percent010_day1_case1,tv_te_ss123,S012,ss1,Fz,0.1676439164186283,0.7745314724919
biomechserver,percent010_day1_case1,tv_te_ss123,S012,ss2,Fx,0.142153239877262,0.894289375521167
biomechserver,percent010_day1_case1,tv_te_ss123,S012,ss2,Fz,0.1829498854679254,0.9273571111099254
biomechserver,percent010_day1_case1,tv_te_ss123,S013,ss1,Fx,0.0734740044880598,0.9613553224525508
biomechserver,percent010_day1_case1,tv_te_ss123,S013,ss1,Fz,0.1026088652471708,0.9553723220949624
biomechserver,percent010_day1_case1,tv_te_ss123,S013,ss2,Fx,0.0719548018434457,0.9608156068005204
biomechserver,percent010_day1_case1,tv_te_ss123,S013,ss2,Fz,0.0742985647398257,0.9750273334537805
biomechserver,percent010_day1_case1,tv_te_ss123,S013,ss3,Fx,0.0530302006802233,0.9839778952770816
biomechserver,percent010_day1_case1,tv_te_ss123,S013,ss3,Fz,0.0592016018459352,0.9860821620520752
biomechserver,percent010_day1_case1,tv_te_ss123,S014,ss1,Fx,0.1661852640777773,0.7555100669319117
biomechserver,percent010_day1_case1,tv_te_ss123,S014,ss1,Fz,0.1613846148430094,0.7742460687181097
biomechserver,percent010_day1_case1,tv_te_ss123,S014,ss3,Fx,0.0845342504407287,0.9572250899173936
biomechserver,percent010_day1_case1,tv_te_ss123,S014,ss3,Fz,0.1102451367227356,0.9472364430966626
biomechserver,percent010_day1_case1,tv_te_ss123,S015,ss1,Fx,0.0868680091927328,0.9375940582124704
biomechserver,percent010_day1_case1,tv_te_ss123,S015,ss1,Fz,0.0817661097273961,0.9479439631297176
biomechserver,percent010_day1_case1,tv_te_ss123,S015,ss2,Fx,0.0650500947460029,0.971008320765494
biomechserver,percent010_day1_case1,tv_te_ss123,S015,ss2,Fz,0.0531285320124959,0.9814495023587504
biomechserver,percent010_day1_case1,tv_te_ss123,S015,ss3,Fx,0.0786497499338682,0.9509627824937918
biomechserver,percent010_day1_case1,tv_te_ss123,S015,ss3,Fz,0.0539797108114068,0.981419487346044
biomechserver,percent010_day1_case1,tv_te_ss123,S016,ss1,Fx,0.1346875442690233,0.8605799108484085
biomechserver,percent010_day1_case1,tv_te_ss123,S016,ss1,Fz,0.0929772858342556,0.9526188756841232
biomechserver,percent010_day1_case1,tv_te_ss123,S016,ss2,Fx,0.084872357951949,0.9522100850866188
biomechserver,percent010_day1_case1,tv_te_ss123,S016,ss2,Fz,0.0967406564537355,0.948958028107301
biomechserver,percent010_day1_case1,tv_te_ss123,S016,ss3,Fx,0.0929281316663082,0.9434484204807472
biomechserver,percent010_day1_case1,tv_te_ss123,S016,ss3,Fz,0.0828182619637256,0.963017263343628
biomechserver,percent010_day1_case1,tv_te_ss123,S017,ss1,Fx,0.0997615934756114,0.9455966733445794
biomechserver,percent010_day1_case1,tv_te_ss123,S017,ss1,Fz,0.0627817007782099,0.9653590178674816
biomechserver,percent010_day1_case1,tv_te_ss123,S017,ss2,Fx,0.0681093817327282,0.9619909791578922
biomechserver,percent010_day1_case1,tv_te_ss123,S017,ss2,Fz,0.0557867699858326,0.9699828063188456
biomechserver,percent010_day1_case1,tv_te_ss123,S017,ss3,Fx,0.0651360660500604,0.9717839155444526
biomechserver,percent010_day1_case1,tv_te_ss123,S017,ss3,Fz,0.0418500561812442,0.9884322199084364
biomechserver,percent010_day1_case1,tv_te_ss123,S018,ss1,Fx,0.0958042718358048,0.9462384457723052
biomechserver,percent010_day1_case1,tv_te_ss123,S018,ss1,Fz,0.0974396293090565,0.9356821381741348
biomechserver,percent010_day1_case1,tv_te_ss123,S018,ss2,Fx,0.0785668237592187,0.9556158234787576
biomechserver,percent010_day1_case1,tv_te_ss123,S018,ss2,Fz,0.0683944193449202,0.9708151935059351
biomechserver,percent010_day1_case1,tv_te_ss123,S018,ss3,Fx,0.0839386998380019,0.9424827743323868
biomechserver,percent010_day1_case1,tv_te_ss123,S018,ss3,Fz,0.0689548490745853,0.9738976139880317
biomechserver,percent010_day1_case1,tv_te_ss123,S019,ss1,Fx,0.0785829745676201,0.9598205127392074
biomechserver,percent010_day1_case1,tv_te_ss123,S019,ss1,Fz,0.0841765781885123,0.9499605296599204
biomechserver,percent010_day1_case1,tv_te_ss123,S019,ss2,Fx,0.0686001223580562,0.9673513513922336
biomechserver,percent010_day1_case1,tv_te_ss123,S019,ss2,Fz,0.0510998825994247,0.9830282087884862
biomechserver,percent010_day1_case1,tv_te_ss123,S019,ss3,Fx,0.0611352539105692,0.9744257896753886
biomechserver,percent010_day1_case1,tv_te_ss123,S019,ss3,Fz,0.0827513710286883,0.954337628427996
biomechserver,percent010_day1_case1,tv_te_ss2,S001,ss2,Fx,0.0665394061704427,0.96539684282524
biomechserver,percent010_day1_case1,tv_te_ss2,S001,ss2,Fz,0.0527959273199654,0.9836896337693322
biomechserver,percent010_day1_case1,tv_te_ss2,S002,ss2,Fx,0.0769049228500511,0.9523589420851188
biomechserver,percent010_day1_case1,tv_te_ss2,S002,ss2,Fz,0.0880065240396366,0.9674049921080248
biomechserver,percent010_day1_case1,tv_te_ss2,S003,ss2,Fx,0.0787762610841738,0.9551831694833016
biomechserver,percent010_day1_case1,tv_te_ss2,S003,ss2,Fz,0.0994377426196576,0.9489495480900512
biomechserver,percent010_day1_case1,tv_te_ss2,S004,ss2,Fx,0.1093772075639964,0.9543965319244556
biomechserver,percent010_day1_case1,tv_te_ss2,S004,ss2,Fz,0.0967047318213991,0.9519688833753231
biomechserver,percent010_day1_case1,tv_te_ss2,S005,ss2,Fx,0.0579239954070494,0.9794294901892822
biomechserver,percent010_day1_case1,tv_te_ss2,S005,ss2,Fz,0.0859873188607913,0.9752065235868486
biomechserver,percent010_day1_case1,tv_te_ss2,S006,ss2,Fx,0.0707202026442684,0.9672553145281432
biomechserver,percent010_day1_case1,tv_te_ss2,S006,ss2,Fz,0.0534683620811881,0.9814688751750904
biomechserver,percent010_day1_case1,tv_te_ss2,S007,ss2,Fx,0.0657756554980055,0.9630358135529458
biomechserver,percent010_day1_case1,tv_te_ss2,S007,ss2,Fz,0.075847537459512,0.9630554307191111
biomechserver,percent010_day1_case1,tv_te_ss2,S008,ss2,Fx,0.1132995775377298,0.9135878931286986
biomechserver,percent010_day1_case1,tv_te_ss2,S008,ss2,Fz,0.0833378186047296,0.9752652155865448
biomechserver,percent010_day1_case1,tv_te_ss2,S009,ss2,Fx,0.0644590798069945,0.9673891494491004
biomechserver,percent010_day1_case1,tv_te_ss2,S009,ss2,Fz,0.0927252792043766,0.9593435838542824
biomechserver,percent010_day1_case1,tv_te_ss2,S010,ss2,Fx,0.0727416738195232,0.9680435932431116
biomechserver,percent010_day1_case1,tv_te_ss2,S010,ss2,Fz,0.0621000596395751,0.973221865417372
biomechserver,percent010_day1_case1,tv_te_ss2,S011,ss2,Fx,0.0679566887020688,0.9704831724424312
biomechserver,percent010_day1_case1,tv_te_ss2,S011,ss2,Fz,0.1012634738892974,0.9780041841898874
biomechserver,percent010_day1_case1,tv_te_ss2,S012,ss2,Fx,0.1692580430116314,0.8351574589546988
biomechserver,percent010_day1_case1,tv_te_ss2,S012,ss2,Fz,0.1839352340452889,0.8703543668162772
biomechserver,percent010_day1_case1,tv_te_ss2,S013,ss2,Fx,0.0730626824085989,0.9582832736130754
biomechserver,percent010_day1_case1,tv_te_ss2,S013,ss2,Fz,0.0720158691369683,0.9693803371779796
biomechserver,percent010_day1_case1,tv_te_ss2,S015,ss2,Fx,0.0755662533937309,0.9562779113055688
biomechserver,percent010_day1_case1,tv_te_ss2,S015,ss2,Fz,0.0681533033436934,0.9676814442928388
biomechserver,percent010_day1_case1,tv_te_ss2,S016,ss2,Fx,0.1642361823791516,0.8337054664240525
biomechserver,percent010_day1_case1,tv_te_ss2,S016,ss2,Fz,0.109496288874276,0.9259879398569194
biomechserver,percent010_day1_case1,tv_te_ss2,S017,ss2,Fx,0.0807234066832489,0.9477399672476264
biomechserver,percent010_day1_case1,tv_te_ss2,S017,ss2,Fz,0.0697345289687733,0.9541236605855652
biomechserver,percent010_day1_case1,tv_te_ss2,S018,ss2,Fx,0.0882757491483071,0.9382897729801174
biomechserver,percent010_day1_case1,tv_te_ss2,S018,ss2,Fz,0.0898952154179648,0.9678017376009652
biomechserver,percent010_day1_case1,tv_te_ss2,S019,ss2,Fx,0.066575157208344,0.9708205324893447
biomechserver,percent010_day1_case1,tv_te_ss2,S019,ss2,Fz,0.0583036707109433,0.9791566469176338
biomechserver,percent010_day1_case1,tv_te_ss3,S001,ss3,Fx,0.0787779083508666,0.9499726039974554
biomechserver,percent010_day1_case1,tv_te_ss3,S001,ss3,Fz,0.0575837154067788,0.9813441619513408
biomechserver,percent010_day1_case1,tv_te_ss3,S002,ss3,Fx,0.0508004880848517,0.9800773577774616
biomechserver,percent010_day1_case1,tv_te_ss3,S002,ss3,Fz,0.0650022591942691,0.9839408156334988
biomechserver,percent010_day1_case1,tv_te_ss3,S003,ss3,Fx,0.0718022151846383,0.9616081185083728
biomechserver,percent010_day1_case1,tv_te_ss3,S003,ss3,Fz,0.0766314416485136,0.9824627644610296
biomechserver,percent010_day1_case1,tv_te_ss3,S004,ss3,Fx,0.0656368100859186,0.973625360132244
biomechserver,percent010_day1_case1,tv_te_ss3,S004,ss3,Fz,0.0652351470542101,0.9740661421963804
biomechserver,percent010_day1_case1,tv_te_ss3,S005,ss3,Fx,0.0548981015103261,0.9796102889119732
biomechserver,percent010_day1_case1,tv_te_ss3,S005,ss3,Fz,0.0749843104280307,0.9773359471088416
biomechserver,percent010_day1_case1,tv_te_ss3,S006,ss3,Fx,0.0644854531963608,0.974161537211736
biomechserver,percent010_day1_case1,tv_te_ss3,S006,ss3,Fz,0.0680426240386634,0.980910763366078
biomechserver,percent010_day1_case1,tv_te_ss3,S007,ss3,Fx,0.0541700454910506,0.9772439195716228
biomechserver,percent010_day1_case1,tv_te_ss3,S007,ss3,Fz,0.0533136330870191,0.9836447494383496
biomechserver,percent010_day1_case1,tv_te_ss3,S008,ss3,Fx,0.0781437634217956,0.9679193349115038
biomechserver,percent010_day1_case1,tv_te_ss3,S008,ss3,Fz,0.0720870736617887,0.9829229278033946
biomechserver,percent010_day1_case1,tv_te_ss3,S009,ss3,Fx,0.0492918184010458,0.9819398323385026
biomechserver,percent010_day1_case1,tv_te_ss3,S009,ss3,Fz,0.0716977305131624,0.9761136445635632
biomechserver,percent010_day1_case1,tv_te_ss3,S010,ss3,Fx,0.0649208425612599,0.9697633223304256
biomechserver,percent010_day1_case1,tv_te_ss3,S010,ss3,Fz,0.0645640009172801,0.977367536724976
biomechserver,percent010_day1_case1,tv_te_ss3,S013,ss3,Fx,0.0467950534827467,0.9842674896901448
biomechserver,percent010_day1_case1,tv_te_ss3,S013,ss3,Fz,0.0578114898465867,0.9802631363734609
biomechserver,percent010_day1_case1,tv_te_ss3,S014,ss3,Fx,0.0840109481878983,0.962236210451219
biomechserver,percent010_day1_case1,tv_te_ss3,S014,ss3,Fz,0.1082302725432469,0.9411474050176434
biomechserver,percent010_day1_case1,tv_te_ss3,S015,ss3,Fx,0.103110879588428,0.9117857973565784
biomechserver,percent010_day1_case1,tv_te_ss3,S015,ss3,Fz,0.0558376074829218,0.9794912146299888
biomechserver,percent010_day1_case1,tv_te_ss3,S016,ss3,Fx,0.1452364811817507,0.9157529006575036
biomechserver,percent010_day1_case1,tv_te_ss3,S016,ss3,Fz,0.0857069825949165,0.9619080902084636
biomechserver,percent010_day1_case1,tv_te_ss3,S017,ss3,Fx,0.0689907742393341,0.9648420197985704
biomechserver,percent010_day1_case1,tv_te_ss3,S017,ss3,Fz,0.055072752220369,0.9811449789756777
biomechserver,percent010_day1_case1,tv_te_ss3,S018,ss3,Fx,0.0816674712271494,0.9427397755292471
biomechserver,percent010_day1_case1,tv_te_ss3,S018,ss3,Fz,0.0708290148573049,0.9835369399789844
biomechserver,percent010_day1_case1,tv_te_ss3,S019,ss3,Fx,0.0658725159010911,0.9704003175007904
biomechserver,percent010_day1_case1,tv_te_ss3,S019,ss3,Fz,0.0890333431931214,0.9512564358893548
biomechserver,percent020_day1_case1,tv_ss1__te_ss2ss3,S001,ss2,Fx,0.0951246943325162,0.9458647596375472
biomechserver,percent020_day1_case1,tv_ss1__te_ss2ss3,S001,ss2,Fz,0.069807536964112,0.9769082167428924
biomechserver,percent020_day1_case1,tv_ss1__te_ss2ss3,S001,ss3,Fx,0.1106109220666565,0.9434011382084948
biomechserver,percent020_day1_case1,tv_ss1__te_ss2ss3,S001,ss3,Fz,0.0743213283883777,0.9785188076003348
biomechserver,percent020_day1_case1,tv_ss1__te_ss2ss3,S002,ss2,Fx,0.0839468157164042,0.9536015065721
biomechserver,percent020_day1_case1,tv_ss1__te_ss2ss3,S002,ss2,Fz,0.1009175158659013,0.9589628387203074
biomechserver,percent020_day1_case1,tv_ss1__te_ss2ss3,S002,ss3,Fx,0.0971229117577222,0.9483818891254864
biomechserver,percent020_day1_case1,tv_ss1__te_ss2ss3,S002,ss3,Fz,0.116220267938025,0.9496959511516806
biomechserver,percent020_day1_case1,tv_ss1__te_ss2ss3,S003,ss2,Fx,0.0813874960682695,0.9597027166456013
biomechserver,percent020_day1_case1,tv_ss1__te_ss2ss3,S003,ss2,Fz,0.1080082049075042,0.94714550195518
biomechserver,percent020_day1_case1,tv_ss1__te_ss2ss3,S003,ss3,Fx,0.0930403945568644,0.95243780489106
biomechserver,percent020_day1_case1,tv_ss1__te_ss2ss3,S003,ss3,Fz,0.1325207947749478,0.9281668884387348
biomechserver,percent020_day1_case1,tv_ss1__te_ss2ss3,S004,ss2,Fx,0.1162813233589218,0.9452167525414672
biomechserver,percent020_day1_case1,tv_ss1__te_ss2ss3,S004,ss2,Fz,0.1442909445822492,0.8704564601465642
biomechserver,percent020_day1_case1,tv_ss1__te_ss2ss3,S004,ss3,Fx,0.1435054046226707,0.9197749585809918
biomechserver,percent020_day1_case1,tv_ss1__te_ss2ss3,S004,ss3,Fz,0.1246123887129536,0.9078638090462876
biomechserver,percent020_day1_case1,tv_ss1__te_ss2ss3,S005,ss2,Fx,0.1035331264384331,0.9575550697056192
biomechserver,percent020_day1_case1,tv_ss1__te_ss2ss3,S005,ss2,Fz,0.1339438802644801,0.9234760476448556
biomechserver,percent020_day1_case1,tv_ss1__te_ss2ss3,S005,ss3,Fx,0.1041535555157779,0.9709273294605534
biomechserver,percent020_day1_case1,tv_ss1__te_ss2ss3,S005,ss3,Fz,0.1071543277780247,0.9350381699582442
biomechserver,percent020_day1_case1,tv_ss1__te_ss2ss3,S006,ss2,Fx,0.1151394165100007,0.9456774557280062
biomechserver,percent020_day1_case1,tv_ss1__te_ss2ss3,S006,ss2,Fz,0.09468840197836,0.9378266206646904
biomechserver,percent020_day1_case1,tv_ss1__te_ss2ss3,S006,ss3,Fx,0.1623672715369304,0.8758831385583649
biomechserver,percent020_day1_case1,tv_ss1__te_ss2ss3,S006,ss3,Fz,0.1071824196398004,0.9362716459931124
biomechserver,percent020_day1_case1,tv_ss1__te_ss2ss3,S007,ss2,Fx,0.0888150006366053,0.944129891362309
biomechserver,percent020_day1_case1,tv_ss1__te_ss2ss3,S007,ss2,Fz,0.1095310567833154,0.9476023892081414
biomechserver,percent020_day1_case1,tv_ss1__te_ss2ss3,S007,ss3,Fx,0.1181996645352893,0.9042029818965056
biomechserver,percent020_day1_case1,tv_ss1__te_ss2ss3,S007,ss3,Fz,0.1028273780857579,0.9571250944137192
biomechserver,percent020_day1_case1,tv_ss1__te_ss2ss3,S008,ss2,Fx,0.110103869610566,0.9474311250643498
biomechserver,percent020_day1_case1,tv_ss1__te_ss2ss3,S008,ss2,Fz,0.0917256870860111,0.9715537848886688
biomechserver,percent020_day1_case1,tv_ss1__te_ss2ss3,S008,ss3,Fx,0.1393271440041354,0.9314552168433168
biomechserver,percent020_day1_case1,tv_ss1__te_ss2ss3,S008,ss3,Fz,0.1144285921621608,0.9554213291683312
biomechserver,percent020_day1_case1,tv_ss1__te_ss2ss3,S009,ss2,Fx,0.0869702900096337,0.9526126707913468
biomechserver,percent020_day1_case1,tv_ss1__te_ss2ss3,S009,ss2,Fz,0.0879002433345133,0.9532461901015364
biomechserver,percent020_day1_case1,tv_ss1__te_ss2ss3,S009,ss3,Fx,0.1127281175997495,0.925548876003157
biomechserver,percent020_day1_case1,tv_ss1__te_ss2ss3,S009,ss3,Fz,0.1186760531512724,0.9366837695343936
biomechserver,percent020_day1_case1,tv_ss1__te_ss2ss3,S010,ss2,Fx,0.0991543040389936,0.954548219040596
biomechserver,percent020_day1_case1,tv_ss1__te_ss2ss3,S010,ss2,Fz,0.0785064732547099,0.9640054358830428
biomechserver,percent020_day1_case1,tv_ss1__te_ss2ss3,S010,ss3,Fx,0.1152499555214084,0.9453877140593712
biomechserver,percent020_day1_case1,tv_ss1__te_ss2ss3,S010,ss3,Fz,0.0987359677560894,0.9561534803187636
biomechserver,percent020_day1_case1,tv_ss1__te_ss2ss3,S011,ss2,Fx,0.0758368676875102,0.9580927091286446
biomechserver,percent020_day1_case1,tv_ss1__te_ss2ss3,S011,ss2,Fz,0.1136435844724875,0.9641389120996
biomechserver,percent020_day1_case1,tv_ss1__te_ss2ss3,S012,ss2,Fx,0.1872288871030423,0.8024700222400238
biomechserver,percent020_day1_case1,tv_ss1__te_ss2ss3,S012,ss2,Fz,0.2146517871949743,0.8871494985121696
biomechserver,percent020_day1_case1,tv_ss1__te_ss2ss3,S013,ss2,Fx,0.1175746214819973,0.9067152026476808
biomechserver,percent020_day1_case1,tv_ss1__te_ss2ss3,S013,ss2,Fz,0.0658699638505258,0.9733930230433449
biomechserver,percent020_day1_case1,tv_ss1__te_ss2ss3,S013,ss3,Fx,0.1122349606967986,0.9399703281679233
biomechserver,percent020_day1_case1,tv_ss1__te_ss2ss3,S013,ss3,Fz,0.0800598056319706,0.960877046204066
biomechserver,percent020_day1_case1,tv_ss1__te_ss2ss3,S014,ss3,Fx,0.1451225878855276,0.8538307967444874
biomechserver,percent020_day1_case1,tv_ss1__te_ss2ss3,S014,ss3,Fz,0.1424252667074093,0.8820878336684997
biomechserver,percent020_day1_case1,tv_ss1__te_ss2ss3,S015,ss2,Fx,0.0909649136682345,0.9425138760873908
biomechserver,percent020_day1_case1,tv_ss1__te_ss2ss3,S015,ss2,Fz,0.0817962995324824,0.9561420773490428
biomechserver,percent020_day1_case1,tv_ss1__te_ss2ss3,S015,ss3,Fx,0.1115859521116757,0.9152108518901738
biomechserver,percent020_day1_case1,tv_ss1__te_ss2ss3,S015,ss3,Fz,0.0938228873325198,0.9454553389506816
biomechserver,percent020_day1_case1,tv_ss1__te_ss2ss3,S016,ss2,Fx,0.1387185519416688,0.8616765208281755
biomechserver,percent020_day1_case1,tv_ss1__te_ss2ss3,S016,ss2,Fz,0.1158391844732388,0.9520762632174764
biomechserver,percent020_day1_case1,tv_ss1__te_ss2ss3,S016,ss3,Fx,0.133281505970938,0.8737560991838652
biomechserver,percent020_day1_case1,tv_ss1__te_ss2ss3,S016,ss3,Fz,0.1381391028154675,0.924146768539936
biomechserver,percent020_day1_case1,tv_ss1__te_ss2ss3,S017,ss2,Fx,0.0840182633129481,0.948613231678863
biomechserver,percent020_day1_case1,tv_ss1__te_ss2ss3,S017,ss2,Fz,0.0775932625271563,0.9485951790661468
biomechserver,percent020_day1_case1,tv_ss1__te_ss2ss3,S017,ss3,Fx,0.105448143112544,0.926223459338737
biomechserver,percent020_day1_case1,tv_ss1__te_ss2ss3,S017,ss3,Fz,0.0882001872011868,0.9627471804290068
biomechserver,percent020_day1_case1,tv_ss1__te_ss2ss3,S018,ss2,Fx,0.0970211385816012,0.9310443947112186
biomechserver,percent020_day1_case1,tv_ss1__te_ss2ss3,S018,ss2,Fz,0.0799413559062529,0.9665710150174796
biomechserver,percent020_day1_case1,tv_ss1__te_ss2ss3,S018,ss3,Fx,0.1377033078567162,0.8670690451000514
biomechserver,percent020_day1_case1,tv_ss1__te_ss2ss3,S018,ss3,Fz,0.0974910049769119,0.9634859178490932
biomechserver,percent020_day1_case1,tv_ss1__te_ss2ss3,S019,ss2,Fx,0.1177617054026149,0.91787847152628
biomechserver,percent020_day1_case1,tv_ss1__te_ss2ss3,S019,ss2,Fz,0.0888005746746572,0.9611491094437654
biomechserver,percent020_day1_case1,tv_ss1__te_ss2ss3,S019,ss3,Fx,0.1507049926593178,0.8819720312856888
biomechserver,percent020_day1_case1,tv_ss1__te_ss2ss3,S019,ss3,Fz,0.1225742420546017,0.9228268305259408
biomechserver,percent020_day1_case1,tv_ss2__te_ss1ss3,S001,ss1,Fx,0.1312804085182214,0.8681407498007465
biomechserver,percent020_day1_case1,tv_ss2__te_ss1ss3,S001,ss1,Fz,0.0728948027559155,0.9659454690088132
biomechserver,percent020_day1_case1,tv_ss2__te_ss1ss3,S001,ss3,Fx,0.0733615844787937,0.967406493093399
biomechserver,percent020_day1_case1,tv_ss2__te_ss1ss3,S001,ss3,Fz,0.0546992100959852,0.9882891553756302
biomechserver,percent020_day1_case1,tv_ss2__te_ss1ss3,S002,ss1,Fx,0.111674689432495,0.9204182716746068
biomechserver,percent020_day1_case1,tv_ss2__te_ss1ss3,S002,ss1,Fz,0.0845662435179261,0.947143337654458
biomechserver,percent020_day1_case1,tv_ss2__te_ss1ss3,S002,ss3,Fx,0.0698648621510195,0.9598142110274196
biomechserver,percent020_day1_case1,tv_ss2__te_ss1ss3,S002,ss3,Fz,0.0734268963471525,0.979030108116015
biomechserver,percent020_day1_case1,tv_ss2__te_ss1ss3,S003,ss1,Fx,0.2671097535325027,0.245909538253995
biomechserver,percent020_day1_case1,tv_ss2__te_ss1ss3,S003,ss1,Fz,0.2771541193642703,0.217016744806461
biomechserver,percent020_day1_case1,tv_ss2__te_ss1ss3,S003,ss3,Fx,0.0646781292068233,0.9722164208664216
biomechserver,percent020_day1_case1,tv_ss2__te_ss1ss3,S003,ss3,Fz,0.0816094036481268,0.9780838926843612
biomechserver,percent020_day1_case1,tv_ss2__te_ss1ss3,S004,ss1,Fx,0.1342972245157614,0.921470193623764
biomechserver,percent020_day1_case1,tv_ss2__te_ss1ss3,S004,ss1,Fz,0.1445857966570192,0.9280991977426708
biomechserver,percent020_day1_case1,tv_ss2__te_ss1ss3,S004,ss3,Fx,0.0982212638406148,0.9527589739339544
biomechserver,percent020_day1_case1,tv_ss2__te_ss1ss3,S004,ss3,Fz,0.0790100533885243,0.9677944521991856
biomechserver,percent020_day1_case1,tv_ss2__te_ss1ss3,S005,ss1,Fx,0.0743778747729047,0.9583460239319316
biomechserver,percent020_day1_case1,tv_ss2__te_ss1ss3,S005,ss1,Fz,0.1436908724386267,0.9522252150554475
biomechserver,percent020_day1_case1,tv_ss2__te_ss1ss3,S005,ss3,Fx,0.0561827929713215,0.985198607910553
biomechserver,percent020_day1_case1,tv_ss2__te_ss1ss3,S005,ss3,Fz,0.058403046484015,0.9820223040461148
biomechserver,percent020_day1_case1,tv_ss2__te_ss1ss3,S006,ss1,Fx,0.0737098072799068,0.962122019828326
biomechserver,percent020_day1_case1,tv_ss2__te_ss1ss3,S006,ss1,Fz,0.0870979611527684,0.9630031079567484
biomechserver,percent020_day1_case1,tv_ss2__te_ss1ss3,S006,ss3,Fx,0.0755905396220061,0.9737107081264306
biomechserver,percent020_day1_case1,tv_ss2__te_ss1ss3,S006,ss3,Fz,0.0720186453359817,0.9813649952818811
biomechserver,percent020_day1_case1,tv_ss2__te_ss1ss3,S007,ss1,Fx,0.0857506802478812,0.9614145248253196
biomechserver,percent020_day1_case1,tv_ss2__te_ss1ss3,S007,ss1,Fz,0.0934420035003101,0.9467745108849156
biomechserver,percent020_day1_case1,tv_ss2__te_ss1ss3,S007,ss3,Fx,0.0712015523286477,0.9691268322829132
biomechserver,percent020_day1_case1,tv_ss2__te_ss1ss3,S007,ss3,Fz,0.0572557605996626,0.9828560828284036
biomechserver,percent020_day1_case1,tv_ss2__te_ss1ss3,S008,ss1,Fx,0.1052158990844666,0.9265056816159176
biomechserver,percent020_day1_case1,tv_ss2__te_ss1ss3,S008,ss1,Fz,0.0944053823181631,0.9549365408882314
biomechserver,percent020_day1_case1,tv_ss2__te_ss1ss3,S008,ss3,Fx,0.0891818407109541,0.9696056828680923
biomechserver,percent020_day1_case1,tv_ss2__te_ss1ss3,S008,ss3,Fz,0.0824651398690746,0.981931169156282
biomechserver,percent020_day1_case1,tv_ss2__te_ss1ss3,S009,ss1,Fx,0.0901427097204147,0.945839162647033
biomechserver,percent020_day1_case1,tv_ss2__te_ss1ss3,S009,ss1,Fz,0.1087367210074814,0.9161317132576816
biomechserver,percent020_day1_case1,tv_ss2__te_ss1ss3,S009,ss3,Fx,0.0630840736760671,0.9707758382756624
biomechserver,percent020_day1_case1,tv_ss2__te_ss1ss3,S009,ss3,Fz,0.0717184822205471,0.9733580538379456
biomechserver,percent020_day1_case1,tv_ss2__te_ss1ss3,S010,ss1,Fx,0.0870708316518556,0.936399735347758
biomechserver,percent020_day1_case1,tv_ss2__te_ss1ss3,S010,ss1,Fz,0.0773573628197436,0.9419743987164356
biomechserver,percent020_day1_case1,tv_ss2__te_ss1ss3,S010,ss3,Fx,0.0712293181041697,0.9637590573393452
biomechserver,percent020_day1_case1,tv_ss2__te_ss1ss3,S010,ss3,Fz,0.0704581883407826,0.9787592411865186
biomechserver,percent020_day1_case1,tv_ss2__te_ss1ss3,S011,ss1,Fx,0.090365017428265,0.963793370175808
biomechserver,percent020_day1_case1,tv_ss2__te_ss1ss3,S011,ss1,Fz,0.107141631029525,0.9667035553836402
biomechserver,percent020_day1_case1,tv_ss2__te_ss1ss3,S012,ss1,Fx,0.3195850035299227,0.2126816389270478
biomechserver,percent020_day1_case1,tv_ss2__te_ss1ss3,S012,ss1,Fz,0.2526463632055614,0.55272469315207
biomechserver,percent020_day1_case1,tv_ss2__te_ss1ss3,S013,ss1,Fx,0.0871198802947374,0.940342532026361
biomechserver,percent020_day1_case1,tv_ss2__te_ss1ss3,S013,ss1,Fz,0.0966725901183638,0.934404623232
biomechserver,percent020_day1_case1,tv_ss2__te_ss1ss3,S013,ss3,Fx,0.0550678991902948,0.9853063337286894
biomechserver,percent020_day1_case1,tv_ss2__te_ss1ss3,S013,ss3,Fz,0.0597192555355147,0.977594567526146
biomechserver,percent020_day1_case1,tv_ss2__te_ss1ss3,S015,ss1,Fx,0.0881327626217838,0.938420218761282
biomechserver,percent020_day1_case1,tv_ss2__te_ss1ss3,S015,ss1,Fz,0.0864980126934101,0.9436933424241558
biomechserver,percent020_day1_case1,tv_ss2__te_ss1ss3,S015,ss3,Fx,0.0959255275419744,0.9359497773359666
biomechserver,percent020_day1_case1,tv_ss2__te_ss1ss3,S015,ss3,Fz,0.0690751405894907,0.9682231940189908
biomechserver,percent020_day1_case1,tv_ss2__te_ss1ss3,S016,ss1,Fx,0.2315491790803538,0.6889963739345153
biomechserver,percent020_day1_case1,tv_ss2__te_ss1ss3,S016,ss1,Fz,0.0833803655051228,0.9544016808941836
biomechserver,percent020_day1_case1,tv_ss2__te_ss1ss3,S016,ss3,Fx,0.1242546050333111,0.8944972222661186
biomechserver,percent020_day1_case1,tv_ss2__te_ss1ss3,S016,ss3,Fz,0.0967591860503249,0.9449233720771112
biomechserver,percent020_day1_case1,tv_ss2__te_ss1ss3,S017,ss1,Fx,0.0928336821625874,0.9458331382888246
biomechserver,percent020_day1_case1,tv_ss2__te_ss1ss3,S017,ss1,Fz,0.071911196000538,0.9469447480370294
biomechserver,percent020_day1_case1,tv_ss2__te_ss1ss3,S017,ss3,Fx,0.0846130967121249,0.9468430592322882
biomechserver,percent020_day1_case1,tv_ss2__te_ss1ss3,S017,ss3,Fz,0.0553637983219891,0.9862241436383894
biomechserver,percent020_day1_case1,tv_ss2__te_ss1ss3,S018,ss1,Fx,0.1000367787558367,0.926341535014903
biomechserver,percent020_day1_case1,tv_ss2__te_ss1ss3,S018,ss1,Fz,0.1169140869143255,0.9347994318286816
biomechserver,percent020_day1_case1,tv_ss2__te_ss1ss3,S018,ss3,Fx,0.0731834487879901,0.9645341127496446
biomechserver,percent020_day1_case1,tv_ss2__te_ss1ss3,S018,ss3,Fz,0.0774468862735,0.9683867361252648
biomechserver,percent020_day1_case1,tv_ss2__te_ss1ss3,S019,ss1,Fx,0.0940905420571182,0.9415486146723046
biomechserver,percent020_day1_case1,tv_ss2__te_ss1ss3,S019,ss1,Fz,0.0991211398280348,0.9335630899914727
biomechserver,percent020_day1_case1,tv_ss2__te_ss1ss3,S019,ss3,Fx,0.1036007103562577,0.9302075069645388
biomechserver,percent020_day1_case1,tv_ss2__te_ss1ss3,S019,ss3,Fz,0.0977578388284912,0.94052627365645
lab6079,percent020_day1_case1,tv_ss3__te_ss1ss2,S001,ss1,Fx,0.2385967133007232,0.6820363768639394
lab6079,percent020_day1_case1,tv_ss3__te_ss1ss2,S001,ss1,Fz,0.0747002786150706,0.9616601618642844
lab6079,percent020_day1_case1,tv_ss3__te_ss1ss2,S001,ss2,Fx,0.1205246749837598,0.9022110645399838
lab6079,percent020_day1_case1,tv_ss3__te_ss1ss2,S001,ss2,Fz,0.05357962895283,0.9844956716576968
lab6079,percent020_day1_case1,tv_ss3__te_ss1ss2,S002,ss1,Fx,0.1599584711398209,0.8923144894948517
lab6079,percent020_day1_case1,tv_ss3__te_ss1ss2,S002,ss1,Fz,0.110797724560475,0.9223650247736772
lab6079,percent020_day1_case1,tv_ss3__te_ss1ss2,S002,ss2,Fx,0.0834014115675573,0.9592833699643422
lab6079,percent020_day1_case1,tv_ss3__te_ss1ss2,S002,ss2,Fz,0.0735010664024313,0.9705848815800918
lab6079,percent020_day1_case1,tv_ss3__te_ss1ss2,S003,ss1,Fx,0.2635131015039024,0.2717510028368598
lab6079,percent020_day1_case1,tv_ss3__te_ss1ss2,S003,ss1,Fz,0.3025684675216901,0.2120576093129374
lab6079,percent020_day1_case1,tv_ss3__te_ss1ss2,S003,ss2,Fx,0.0669723415547883,0.9678946486281994
lab6079,percent020_day1_case1,tv_ss3__te_ss1ss2,S003,ss2,Fz,0.0944214139335093,0.9717130012221452
lab6079,percent020_day1_case1,tv_ss3__te_ss1ss2,S004,ss1,Fx,0.2083095709467056,0.8276361380588882
lab6079,percent020_day1_case1,tv_ss3__te_ss1ss2,S004,ss1,Fz,0.1838411717499265,0.8832927679390641
lab6079,percent020_day1_case1,tv_ss3__te_ss1ss2,S004,ss2,Fx,0.0984838523138795,0.956280125269138
lab6079,percent020_day1_case1,tv_ss3__te_ss1ss2,S004,ss2,Fz,0.1012134940113424,0.9558230843615086
lab6079,percent020_day1_case1,tv_ss3__te_ss1ss2,S005,ss1,Fx,0.1039628945746399,0.94477454599385
lab6079,percent020_day1_case1,tv_ss3__te_ss1ss2,S005,ss1,Fz,0.1488865620641308,0.9022429212787316
lab6079,percent020_day1_case1,tv_ss3__te_ss1ss2,S005,ss2,Fx,0.0595693032594651,0.9773206204066152
lab6079,percent020_day1_case1,tv_ss3__te_ss1ss2,S005,ss2,Fz,0.1197340631653728,0.9621330344399972
lab6079,percent020_day1_case1,tv_ss3__te_ss1ss2,S006,ss1,Fx,0.0891816165220486,0.9544426458658584
lab6079,percent020_day1_case1,tv_ss3__te_ss1ss2,S006,ss1,Fz,0.1132153682841252,0.9263147213255164
lab6079,percent020_day1_case1,tv_ss3__te_ss1ss2,S006,ss2,Fx,0.070406470639392,0.9673269553716484
lab6079,percent020_day1_case1,tv_ss3__te_ss1ss2,S006,ss2,Fz,0.0780418517703557,0.9649970152098764
lab6079,percent020_day1_case1,tv_ss3__te_ss1ss2,S007,ss1,Fx,0.0834735196472871,0.9451343080668232
lab6079,percent020_day1_case1,tv_ss3__te_ss1ss2,S007,ss1,Fz,0.109737557805548,0.9353685448061788
lab6079,percent020_day1_case1,tv_ss3__te_ss1ss2,S007,ss2,Fx,0.0666662540987572,0.96556070397559
lab6079,percent020_day1_case1,tv_ss3__te_ss1ss2,S007,ss2,Fz,0.0731709526872888,0.9678003404212172
lab6079,percent020_day1_case1,tv_ss3__te_ss1ss2,S008,ss1,Fx,0.1377179664345429,0.8979709111002316
lab6079,percent020_day1_case1,tv_ss3__te_ss1ss2,S008,ss1,Fz,0.1448435036298128,0.9123468814009432
lab6079,percent020_day1_case1,tv_ss3__te_ss1ss2,S008,ss2,Fx,0.0864719155706997,0.9481575030758124
lab6079,percent020_day1_case1,tv_ss3__te_ss1ss2,S008,ss2,Fz,0.0883699532172737,0.973921015018986
lab6079,percent020_day1_case1,tv_ss3__te_ss1ss2,S009,ss1,Fx,0.1022540614554353,0.9316056119615852
lab6079,percent020_day1_case1,tv_ss3__te_ss1ss2,S009,ss1,Fz,0.1481635821827952,0.8914001379047091
lab6079,percent020_day1_case1,tv_ss3__te_ss1ss2,S009,ss2,Fx,0.0608818426956632,0.9739166122983748
lab6079,percent020_day1_case1,tv_ss3__te_ss1ss2,S009,ss2,Fz,0.0774924289806761,0.9710417103834194
lab6079,percent020_day1_case1,tv_ss3__te_ss1ss2,S010,ss1,Fx,0.1339052846865297,0.8693968461526563
lab6079,percent020_day1_case1,tv_ss3__te_ss1ss2,S010,ss1,Fz,0.1144154823187719,0.9232738407794
lab6079,percent020_day1_case1,tv_ss3__te_ss1ss2,S010,ss2,Fx,0.0853087252428138,0.9504602711356483
lab6079,percent020_day1_case1,tv_ss3__te_ss1ss2,S010,ss2,Fz,0.0585596017657761,0.9746413818206614
lab6079,percent020_day1_case1,tv_ss3__te_ss1ss2,S013,ss1,Fx,0.1291497531678105,0.8816877678850488
lab6079,percent020_day1_case1,tv_ss3__te_ss1ss2,S013,ss1,Fz,0.156106477129313,0.8824264125655535
lab6079,percent020_day1_case1,tv_ss3__te_ss1ss2,S013,ss2,Fx,0.0927882001610508,0.9429842469915174
lab6079,percent020_day1_case1,tv_ss3__te_ss1ss2,S013,ss2,Fz,0.0945954722764798,0.9595956854343932
lab6079,percent020_day1_case1,tv_ss3__te_ss1ss2,S014,ss1,Fx,0.2773455075757337,0.6931940948856314
lab6079,percent020_day1_case1,tv_ss3__te_ss1ss2,S014,ss1,Fz,0.2380627125897896,0.735830602364277
lab6079,percent020_day1_case1,tv_ss3__te_ss1ss2,S015,ss1,Fx,0.1110991321938507,0.8866117215269769
lab6079,percent020_day1_case1,tv_ss3__te_ss1ss2,S015,ss1,Fz,0.0973357025089887,0.9286659704821852
lab6079,percent020_day1_case1,tv_ss3__te_ss1ss2,S015,ss2,Fx,0.0665291360756195,0.964347937806076
lab6079,percent020_day1_case1,tv_ss3__te_ss1ss2,S015,ss2,Fz,0.0670341756102598,0.96806729744789
lab6079,percent020_day1_case1,tv_ss3__te_ss1ss2,S016,ss1,Fx,0.3038239058593598,0.7499769677339293
lab6079,percent020_day1_case1,tv_ss3__te_ss1ss2,S016,ss1,Fz,0.0966423681480546,0.9406792640284416
lab6079,percent020_day1_case1,tv_ss3__te_ss1ss2,S016,ss2,Fx,0.1759664473186951,0.8792884793321558
lab6079,percent020_day1_case1,tv_ss3__te_ss1ss2,S016,ss2,Fz,0.0934522879765519,0.9526401413521086
lab6079,percent020_day1_case1,tv_ss3__te_ss1ss2,S017,ss1,Fx,0.127239519997811,0.905829529310065
lab6079,percent020_day1_case1,tv_ss3__te_ss1ss2,S017,ss1,Fz,0.0723550119980418,0.946372317734207
lab6079,percent020_day1_case1,tv_ss3__te_ss1ss2,S017,ss2,Fx,0.0648379734539811,0.9701068380212644
lab6079,percent020_day1_case1,tv_ss3__te_ss1ss2,S017,ss2,Fz,0.0514143924138342,0.9755072295902112
lab6079,percent020_day1_case1,tv_ss3__te_ss1ss2,S018,ss1,Fx,0.1236560029949281,0.891519598128471
lab6079,percent020_day1_case1,tv_ss3__te_ss1ss2,S018,ss1,Fz,0.2097985272949495,0.9127535208406982
lab6079,percent020_day1_case1,tv_ss3__te_ss1ss2,S018,ss2,Fx,0.0805888629562109,0.9495253370726748
lab6079,percent020_day1_case1,tv_ss3__te_ss1ss2,S018,ss2,Fz,0.0943931412701216,0.9721013755885218
lab6079,percent020_day1_case1,tv_ss3__te_ss1ss2,S019,ss1,Fx,0.1435912753236381,0.9000012216010912
lab6079,percent020_day1_case1,tv_ss3__te_ss1ss2,S019,ss1,Fz,0.1387417067645258,0.9035722582668354
lab6079,percent020_day1_case1,tv_ss3__te_ss1ss2,S019,ss2,Fx,0.0658450074345581,0.9713520029526692
lab6079,percent020_day1_case1,tv_ss3__te_ss1ss2,S019,ss2,Fz,0.0646046984605013,0.9776466024330326
biomechserver,percent020_day1_case1,tv_te_ss1,S001,ss1,Fx,0.0947043719066038,0.9216227858302656
biomechserver,percent020_day1_case1,tv_te_ss1,S001,ss1,Fz,0.0757651650813941,0.960389764363979
biomechserver,percent020_day1_case1,tv_te_ss1,S002,ss1,Fx,0.0979221945759474,0.9053839309376636
biomechserver,percent020_day1_case1,tv_te_ss1,S002,ss1,Fz,0.101051961504548,0.9346956920912352
biomechserver,percent020_day1_case1,tv_te_ss1,S003,ss1,Fx,0.2456546579794183,0.2548937835541692
biomechserver,percent020_day1_case1,tv_te_ss1,S003,ss1,Fz,0.2608390477352055,0.2375970948059953
biomechserver,percent020_day1_case1,tv_te_ss1,S004,ss1,Fx,0.1041684293740855,0.9567855658271184
biomechserver,percent020_day1_case1,tv_te_ss1,S004,ss1,Fz,0.1079619119773968,0.9184670902915124
biomechserver,percent020_day1_case1,tv_te_ss1,S005,ss1,Fx,0.0965144528961654,0.9374499260335633
biomechserver,percent020_day1_case1,tv_te_ss1,S005,ss1,Fz,0.163107347827256,0.931356651686957
biomechserver,percent020_day1_case1,tv_te_ss1,S006,ss1,Fx,0.087394839059904,0.9501029074470614
biomechserver,percent020_day1_case1,tv_te_ss1,S006,ss1,Fz,0.1071120759539762,0.9119428122401798
biomechserver,percent020_day1_case1,tv_te_ss1,S007,ss1,Fx,0.0786189153047237,0.9557079034109036
biomechserver,percent020_day1_case1,tv_te_ss1,S007,ss1,Fz,0.102783024161363,0.9432299666681891
biomechserver,percent020_day1_case1,tv_te_ss1,S008,ss1,Fx,0.0814866018145351,0.95245117394119
biomechserver,percent020_day1_case1,tv_te_ss1,S008,ss1,Fz,0.0876053946467648,0.97211047141312
biomechserver,percent020_day1_case1,tv_te_ss1,S009,ss1,Fx,0.0755850747382799,0.9518792283839858
biomechserver,percent020_day1_case1,tv_te_ss1,S009,ss1,Fz,0.0824649167083953,0.9468739935544074
biomechserver,percent020_day1_case1,tv_te_ss1,S010,ss1,Fx,0.1003279895261026,0.9100487536177712
biomechserver,percent020_day1_case1,tv_te_ss1,S010,ss1,Fz,0.0865278673979918,0.9176827376714974
biomechserver,percent020_day1_case1,tv_te_ss1,S011,ss1,Fx,0.0666925164162412,0.9727138828571714
biomechserver,percent020_day1_case1,tv_te_ss1,S011,ss1,Fz,0.1152731185829841,0.969974970789806
biomechserver,percent020_day1_case1,tv_te_ss1,S012,ss1,Fx,0.2822792676029014,0.2662337346523192
biomechserver,percent020_day1_case1,tv_te_ss1,S012,ss1,Fz,0.2284245490539182,0.5184526948623932
biomechserver,percent020_day1_case1,tv_te_ss1,S013,ss1,Fx,0.0758550005874298,0.9561500653743342
biomechserver,percent020_day1_case1,tv_te_ss1,S013,ss1,Fz,0.0855047000100794,0.9473508766663862
biomechserver,percent020_day1_case1,tv_te_ss1,S014,ss1,Fx,0.1634095723713515,0.7752568606229643
biomechserver,percent020_day1_case1,tv_te_ss1,S014,ss1,Fz,0.1766169268892141,0.7837621911344408
biomechserver,percent020_day1_case1,tv_te_ss1,S015,ss1,Fx,0.0872066900405142,0.9427198416486526
biomechserver,percent020_day1_case1,tv_te_ss1,S015,ss1,Fz,0.0807290620785464,0.9555112411603484
biomechserver,percent020_day1_case1,tv_te_ss1,S016,ss1,Fx,0.1918981919229881,0.7186897389616757
biomechserver,percent020_day1_case1,tv_te_ss1,S016,ss1,Fz,0.12420989256579,0.9158758100125866
biomechserver,percent020_day1_case1,tv_te_ss1,S017,ss1,Fx,0.0890202257960667,0.9507677636212674
biomechserver,percent020_day1_case1,tv_te_ss1,S017,ss1,Fz,0.0825565161516177,0.9469724457994382
biomechserver,percent020_day1_case1,tv_te_ss1,S018,ss1,Fx,0.0958047823916603,0.9279077781828255
biomechserver,percent020_day1_case1,tv_te_ss1,S018,ss1,Fz,0.0879689618432454,0.948805647783443
biomechserver,percent020_day1_case1,tv_te_ss1,S019,ss1,Fx,0.0964669344002503,0.9354487795740009
biomechserver,percent020_day1_case1,tv_te_ss1,S019,ss1,Fz,0.0910251613642897,0.947503369746162
biomechserver,percent020_day1_case1,tv_te_ss123,S001,ss1,Fx,0.0996138380902212,0.9305371831003492
biomechserver,percent020_day1_case1,tv_te_ss123,S001,ss1,Fz,0.0753204486631933,0.9624691112215008
biomechserver,percent020_day1_case1,tv_te_ss123,S001,ss2,Fx,0.0633544626705692,0.9684104273334788
biomechserver,percent020_day1_case1,tv_te_ss123,S001,ss2,Fz,0.0585613469763483,0.980627978100782
biomechserver,percent020_day1_case1,tv_te_ss123,S001,ss3,Fx,0.0566891871739433,0.9792402639468646
biomechserver,percent020_day1_case1,tv_te_ss123,S001,ss3,Fz,0.0426889342417471,0.9892006096140749
biomechserver,percent020_day1_case1,tv_te_ss123,S002,ss1,Fx,0.1008038382046017,0.9132476341359904
biomechserver,percent020_day1_case1,tv_te_ss123,S002,ss1,Fz,0.0853316454464042,0.9516139996055508
biomechserver,percent020_day1_case1,tv_te_ss123,S002,ss2,Fx,0.063058141336918,0.9631281580820168
biomechserver,percent020_day1_case1,tv_te_ss123,S002,ss2,Fz,0.0619657101911034,0.9813460910563948
biomechserver,percent020_day1_case1,tv_te_ss123,S002,ss3,Fx,0.0557350407581286,0.9736363623888707
biomechserver,percent020_day1_case1,tv_te_ss123,S002,ss3,Fz,0.0606516575732566,0.98494596813683
biomechserver,percent020_day1_case1,tv_te_ss123,S003,ss1,Fx,0.2506559531263185,0.2613555438454
biomechserver,percent020_day1_case1,tv_te_ss123,S003,ss1,Fz,0.2773678617174746,0.2004362369454046
biomechserver,percent020_day1_case1,tv_te_ss123,S003,ss2,Fx,0.0599815930737569,0.974153615866049
biomechserver,percent020_day1_case1,tv_te_ss123,S003,ss2,Fz,0.0838909219805844,0.9736288044782312
biomechserver,percent020_day1_case1,tv_te_ss123,S003,ss3,Fx,0.0522854696239586,0.9788323949997147
biomechserver,percent020_day1_case1,tv_te_ss123,S003,ss3,Fz,0.0762184419588323,0.9797886961133347
biomechserver,percent020_day1_case1,tv_te_ss123,S004,ss1,Fx,0.1399693579281856,0.9445507529059004
biomechserver,percent020_day1_case1,tv_te_ss123,S004,ss1,Fz,0.0810993664634271,0.9584183510691676
biomechserver,percent020_day1_case1,tv_te_ss123,S004,ss2,Fx,0.0896413161289674,0.9677352523628328
biomechserver,percent020_day1_case1,tv_te_ss123,S004,ss2,Fz,0.0790863924401319,0.9656907849482452
biomechserver,percent020_day1_case1,tv_te_ss123,S004,ss3,Fx,0.0838631668848731,0.9699457180867204
biomechserver,percent020_day1_case1,tv_te_ss123,S004,ss3,Fz,0.0660204982751667,0.9756006256326344
biomechserver,percent020_day1_case1,tv_te_ss123,S005,ss1,Fx,0.0696666319247075,0.9642507824448586
biomechserver,percent020_day1_case1,tv_te_ss123,S005,ss1,Fz,0.1182185577437992,0.960700211491214
biomechserver,percent020_day1_case1,tv_te_ss123,S005,ss2,Fx,0.0497196604072017,0.9837728316453646
biomechserver,percent020_day1_case1,tv_te_ss123,S005,ss2,Fz,0.0812589489671883,0.9830629437549324
biomechserver,percent020_day1_case1,tv_te_ss123,S005,ss3,Fx,0.0475782793380717,0.987254343401658
biomechserver,percent020_day1_case1,tv_te_ss123,S005,ss3,Fz,0.0609563771738775,0.9846548205573058
biomechserver,percent020_day1_case1,tv_te_ss123,S006,ss1,Fx,0.0693730768201485,0.96949912366139
biomechserver,percent020_day1_case1,tv_te_ss123,S006,ss1,Fz,0.0791365672331137,0.9569080756158318
biomechserver,percent020_day1_case1,tv_te_ss123,S006,ss2,Fx,0.0630323459362546,0.9776177581411222
biomechserver,percent020_day1_case1,tv_te_ss123,S006,ss2,Fz,0.064915738972511,0.9763473076600784
biomechserver,percent020_day1_case1,tv_te_ss123,S006,ss3,Fx,0.072942872312432,0.967988520816552
biomechserver,percent020_day1_case1,tv_te_ss123,S006,ss3,Fz,0.0671437795875312,0.9816018741734992
biomechserver,percent020_day1_case1,tv_te_ss123,S007,ss1,Fx,0.0835249689686553,0.9553803316106996
biomechserver,percent020_day1_case1,tv_te_ss123,S007,ss1,Fz,0.085124586199814,0.9561727324720636
biomechserver,percent020_day1_case1,tv_te_ss123,S007,ss2,Fx,0.0732066039212909,0.9639659097038424
biomechserver,percent020_day1_case1,tv_te_ss123,S007,ss2,Fz,0.070596435367649,0.9647329177179612
biomechserver,percent020_day1_case1,tv_te_ss123,S007,ss3,Fx,0.0583980588961736,0.975730115079914
biomechserver,percent020_day1_case1,tv_te_ss123,S007,ss3,Fz,0.0492346652556382,0.9855942244852754
biomechserver,percent020_day1_case1,tv_te_ss123,S008,ss1,Fx,0.0862284007642731,0.941265389262236
biomechserver,percent020_day1_case1,tv_te_ss123,S008,ss1,Fz,0.0854296482448641,0.9669539843682294
biomechserver,percent020_day1_case1,tv_te_ss123,S008,ss2,Fx,0.0821537961058352,0.955627326981936
biomechserver,percent020_day1_case1,tv_te_ss123,S008,ss2,Fz,0.0742469928240869,0.9807633924715972
biomechserver,percent020_day1_case1,tv_te_ss123,S008,ss3,Fx,0.0775221478018958,0.975259394501509
biomechserver,percent020_day1_case1,tv_te_ss123,S008,ss3,Fz,0.0664504859885282,0.9860185315588968
biomechserver,percent020_day1_case1,tv_te_ss123,S009,ss1,Fx,0.0732487540959661,0.9632335979652848
biomechserver,percent020_day1_case1,tv_te_ss123,S009,ss1,Fz,0.0670573478066535,0.961714500999919
biomechserver,percent020_day1_case1,tv_te_ss123,S009,ss2,Fx,0.0564894370907387,0.9796300210213535
biomechserver,percent020_day1_case1,tv_te_ss123,S009,ss2,Fz,0.0610822790038426,0.9776677470226904
biomechserver,percent020_day1_case1,tv_te_ss123,S009,ss3,Fx,0.0548512984417611,0.9844239722650548
biomechserver,percent020_day1_case1,tv_te_ss123,S009,ss3,Fz,0.0593485033366618,0.982661964416551
biomechserver,percent020_day1_case1,tv_te_ss123,S010,ss1,Fx,0.0802480749970452,0.942481642360716
biomechserver,percent020_day1_case1,tv_te_ss123,S010,ss1,Fz,0.0729843180288209,0.9416652684249444
biomechserver,percent020_day1_case1,tv_te_ss123,S010,ss2,Fx,0.0615956342259059,0.974064085014452
biomechserver,percent020_day1_case1,tv_te_ss123,S010,ss2,Fz,0.0511881462224721,0.9823837211015668
biomechserver,percent020_day1_case1,tv_te_ss123,S010,ss3,Fx,0.0566413655433301,0.976191845394551
biomechserver,percent020_day1_case1,tv_te_ss123,S010,ss3,Fz,0.0555269150168327,0.98440747765141
biomechserver,percent020_day1_case1,tv_te_ss123,S011,ss1,Fx,0.0574572131716325,0.9775531095011828
biomechserver,percent020_day1_case1,tv_te_ss123,S011,ss1,Fz,0.1196880177210744,0.9791472670670032
biomechserver,percent020_day1_case1,tv_te_ss123,S011,ss2,Fx,0.0643845741992586,0.973817300715971
biomechserver,percent020_day1_case1,tv_te_ss123,S011,ss2,Fz,0.0931079996535469,0.982510634599252
biomechserver,percent020_day1_case1,tv_te_ss123,S012,ss1,Fx,0.2704182202871648,0.3879281313077585
biomechserver,percent020_day1_case1,tv_te_ss123,S012,ss1,Fz,0.1972615804753359,0.5333226943849577
biomechserver,percent020_day1_case1,tv_te_ss123,S012,ss2,Fx,0.1554186815157234,0.8334379561378976
biomechserver,percent020_day1_case1,tv_te_ss123,S012,ss2,Fz,0.1762253398028309,0.9251361544325692
biomechserver,percent020_day1_case1,tv_te_ss123,S013,ss1,Fx,0.0772165126695026,0.9528302378130954
biomechserver,percent020_day1_case1,tv_te_ss123,S013,ss1,Fz,0.0810243243052623,0.9563129095150944
biomechserver,percent020_day1_case1,tv_te_ss123,S013,ss2,Fx,0.0706975177944372,0.9611295762987446
biomechserver,percent020_day1_case1,tv_te_ss123,S013,ss2,Fz,0.0569500117243368,0.9782094298563072
biomechserver,percent020_day1_case1,tv_te_ss123,S013,ss3,Fx,0.046004269268039,0.9849436753035056
biomechserver,percent020_day1_case1,tv_te_ss123,S013,ss3,Fz,0.0477569472618988,0.9874678106029068
biomechserver,percent020_day1_case1,tv_te_ss123,S014,ss1,Fx,0.1817159133800272,0.758469122149743
biomechserver,percent020_day1_case1,tv_te_ss123,S014,ss1,Fz,0.1578901999229703,0.773804019204495
biomechserver,percent020_day1_case1,tv_te_ss123,S014,ss3,Fx,0.0838955996035921,0.9550974284753204
biomechserver,percent020_day1_case1,tv_te_ss123,S014,ss3,Fz,0.113918225399449,0.9345298490992586
biomechserver,percent020_day1_case1,tv_te_ss123,S015,ss1,Fx,0.0956186086399391,0.931343023512933
biomechserver,percent020_day1_case1,tv_te_ss123,S015,ss1,Fz,0.085932575548086,0.9462322893362632
biomechserver,percent020_day1_case1,tv_te_ss123,S015,ss2,Fx,0.0576575458177235,0.9764057730982418
biomechserver,percent020_day1_case1,tv_te_ss123,S015,ss2,Fz,0.0530737390853924,0.9796161885320644
biomechserver,percent020_day1_case1,tv_te_ss123,S015,ss3,Fx,0.0802088212430725,0.9498164726612842
biomechserver,percent020_day1_case1,tv_te_ss123,S015,ss3,Fz,0.0488165035916022,0.9846331640366368
biomechserver,percent020_day1_case1,tv_te_ss123,S016,ss1,Fx,0.1032464410579578,0.9197945395114954
biomechserver,percent020_day1_case1,tv_te_ss123,S016,ss1,Fz,0.0917580092756725,0.9597180723157188
biomechserver,percent020_day1_case1,tv_te_ss123,S016,ss2,Fx,0.0713502449933244,0.9628825100464016
biomechserver,percent020_day1_case1,tv_te_ss123,S016,ss2,Fz,0.0947603854179778,0.959289310915429
biomechserver,percent020_day1_case1,tv_te_ss123,S016,ss3,Fx,0.0854534521098912,0.946406682243902
biomechserver,percent020_day1_case1,tv_te_ss123,S016,ss3,Fz,0.0839264356258734,0.967299771350465
biomechserver,percent020_day1_case1,tv_te_ss123,S017,ss1,Fx,0.0884616667985366,0.9495967680906252
biomechserver,percent020_day1_case1,tv_te_ss123,S017,ss1,Fz,0.0707976961926429,0.9511999073287922
biomechserver,percent020_day1_case1,tv_te_ss123,S017,ss2,Fx,0.0629508293002995,0.9680180777293256
biomechserver,percent020_day1_case1,tv_te_ss123,S017,ss2,Fz,0.0572214199635923,0.9706966713316404
biomechserver,percent020_day1_case1,tv_te_ss123,S017,ss3,Fx,0.0562124574985402,0.9756823005108431
biomechserver,percent020_day1_case1,tv_te_ss123,S017,ss3,Fz,0.0526236851884206,0.9867620320504163
biomechserver,percent020_day1_case1,tv_te_ss123,S018,ss1,Fx,0.082300316150639,0.9509686514030596
biomechserver,percent020_day1_case1,tv_te_ss123,S018,ss1,Fz,0.0828871103096018,0.9667787918056312
biomechserver,percent020_day1_case1,tv_te_ss123,S018,ss2,Fx,0.0685374771104317,0.9642110123342948
biomechserver,percent020_day1_case1,tv_te_ss123,S018,ss2,Fz,0.0670512836274509,0.9831617142160632
biomechserver,percent020_day1_case1,tv_te_ss123,S018,ss3,Fx,0.0739152933862433,0.9574486487644928
biomechserver,percent020_day1_case1,tv_te_ss123,S018,ss3,Fz,0.0699769195813857,0.9818437955993132
biomechserver,percent020_day1_case1,tv_te_ss123,S019,ss1,Fx,0.0791364678808802,0.956493906916189
biomechserver,percent020_day1_case1,tv_te_ss123,S019,ss1,Fz,0.0941894454799827,0.9577928506095224
biomechserver,percent020_day1_case1,tv_te_ss123,S019,ss2,Fx,0.0698524742893488,0.9647887763754168
biomechserver,percent020_day1_case1,tv_te_ss123,S019,ss2,Fz,0.0635537798460705,0.9812573871361951
biomechserver,percent020_day1_case1,tv_te_ss123,S019,ss3,Fx,0.07863015505198,0.9551136173608572
biomechserver,percent020_day1_case1,tv_te_ss123,S019,ss3,Fz,0.0810160195514096,0.9614728564751744
biomechserver,percent020_day1_case1,tv_te_ss2,S001,ss2,Fx,0.0598861676196339,0.9716871361057284
biomechserver,percent020_day1_case1,tv_te_ss2,S001,ss2,Fz,0.059947023701355,0.981771371679632
biomechserver,percent020_day1_case1,tv_te_ss2,S002,ss2,Fx,0.0634654291372927,0.963734170174165
biomechserver,percent020_day1_case1,tv_te_ss2,S002,ss2,Fz,0.0660944699571342,0.9807237636538596
biomechserver,percent020_day1_case1,tv_te_ss2,S003,ss2,Fx,0.0621552283247775,0.9709077704059104
biomechserver,percent020_day1_case1,tv_te_ss2,S003,ss2,Fz,0.0823363941764639,0.9738243190945176
biomechserver,percent020_day1_case1,tv_te_ss2,S004,ss2,Fx,0.0852591205536992,0.9700468848052872
biomechserver,percent020_day1_case1,tv_te_ss2,S004,ss2,Fz,0.0851078658418856,0.9659069024341744
biomechserver,percent020_day1_case1,tv_te_ss2,S005,ss2,Fx,0.0490285582600358,0.98422768338312
biomechserver,percent020_day1_case1,tv_te_ss2,S005,ss2,Fz,0.0764126291759352,0.98356162733956
biomechserver,percent020_day1_case1,tv_te_ss2,S006,ss2,Fx,0.0630535379129249,0.9770251556500984
biomechserver,percent020_day1_case1,tv_te_ss2,S006,ss2,Fz,0.067730848447867,0.9812868447028312
biomechserver,percent020_day1_case1,tv_te_ss2,S007,ss2,Fx,0.0600350136086791,0.9730858014693504
biomechserver,percent020_day1_case1,tv_te_ss2,S007,ss2,Fz,0.0717743633600868,0.9695571046397878
biomechserver,percent020_day1_case1,tv_te_ss2,S008,ss2,Fx,0.0843990175488541,0.953205193111432
biomechserver,percent020_day1_case1,tv_te_ss2,S008,ss2,Fz,0.0841378563149478,0.9744569666601832
biomechserver,percent020_day1_case1,tv_te_ss2,S009,ss2,Fx,0.0556099034934499,0.9764605618723544
biomechserver,percent020_day1_case1,tv_te_ss2,S009,ss2,Fz,0.0649866494345548,0.9767299952494604
biomechserver,percent020_day1_case1,tv_te_ss2,S010,ss2,Fx,0.0683131507997983,0.9688947266079938
biomechserver,percent020_day1_case1,tv_te_ss2,S010,ss2,Fz,0.0625412545778411,0.9779798030329682
biomechserver,percent020_day1_case1,tv_te_ss2,S011,ss2,Fx,0.0678858262364535,0.9724626420961088
biomechserver,percent020_day1_case1,tv_te_ss2,S011,ss2,Fz,0.096028768163587,0.982029429813114
biomechserver,percent020_day1_case1,tv_te_ss2,S012,ss2,Fx,0.1624467380941576,0.8326577444830267
biomechserver,percent020_day1_case1,tv_te_ss2,S012,ss2,Fz,0.230559313664962,0.9017779755966798
biomechserver,percent020_day1_case1,tv_te_ss2,S013,ss2,Fx,0.0765778643001854,0.9603264064924536
biomechserver,percent020_day1_case1,tv_te_ss2,S013,ss2,Fz,0.0579215117804702,0.9770210420765169
biomechserver,percent020_day1_case1,tv_te_ss2,S015,ss2,Fx,0.0600942907668691,0.9710119869413352
biomechserver,percent020_day1_case1,tv_te_ss2,S015,ss2,Fz,0.0599233945581495,0.9739698183845754
biomechserver,percent020_day1_case1,tv_te_ss2,S016,ss2,Fx,0.1464750903946088,0.8597244087399737
biomechserver,percent020_day1_case1,tv_te_ss2,S016,ss2,Fz,0.1162231896754134,0.925081507625038
biomechserver,percent020_day1_case1,tv_te_ss2,S017,ss2,Fx,0.0808066925820607,0.9469684919173024
biomechserver,percent020_day1_case1,tv_te_ss2,S017,ss2,Fz,0.0558143458032788,0.9736843707124112
biomechserver,percent020_day1_case1,tv_te_ss2,S018,ss2,Fx,0.0697466139721135,0.9625758326783034
biomechserver,percent020_day1_case1,tv_te_ss2,S018,ss2,Fz,0.0703707080607299,0.9729748890994095
biomechserver,percent020_day1_case1,tv_te_ss2,S019,ss2,Fx,0.0737908943406875,0.9626937072303232
biomechserver,percent020_day1_case1,tv_te_ss2,S019,ss2,Fz,0.0665237969862606,0.9756422503522572
biomechserver,percent020_day1_case1,tv_te_ss3,S001,ss3,Fx,0.0633332866950062,0.9656132476121544
biomechserver,percent020_day1_case1,tv_te_ss3,S001,ss3,Fz,0.045363714354664,0.9878603874630216
biomechserver,percent020_day1_case1,tv_te_ss3,S002,ss3,Fx,0.0490821513203953,0.9796026976727013
biomechserver,percent020_day1_case1,tv_te_ss3,S002,ss3,Fz,0.0613896264470121,0.9866679608605357
biomechserver,percent020_day1_case1,tv_te_ss3,S003,ss3,Fx,0.0644143835472911,0.9683021270441652
biomechserver,percent020_day1_case1,tv_te_ss3,S003,ss3,Fz,0.0681863638380859,0.9793226633222956
biomechserver,percent020_day1_case1,tv_te_ss3,S004,ss3,Fx,0.0728253423867496,0.9737413856914408
biomechserver,percent020_day1_case1,tv_te_ss3,S004,ss3,Fz,0.0564079576630034,0.9818924867452026
biomechserver,percent020_day1_case1,tv_te_ss3,S005,ss3,Fx,0.042234955007507,0.9879538409771818
biomechserver,percent020_day1_case1,tv_te_ss3,S005,ss3,Fz,0.0786889265158196,0.97862762960032
biomechserver,percent020_day1_case1,tv_te_ss3,S006,ss3,Fx,0.0677736083554337,0.969364779666226
biomechserver,percent020_day1_case1,tv_te_ss3,S006,ss3,Fz,0.073079809017332,0.9796410745343416
biomechserver,percent020_day1_case1,tv_te_ss3,S007,ss3,Fx,0.0528200055345028,0.9780970132303728
biomechserver,percent020_day1_case1,tv_te_ss3,S007,ss3,Fz,0.0535938247451857,0.9872225542136696
biomechserver,percent020_day1_case1,tv_te_ss3,S008,ss3,Fx,0.073353438499653,0.9775197966115312
biomechserver,percent020_day1_case1,tv_te_ss3,S008,ss3,Fz,0.0822572081964773,0.983735343350677
biomechserver,percent020_day1_case1,tv_te_ss3,S009,ss3,Fx,0.0523118886349158,0.9807933492194808
biomechserver,percent020_day1_case1,tv_te_ss3,S009,ss3,Fz,0.0592353119471721,0.9835128071663268
biomechserver,percent020_day1_case1,tv_te_ss3,S010,ss3,Fx,0.0607274740876118,0.972245075812907
biomechserver,percent020_day1_case1,tv_te_ss3,S010,ss3,Fz,0.0519212290693198,0.9826125625098134
biomechserver,percent020_day1_case1,tv_te_ss3,S013,ss3,Fx,0.0538305617517185,0.9828130961057294
biomechserver,percent020_day1_case1,tv_te_ss3,S013,ss3,Fz,0.0590376084537064,0.9856899084547384
biomechserver,percent020_day1_case1,tv_te_ss3,S014,ss3,Fx,0.0993320848525156,0.9547046291040152
biomechserver,percent020_day1_case1,tv_te_ss3,S014,ss3,Fz,0.1222567369909532,0.9189351087727736
biomechserver,percent020_day1_case1,tv_te_ss3,S015,ss3,Fx,0.0914267290363111,0.9339024522258262
biomechserver,percent020_day1_case1,tv_te_ss3,S015,ss3,Fz,0.0584391825529236,0.9786056106561593
biomechserver,percent020_day1_case1,tv_te_ss3,S016,ss3,Fx,0.1555576203076035,0.8714090692610084
biomechserver,percent020_day1_case1,tv_te_ss3,S016,ss3,Fz,0.0817011437205706,0.9669285234997548
biomechserver,percent020_day1_case1,tv_te_ss3,S017,ss3,Fx,0.0520774742933909,0.9793191309159268
biomechserver,percent020_day1_case1,tv_te_ss3,S017,ss3,Fz,0.0503325532900061,0.9875739380482554
biomechserver,percent020_day1_case1,tv_te_ss3,S018,ss3,Fx,0.0619569833422654,0.9700482325319733
biomechserver,percent020_day1_case1,tv_te_ss3,S018,ss3,Fz,0.0585347763384587,0.9865592627022496
biomechserver,percent020_day1_case1,tv_te_ss3,S019,ss3,Fx,0.0664487775503177,0.9716680629321852
biomechserver,percent020_day1_case1,tv_te_ss3,S019,ss3,Fz,0.0911582873725282,0.9496365611663252
biomechserver,percent050_day1_case1,tv_ss1__te_ss2ss3,S001,ss2,Fx,0.0763387728293535,0.9601750584272234
biomechserver,percent050_day1_case1,tv_ss1__te_ss2ss3,S001,ss2,Fz,0.0802809328043779,0.9723645285051042
biomechserver,percent050_day1_case1,tv_ss1__te_ss2ss3,S001,ss3,Fx,0.0975069923109433,0.9447406744405512
biomechserver,percent050_day1_case1,tv_ss1__te_ss2ss3,S001,ss3,Fz,0.1049525841034179,0.9688274774614464
biomechserver,percent050_day1_case1,tv_ss1__te_ss2ss3,S002,ss2,Fx,0.0850618690399958,0.9453128352989408
biomechserver,percent050_day1_case1,tv_ss1__te_ss2ss3,S002,ss2,Fz,0.0857694476704518,0.975965590887228
biomechserver,percent050_day1_case1,tv_ss1__te_ss2ss3,S002,ss3,Fx,0.1058822106538254,0.9248552315672832
biomechserver,percent050_day1_case1,tv_ss1__te_ss2ss3,S002,ss3,Fz,0.1145744730599598,0.960678879365313
biomechserver,percent050_day1_case1,tv_ss1__te_ss2ss3,S003,ss2,Fx,0.0745433326353367,0.9759021287284926
biomechserver,percent050_day1_case1,tv_ss1__te_ss2ss3,S003,ss2,Fz,0.0941832204013603,0.9550140601581524
biomechserver,percent050_day1_case1,tv_ss1__te_ss2ss3,S003,ss3,Fx,0.0923727413810442,0.966776296922139
biomechserver,percent050_day1_case1,tv_ss1__te_ss2ss3,S003,ss3,Fz,0.1248386146559924,0.9325644145470996
biomechserver,percent050_day1_case1,tv_ss1__te_ss2ss3,S004,ss2,Fx,0.1156965613228639,0.9402854504029264
biomechserver,percent050_day1_case1,tv_ss1__te_ss2ss3,S004,ss2,Fz,0.1197410911759779,0.9281253673063276
biomechserver,percent050_day1_case1,tv_ss1__te_ss2ss3,S004,ss3,Fx,0.1263452961005379,0.9385815917435956
biomechserver,percent050_day1_case1,tv_ss1__te_ss2ss3,S004,ss3,Fz,0.1329425077851238,0.9446193593111972
biomechserver,percent050_day1_case1,tv_ss1__te_ss2ss3,S005,ss2,Fx,0.0906632426164429,0.9497855237122728
biomechserver,percent050_day1_case1,tv_ss1__te_ss2ss3,S005,ss2,Fz,0.1080735120877676,0.9506840143087792
biomechserver,percent050_day1_case1,tv_ss1__te_ss2ss3,S005,ss3,Fx,0.0911290685845634,0.9657632453178382
biomechserver,percent050_day1_case1,tv_ss1__te_ss2ss3,S005,ss3,Fz,0.1019445577498507,0.9542789299558964
biomechserver,percent050_day1_case1,tv_ss1__te_ss2ss3,S006,ss2,Fx,0.094714276934461,0.9639518397484428
biomechserver,percent050_day1_case1,tv_ss1__te_ss2ss3,S006,ss2,Fz,0.0839869627514672,0.9511650261841814
biomechserver,percent050_day1_case1,tv_ss1__te_ss2ss3,S006,ss3,Fx,0.1198787781076474,0.9374633944301308
biomechserver,percent050_day1_case1,tv_ss1__te_ss2ss3,S006,ss3,Fz,0.0992308546709063,0.9479998914153536
biomechserver,percent050_day1_case1,tv_ss1__te_ss2ss3,S007,ss2,Fx,0.0954316663868002,0.93854731078535
biomechserver,percent050_day1_case1,tv_ss1__te_ss2ss3,S007,ss2,Fz,0.1119968279374404,0.9472384324857488
biomechserver,percent050_day1_case1,tv_ss1__te_ss2ss3,S007,ss3,Fx,0.1189608156965628,0.9242977755062706
biomechserver,percent050_day1_case1,tv_ss1__te_ss2ss3,S007,ss3,Fz,0.1198395944758018,0.9474354898237952
biomechserver,percent050_day1_case1,tv_ss1__te_ss2ss3,S008,ss2,Fx,0.1172455457460606,0.9455506812444452
biomechserver,percent050_day1_case1,tv_ss1__te_ss2ss3,S008,ss2,Fz,0.0837875533334407,0.9661056552504138
biomechserver,percent050_day1_case1,tv_ss1__te_ss2ss3,S008,ss3,Fx,0.1324609600264313,0.9560932102554583
biomechserver,percent050_day1_case1,tv_ss1__te_ss2ss3,S008,ss3,Fz,0.1099159334412169,0.9546743202573282
biomechserver,percent050_day1_case1,tv_ss1__te_ss2ss3,S009,ss2,Fx,0.0801705177603572,0.9551020813015844
biomechserver,percent050_day1_case1,tv_ss1__te_ss2ss3,S009,ss2,Fz,0.080651680817457,0.9613357877959056
biomechserver,percent050_day1_case1,tv_ss1__te_ss2ss3,S009,ss3,Fx,0.0885879954752552,0.953595394496848
biomechserver,percent050_day1_case1,tv_ss1__te_ss2ss3,S009,ss3,Fz,0.1129254596560284,0.9555735604007376
biomechserver,percent050_day1_case1,tv_ss1__te_ss2ss3,S010,ss2,Fx,0.1026569428121232,0.9504149128078296
biomechserver,percent050_day1_case1,tv_ss1__te_ss2ss3,S010,ss2,Fz,0.0899566852506065,0.9660794580192952
biomechserver,percent050_day1_case1,tv_ss1__te_ss2ss3,S010,ss3,Fx,0.1121570679906813,0.938180017759697
biomechserver,percent050_day1_case1,tv_ss1__te_ss2ss3,S010,ss3,Fz,0.1149504029947187,0.96184491527588
biomechserver,percent050_day1_case1,tv_ss1__te_ss2ss3,S011,ss2,Fx,0.0697930116964706,0.9611431642629624
biomechserver,percent050_day1_case1,tv_ss1__te_ss2ss3,S011,ss2,Fz,0.1362848925404744,0.9655648347451186
biomechserver,percent050_day1_case1,tv_ss1__te_ss2ss3,S012,ss2,Fx,0.1997730443274352,0.7154380651224099
biomechserver,percent050_day1_case1,tv_ss1__te_ss2ss3,S012,ss2,Fz,0.1617468665606529,0.9021325655043252
biomechserver,percent050_day1_case1,tv_ss1__te_ss2ss3,S013,ss2,Fx,0.0902047544439588,0.9514441502010808
biomechserver,percent050_day1_case1,tv_ss1__te_ss2ss3,S013,ss2,Fz,0.0689472613907833,0.9699123598746948
biomechserver,percent050_day1_case1,tv_ss1__te_ss2ss3,S013,ss3,Fx,0.089879686525807,0.9709895033268524
biomechserver,percent050_day1_case1,tv_ss1__te_ss2ss3,S013,ss3,Fz,0.0895503582370977,0.9657876000605388
biomechserver,percent050_day1_case1,tv_ss1__te_ss2ss3,S014,ss3,Fx,0.1312913470241249,0.8999731391309209
biomechserver,percent050_day1_case1,tv_ss1__te_ss2ss3,S014,ss3,Fz,0.1496509295376688,0.8676576735738635
biomechserver,percent050_day1_case1,tv_ss1__te_ss2ss3,S015,ss2,Fx,0.0739621834560766,0.9574248536687489
biomechserver,percent050_day1_case1,tv_ss1__te_ss2ss3,S015,ss2,Fz,0.0764233740974226,0.9718917837841944
biomechserver,percent050_day1_case1,tv_ss1__te_ss2ss3,S015,ss3,Fx,0.1097181156392519,0.9148015839888016
biomechserver,percent050_day1_case1,tv_ss1__te_ss2ss3,S015,ss3,Fz,0.1014452104309269,0.9692958223409124
biomechserver,percent050_day1_case1,tv_ss1__te_ss2ss3,S016,ss2,Fx,0.120644004556193,0.9096748997578876
biomechserver,percent050_day1_case1,tv_ss1__te_ss2ss3,S016,ss2,Fz,0.1242010554273925,0.92591098758442
biomechserver,percent050_day1_case1,tv_ss1__te_ss2ss3,S016,ss3,Fx,0.115728205369901,0.9284020009511312
biomechserver,percent050_day1_case1,tv_ss1__te_ss2ss3,S016,ss3,Fz,0.1314444909833718,0.9306223021924224
biomechserver,percent050_day1_case1,tv_ss1__te_ss2ss3,S017,ss2,Fx,0.082326060118875,0.9468486139603478
biomechserver,percent050_day1_case1,tv_ss1__te_ss2ss3,S017,ss2,Fz,0.0798787833005579,0.9588163520248836
biomechserver,percent050_day1_case1,tv_ss1__te_ss2ss3,S017,ss3,Fx,0.102484814418334,0.9412329219918024
biomechserver,percent050_day1_case1,tv_ss1__te_ss2ss3,S017,ss3,Fz,0.1065206775459989,0.9664808524709314
biomechserver,percent050_day1_case1,tv_ss1__te_ss2ss3,S018,ss2,Fx,0.0916662309152726,0.950334730296392
biomechserver,percent050_day1_case1,tv_ss1__te_ss2ss3,S018,ss2,Fz,0.0860846329805267,0.9717865434217344
biomechserver,percent050_day1_case1,tv_ss1__te_ss2ss3,S018,ss3,Fx,0.1313138069856805,0.8983020432055803
biomechserver,percent050_day1_case1,tv_ss1__te_ss2ss3,S018,ss3,Fz,0.1190143123053762,0.9620467525296764
biomechserver,percent050_day1_case1,tv_ss1__te_ss2ss3,S019,ss2,Fx,0.1219154006710947,0.9048190690518928
biomechserver,percent050_day1_case1,tv_ss1__te_ss2ss3,S019,ss2,Fz,0.086065312745081,0.9729113241429782
biomechserver,percent050_day1_case1,tv_ss1__te_ss2ss3,S019,ss3,Fx,0.13730893387884,0.8953153346702962
biomechserver,percent050_day1_case1,tv_ss1__te_ss2ss3,S019,ss3,Fz,0.1270645590107554,0.929311856145306
biomechserver,percent050_day1_case1,tv_ss2__te_ss1ss3,S001,ss1,Fx,0.1156874387381344,0.9124203508357154
biomechserver,percent050_day1_case1,tv_ss2__te_ss1ss3,S001,ss1,Fz,0.0710411710662919,0.9670619917672328
biomechserver,percent050_day1_case1,tv_ss2__te_ss1ss3,S001,ss3,Fx,0.0580628527371831,0.9781795425168502
biomechserver,percent050_day1_case1,tv_ss2__te_ss1ss3,S001,ss3,Fz,0.0463625557488505,0.9887700384831176
biomechserver,percent050_day1_case1,tv_ss2__te_ss1ss3,S002,ss1,Fx,0.0890539431531937,0.9494635850563063
biomechserver,percent050_day1_case1,tv_ss2__te_ss1ss3,S002,ss1,Fz,0.0811040373255249,0.959869765111356
biomechserver,percent050_day1_case1,tv_ss2__te_ss1ss3,S002,ss3,Fx,0.0663499569086646,0.964733097283338
biomechserver,percent050_day1_case1,tv_ss2__te_ss1ss3,S002,ss3,Fz,0.0829582900670216,0.9797032516974972
biomechserver,percent050_day1_case1,tv_ss2__te_ss1ss3,S003,ss1,Fx,0.220905051383601,0.3741468638136647
biomechserver,percent050_day1_case1,tv_ss2__te_ss1ss3,S003,ss1,Fz,0.2235202262164401,0.3604297348131414
biomechserver,percent050_day1_case1,tv_ss2__te_ss1ss3,S003,ss3,Fx,0.0686871869778553,0.9712878434767424
biomechserver,percent050_day1_case1,tv_ss2__te_ss1ss3,S003,ss3,Fz,0.0721330948358128,0.9771201457380396
biomechserver,percent050_day1_case1,tv_ss2__te_ss1ss3,S004,ss1,Fx,0.1380164641932835,0.9140745004866498
biomechserver,percent050_day1_case1,tv_ss2__te_ss1ss3,S004,ss1,Fz,0.1228771148130979,0.937780070837818
biomechserver,percent050_day1_case1,tv_ss2__te_ss1ss3,S004,ss3,Fx,0.0844649135399005,0.957104363127866
biomechserver,percent050_day1_case1,tv_ss2__te_ss1ss3,S004,ss3,Fz,0.0656213443927534,0.980176981828714
biomechserver,percent050_day1_case1,tv_ss2__te_ss1ss3,S005,ss1,Fx,0.0759162057643268,0.9577053210155958
biomechserver,percent050_day1_case1,tv_ss2__te_ss1ss3,S005,ss1,Fz,0.1288991113363059,0.9655722218560076
biomechserver,percent050_day1_case1,tv_ss2__te_ss1ss3,S005,ss3,Fx,0.0608773679200777,0.9830629641701096
biomechserver,percent050_day1_case1,tv_ss2__te_ss1ss3,S005,ss3,Fz,0.0615613901758516,0.9866422657852412
biomechserver,percent050_day1_case1,tv_ss2__te_ss1ss3,S006,ss1,Fx,0.0689591740378301,0.9672393324018276
biomechserver,percent050_day1_case1,tv_ss2__te_ss1ss3,S006,ss1,Fz,0.076266848973732,0.9648775512368464
biomechserver,percent050_day1_case1,tv_ss2__te_ss1ss3,S006,ss3,Fx,0.0729801559311452,0.9719040789288566
biomechserver,percent050_day1_case1,tv_ss2__te_ss1ss3,S006,ss3,Fz,0.0583879187438375,0.9844906301226748
biomechserver,percent050_day1_case1,tv_ss2__te_ss1ss3,S007,ss1,Fx,0.0936121066693887,0.947608904937696
biomechserver,percent050_day1_case1,tv_ss2__te_ss1ss3,S007,ss1,Fz,0.0831415541082604,0.9557398664658754
biomechserver,percent050_day1_case1,tv_ss2__te_ss1ss3,S007,ss3,Fx,0.0626027079896056,0.9743920704799454
biomechserver,percent050_day1_case1,tv_ss2__te_ss1ss3,S007,ss3,Fz,0.0491000916461384,0.9851300245295322
biomechserver,percent050_day1_case1,tv_ss2__te_ss1ss3,S008,ss1,Fx,0.0946745394257133,0.9306144427033496
biomechserver,percent050_day1_case1,tv_ss2__te_ss1ss3,S008,ss1,Fz,0.1125156238751177,0.9566395749378628
biomechserver,percent050_day1_case1,tv_ss2__te_ss1ss3,S008,ss3,Fx,0.0985026257557247,0.9608983647304534
biomechserver,percent050_day1_case1,tv_ss2__te_ss1ss3,S008,ss3,Fz,0.0818945006109847,0.9812552162535528
biomechserver,percent050_day1_case1,tv_ss2__te_ss1ss3,S009,ss1,Fx,0.0876478715467055,0.961031676156522
biomechserver,percent050_day1_case1,tv_ss2__te_ss1ss3,S009,ss1,Fz,0.0908463785504519,0.9380529162529124
biomechserver,percent050_day1_case1,tv_ss2__te_ss1ss3,S009,ss3,Fx,0.0506936539170799,0.98110243079559
biomechserver,percent050_day1_case1,tv_ss2__te_ss1ss3,S009,ss3,Fz,0.0651058065062413,0.9803982591205388
biomechserver,percent050_day1_case1,tv_ss2__te_ss1ss3,S010,ss1,Fx,0.1054574338794323,0.910075084942496
biomechserver,percent050_day1_case1,tv_ss2__te_ss1ss3,S010,ss1,Fz,0.0748938810918128,0.9479910322191032
biomechserver,percent050_day1_case1,tv_ss2__te_ss1ss3,S010,ss3,Fx,0.0726053496299699,0.9641279932133991
biomechserver,percent050_day1_case1,tv_ss2__te_ss1ss3,S010,ss3,Fz,0.0722917367742881,0.9806363511216096
biomechserver,percent050_day1_case1,tv_ss2__te_ss1ss3,S011,ss1,Fx,0.0991958683112125,0.9663853331289812
biomechserver,percent050_day1_case1,tv_ss2__te_ss1ss3,S011,ss1,Fz,0.1284326040463469,0.9741220010577688
biomechserver,percent050_day1_case1,tv_ss2__te_ss1ss3,S012,ss1,Fx,0.3139490711005434,0.1833371632626537
biomechserver,percent050_day1_case1,tv_ss2__te_ss1ss3,S012,ss1,Fz,0.2882832705532885,0.5716176376526365
biomechserver,percent050_day1_case1,tv_ss2__te_ss1ss3,S013,ss1,Fx,0.1181597126826905,0.9396389860946032
biomechserver,percent050_day1_case1,tv_ss2__te_ss1ss3,S013,ss1,Fz,0.0858363006035252,0.9539201552836494
biomechserver,percent050_day1_case1,tv_ss2__te_ss1ss3,S013,ss3,Fx,0.0427404906717613,0.9908134013425228
biomechserver,percent050_day1_case1,tv_ss2__te_ss1ss3,S013,ss3,Fz,0.0508647405891034,0.9846215244989264
biomechserver,percent050_day1_case1,tv_ss2__te_ss1ss3,S015,ss1,Fx,0.0770407484968699,0.95229809952475
biomechserver,percent050_day1_case1,tv_ss2__te_ss1ss3,S015,ss1,Fz,0.0766226914288851,0.9556971328042388
biomechserver,percent050_day1_case1,tv_ss2__te_ss1ss3,S015,ss3,Fx,0.0863101519800947,0.9454991070136304
biomechserver,percent050_day1_case1,tv_ss2__te_ss1ss3,S015,ss3,Fz,0.0626789335471756,0.982547434276239
biomechserver,percent050_day1_case1,tv_ss2__te_ss1ss3,S016,ss1,Fx,0.2371806167718666,0.693400302867164
biomechserver,percent050_day1_case1,tv_ss2__te_ss1ss3,S016,ss1,Fz,0.0823649415908184,0.9529296561745236
biomechserver,percent050_day1_case1,tv_ss2__te_ss1ss3,S016,ss3,Fx,0.1320815600446482,0.8824039153548996
biomechserver,percent050_day1_case1,tv_ss2__te_ss1ss3,S016,ss3,Fz,0.0813497825105226,0.9634391135442804
biomechserver,percent050_day1_case1,tv_ss2__te_ss1ss3,S017,ss1,Fx,0.1090902007588044,0.9356721071100236
biomechserver,percent050_day1_case1,tv_ss2__te_ss1ss3,S017,ss1,Fz,0.0648648127987188,0.965205364233087
biomechserver,percent050_day1_case1,tv_ss2__te_ss1ss3,S017,ss3,Fx,0.0764225939289356,0.962985756122552
biomechserver,percent050_day1_case1,tv_ss2__te_ss1ss3,S017,ss3,Fz,0.0658525260435933,0.9874154351958438
biomechserver,percent050_day1_case1,tv_ss2__te_ss1ss3,S018,ss1,Fx,0.0914669139707147,0.9442000033728054
biomechserver,percent050_day1_case1,tv_ss2__te_ss1ss3,S018,ss1,Fz,0.0983779779897473,0.9480979798172428
biomechserver,percent050_day1_case1,tv_ss2__te_ss1ss3,S018,ss3,Fx,0.0741907163697744,0.9583135441989268
biomechserver,percent050_day1_case1,tv_ss2__te_ss1ss3,S018,ss3,Fz,0.0850664847958389,0.974746240831538
biomechserver,percent050_day1_case1,tv_ss2__te_ss1ss3,S019,ss1,Fx,0.0980641975403997,0.9449544141221116
biomechserver,percent050_day1_case1,tv_ss2__te_ss1ss3,S019,ss1,Fz,0.0976302086204549,0.9403681096911414
biomechserver,percent050_day1_case1,tv_ss2__te_ss1ss3,S019,ss3,Fx,0.0882749413726759,0.9529087621673816
biomechserver,percent050_day1_case1,tv_ss2__te_ss1ss3,S019,ss3,Fz,0.0948775794543095,0.942042167695648
lab6079,percent050_day1_case1,tv_ss3__te_ss1ss2,S001,ss1,Fx,0.1835600285752983,0.7928701769538715
lab6079,percent050_day1_case1,tv_ss3__te_ss1ss2,S001,ss1,Fz,0.0864074208858421,0.9580884056929896
lab6079,percent050_day1_case1,tv_ss3__te_ss1ss2,S001,ss2,Fx,0.1017345700947755,0.9211315098202584
lab6079,percent050_day1_case1,tv_ss3__te_ss1ss2,S001,ss2,Fz,0.0640064064827751,0.9749688353831067
lab6079,percent050_day1_case1,tv_ss3__te_ss1ss2,S002,ss1,Fx,0.1474996928513854,0.916823402311774
lab6079,percent050_day1_case1,tv_ss3__te_ss1ss2,S002,ss1,Fz,0.0911639309554012,0.9399637151416852
lab6079,percent050_day1_case1,tv_ss3__te_ss1ss2,S002,ss2,Fx,0.0810358280827672,0.9648593276876738
lab6079,percent050_day1_case1,tv_ss3__te_ss1ss2,S002,ss2,Fz,0.0662027940149199,0.98363251158564
lab6079,percent050_day1_case1,tv_ss3__te_ss1ss2,S003,ss1,Fx,0.2535528247407047,0.4129519928565762
lab6079,percent050_day1_case1,tv_ss3__te_ss1ss2,S003,ss1,Fz,0.2492663348856605,0.3619526393470479
lab6079,percent050_day1_case1,tv_ss3__te_ss1ss2,S003,ss2,Fx,0.0849198619670204,0.9643741501647208
lab6079,percent050_day1_case1,tv_ss3__te_ss1ss2,S003,ss2,Fz,0.076544103727573,0.9756461934517512
lab6079,percent050_day1_case1,tv_ss3__te_ss1ss2,S004,ss1,Fx,0.1852147626685121,0.8797527842899507
lab6079,percent050_day1_case1,tv_ss3__te_ss1ss2,S004,ss1,Fz,0.1638200506912172,0.9069670773244932
lab6079,percent050_day1_case1,tv_ss3__te_ss1ss2,S004,ss2,Fx,0.1102498279991399,0.9494352123289068
lab6079,percent050_day1_case1,tv_ss3__te_ss1ss2,S004,ss2,Fz,0.1011271962770957,0.9484046713378972
lab6079,percent050_day1_case1,tv_ss3__te_ss1ss2,S005,ss1,Fx,0.1135302877861027,0.9289854317105346
lab6079,percent050_day1_case1,tv_ss3__te_ss1ss2,S005,ss1,Fz,0.1241299595388848,0.9231269866805932
lab6079,percent050_day1_case1,tv_ss3__te_ss1ss2,S005,ss2,Fx,0.0645948478899409,0.971539404232934
lab6079,percent050_day1_case1,tv_ss3__te_ss1ss2,S005,ss2,Fz,0.0880864301077155,0.9646168510024165
lab6079,percent050_day1_case1,tv_ss3__te_ss1ss2,S006,ss1,Fx,0.0972198195893595,0.936297073688026
lab6079,percent050_day1_case1,tv_ss3__te_ss1ss2,S006,ss1,Fz,0.0858986721861625,0.9449891673768024
lab6079,percent050_day1_case1,tv_ss3__te_ss1ss2,S006,ss2,Fx,0.0669700445078023,0.9691327455834474
lab6079,percent050_day1_case1,tv_ss3__te_ss1ss2,S006,ss2,Fz,0.065170531197081,0.9748614513464048
lab6079,percent050_day1_case1,tv_ss3__te_ss1ss2,S007,ss1,Fx,0.1229446782891966,0.9269130688001926
lab6079,percent050_day1_case1,tv_ss3__te_ss1ss2,S007,ss1,Fz,0.1148481291838482,0.9022321997655206
lab6079,percent050_day1_case1,tv_ss3__te_ss1ss2,S007,ss2,Fx,0.074208776946024,0.9640698854518324
lab6079,percent050_day1_case1,tv_ss3__te_ss1ss2,S007,ss2,Fz,0.0713244838070847,0.968832635560547
lab6079,percent050_day1_case1,tv_ss3__te_ss1ss2,S008,ss1,Fx,0.1471863982964458,0.908427825510212
lab6079,percent050_day1_case1,tv_ss3__te_ss1ss2,S008,ss1,Fz,0.1185299408519665,0.9425570314452514
lab6079,percent050_day1_case1,tv_ss3__te_ss1ss2,S008,ss2,Fx,0.0879341319462107,0.9521515344507184
lab6079,percent050_day1_case1,tv_ss3__te_ss1ss2,S008,ss2,Fz,0.086858868880201,0.9793368996072878
lab6079,percent050_day1_case1,tv_ss3__te_ss1ss2,S009,ss1,Fx,0.1039556427337017,0.9474889074248992
lab6079,percent050_day1_case1,tv_ss3__te_ss1ss2,S009,ss1,Fz,0.1358268690882945,0.916195452653966
lab6079,percent050_day1_case1,tv_ss3__te_ss1ss2,S009,ss2,Fx,0.0636482448968795,0.9794272427132784
lab6079,percent050_day1_case1,tv_ss3__te_ss1ss2,S009,ss2,Fz,0.0663868007261984,0.9781623889255728
lab6079,percent050_day1_case1,tv_ss3__te_ss1ss2,S010,ss1,Fx,0.1924708573684227,0.862837094248656
lab6079,percent050_day1_case1,tv_ss3__te_ss1ss2,S010,ss1,Fz,0.082733376153758,0.93586818718205
lab6079,percent050_day1_case1,tv_ss3__te_ss1ss2,S010,ss2,Fx,0.0920608182801063,0.9522321838954388
lab6079,percent050_day1_case1,tv_ss3__te_ss1ss2,S010,ss2,Fz,0.0564998307450776,0.9779366430803462
lab6079,percent050_day1_case1,tv_ss3__te_ss1ss2,S013,ss1,Fx,0.1562379461003271,0.8672935263402077
lab6079,percent050_day1_case1,tv_ss3__te_ss1ss2,S013,ss1,Fz,0.1966394645726067,0.839586060537304
lab6079,percent050_day1_case1,tv_ss3__te_ss1ss2,S013,ss2,Fx,0.0869408558243927,0.9453063525187736
lab6079,percent050_day1_case1,tv_ss3__te_ss1ss2,S013,ss2,Fz,0.0840887336881795,0.9649089520060324
lab6079,percent050_day1_case1,tv_ss3__te_ss1ss2,S014,ss1,Fx,0.2724588554198973,0.6411881941194183
lab6079,percent050_day1_case1,tv_ss3__te_ss1ss2,S014,ss1,Fz,0.2487863679642905,0.7535028256087454
lab6079,percent050_day1_case1,tv_ss3__te_ss1ss2,S015,ss1,Fx,0.1210124729999608,0.8871223736220389
lab6079,percent050_day1_case1,tv_ss3__te_ss1ss2,S015,ss1,Fz,0.0960244625010626,0.9332909735048454
lab6079,percent050_day1_case1,tv_ss3__te_ss1ss2,S015,ss2,Fx,0.0658493047490406,0.9645728519452128
lab6079,percent050_day1_case1,tv_ss3__te_ss1ss2,S015,ss2,Fz,0.0612659968672551,0.97331447016396
lab6079,percent050_day1_case1,tv_ss3__te_ss1ss2,S016,ss1,Fx,0.2642787256719131,0.7441265747567859
lab6079,percent050_day1_case1,tv_ss3__te_ss1ss2,S016,ss1,Fz,0.1096540628543893,0.9477209760695394
lab6079,percent050_day1_case1,tv_ss3__te_ss1ss2,S016,ss2,Fx,0.127186401679058,0.9406460549755432
lab6079,percent050_day1_case1,tv_ss3__te_ss1ss2,S016,ss2,Fz,0.0913280763799265,0.968794603526564
lab6079,percent050_day1_case1,tv_ss3__te_ss1ss2,S017,ss1,Fx,0.1412603713445491,0.9176564641364178
lab6079,percent050_day1_case1,tv_ss3__te_ss1ss2,S017,ss1,Fz,0.0855187641364906,0.9525800614235908
lab6079,percent050_day1_case1,tv_ss3__te_ss1ss2,S017,ss2,Fx,0.0737228459611188,0.9601059413434204
lab6079,percent050_day1_case1,tv_ss3__te_ss1ss2,S017,ss2,Fz,0.0619574635038942,0.9714123542269916
lab6079,percent050_day1_case1,tv_ss3__te_ss1ss2,S018,ss1,Fx,0.1177843310391144,0.903028064433427
lab6079,percent050_day1_case1,tv_ss3__te_ss1ss2,S018,ss1,Fz,0.1979737743666733,0.919312307498046
lab6079,percent050_day1_case1,tv_ss3__te_ss1ss2,S018,ss2,Fx,0.0817020394217199,0.9464283312716364
lab6079,percent050_day1_case1,tv_ss3__te_ss1ss2,S018,ss2,Fz,0.09494400031263,0.9777332210474472
lab6079,percent050_day1_case1,tv_ss3__te_ss1ss2,S019,ss1,Fx,0.150282599489465,0.9059232178998294
lab6079,percent050_day1_case1,tv_ss3__te_ss1ss2,S019,ss1,Fz,0.1445224034033053,0.9163402066706908
lab6079,percent050_day1_case1,tv_ss3__te_ss1ss2,S019,ss2,Fx,0.067858621001716,0.971558186091379
lab6079,percent050_day1_case1,tv_ss3__te_ss1ss2,S019,ss2,Fz,0.0611621710902729,0.9848237190047
biomechserver,percent050_day1_case1,tv_te_ss1,S001,ss1,Fx,0.0911700062787629,0.9276995536192546
biomechserver,percent050_day1_case1,tv_te_ss1,S001,ss1,Fz,0.0838571961588749,0.9606050402729608
biomechserver,percent050_day1_case1,tv_te_ss1,S002,ss1,Fx,0.0825458315945564,0.9379188600371798
biomechserver,percent050_day1_case1,tv_te_ss1,S002,ss1,Fz,0.0908368231864079,0.950616436971202
biomechserver,percent050_day1_case1,tv_te_ss1,S003,ss1,Fx,0.2114729140166499,0.4010815596144696
biomechserver,percent050_day1_case1,tv_te_ss1,S003,ss1,Fz,0.218527761646718,0.3740098516581561
biomechserver,percent050_day1_case1,tv_te_ss1,S004,ss1,Fx,0.1254209605833946,0.937791763129864
biomechserver,percent050_day1_case1,tv_te_ss1,S004,ss1,Fz,0.1017281405417875,0.931080976410078
biomechserver,percent050_day1_case1,tv_te_ss1,S005,ss1,Fx,0.0764161324677764,0.9532717884668244
biomechserver,percent050_day1_case1,tv_te_ss1,S005,ss1,Fz,0.1283901500594043,0.9555800293271614
biomechserver,percent050_day1_case1,tv_te_ss1,S006,ss1,Fx,0.0736348143998222,0.971470693729792
biomechserver,percent050_day1_case1,tv_te_ss1,S006,ss1,Fz,0.0827966834880296,0.9541210381266912
biomechserver,percent050_day1_case1,tv_te_ss1,S007,ss1,Fx,0.0847301937743318,0.946736578630649
biomechserver,percent050_day1_case1,tv_te_ss1,S007,ss1,Fz,0.1010981469918251,0.9476383846944368
biomechserver,percent050_day1_case1,tv_te_ss1,S008,ss1,Fx,0.0863852168328727,0.9417365963373268
biomechserver,percent050_day1_case1,tv_te_ss1,S008,ss1,Fz,0.0838919617161374,0.9712285493447717
biomechserver,percent050_day1_case1,tv_te_ss1,S009,ss1,Fx,0.0670098642288416,0.9623391195802302
biomechserver,percent050_day1_case1,tv_te_ss1,S009,ss1,Fz,0.0847221993130547,0.9492385760043393
biomechserver,percent050_day1_case1,tv_te_ss1,S010,ss1,Fx,0.0955764079589036,0.9174108892970396
biomechserver,percent050_day1_case1,tv_te_ss1,S010,ss1,Fz,0.0782500105810362,0.9502669872617878
biomechserver,percent050_day1_case1,tv_te_ss1,S011,ss1,Fx,0.0654659793530348,0.9751193947370642
biomechserver,percent050_day1_case1,tv_te_ss1,S011,ss1,Fz,0.1311089241926591,0.9718450953562294
biomechserver,percent050_day1_case1,tv_te_ss1,S012,ss1,Fx,0.2550763180547419,0.414258480632985
biomechserver,percent050_day1_case1,tv_te_ss1,S012,ss1,Fz,0.201088988255718,0.58127032876482
biomechserver,percent050_day1_case1,tv_te_ss1,S013,ss1,Fx,0.0764483689840048,0.9605477333235454
biomechserver,percent050_day1_case1,tv_te_ss1,S013,ss1,Fz,0.0758408628344374,0.9587984228903168
biomechserver,percent050_day1_case1,tv_te_ss1,S014,ss1,Fx,0.1408416349914886,0.8514084756051365
biomechserver,percent050_day1_case1,tv_te_ss1,S014,ss1,Fz,0.1618616371739512,0.8327106544921806
biomechserver,percent050_day1_case1,tv_te_ss1,S015,ss1,Fx,0.0712111986661214,0.9616659220368096
biomechserver,percent050_day1_case1,tv_te_ss1,S015,ss1,Fz,0.0788454480880624,0.9534776877006162
biomechserver,percent050_day1_case1,tv_te_ss1,S016,ss1,Fx,0.1389854347297285,0.8685376101102478
biomechserver,percent050_day1_case1,tv_te_ss1,S016,ss1,Fz,0.1157612243934007,0.9158015159788534
biomechserver,percent050_day1_case1,tv_te_ss1,S017,ss1,Fx,0.090922923912771,0.9486598018897848
biomechserver,percent050_day1_case1,tv_te_ss1,S017,ss1,Fz,0.0651503264051028,0.9651115686729508
biomechserver,percent050_day1_case1,tv_te_ss1,S018,ss1,Fx,0.0775621543384019,0.9566327058333316
biomechserver,percent050_day1_case1,tv_te_ss1,S018,ss1,Fz,0.0738079762971025,0.96716124488975
biomechserver,percent050_day1_case1,tv_te_ss1,S019,ss1,Fx,0.0758690938003219,0.959313772616582
biomechserver,percent050_day1_case1,tv_te_ss1,S019,ss1,Fz,0.0829131233814496,0.9583301429191798
biomechserver,percent050_day1_case1,tv_te_ss123,S001,ss1,Fx,0.0841317762638538,0.9501228858881337
biomechserver,percent050_day1_case1,tv_te_ss123,S001,ss1,Fz,0.075062499333116,0.9618427301709472
biomechserver,percent050_day1_case1,tv_te_ss123,S001,ss2,Fx,0.0603378417911989,0.9732227104646154
biomechserver,percent050_day1_case1,tv_te_ss123,S001,ss2,Fz,0.0554994278547718,0.9821472075727246
biomechserver,percent050_day1_case1,tv_te_ss123,S001,ss3,Fx,0.0699360893131997,0.9669539580512782
biomechserver,percent050_day1_case1,tv_te_ss123,S001,ss3,Fz,0.0473200643613621,0.987955948474136
biomechserver,percent050_day1_case1,tv_te_ss123,S002,ss1,Fx,0.0902171517051468,0.9437105906235858
biomechserver,percent050_day1_case1,tv_te_ss123,S002,ss1,Fz,0.0839007125391102,0.9578956124935756
biomechserver,percent050_day1_case1,tv_te_ss123,S002,ss2,Fx,0.0586074046497597,0.9733095253316086
biomechserver,percent050_day1_case1,tv_te_ss123,S002,ss2,Fz,0.0565022694793629,0.985152305016328
biomechserver,percent050_day1_case1,tv_te_ss123,S002,ss3,Fx,0.0509179702833373,0.9781554800154724
biomechserver,percent050_day1_case1,tv_te_ss123,S002,ss3,Fz,0.0583107535888167,0.9846740571944756
biomechserver,percent050_day1_case1,tv_te_ss123,S003,ss1,Fx,0.211742724281629,0.4092910820781187
biomechserver,percent050_day1_case1,tv_te_ss123,S003,ss1,Fz,0.2288880423592539,0.3950040438086744
biomechserver,percent050_day1_case1,tv_te_ss123,S003,ss2,Fx,0.0592115048826209,0.973103352131316
biomechserver,percent050_day1_case1,tv_te_ss123,S003,ss2,Fz,0.0725711032289761,0.9808163816603044
biomechserver,percent050_day1_case1,tv_te_ss123,S003,ss3,Fx,0.0606131361541559,0.9721044642846908
biomechserver,percent050_day1_case1,tv_te_ss123,S003,ss3,Fz,0.0670318289025768,0.9828055453914448
biomechserver,percent050_day1_case1,tv_te_ss123,S004,ss1,Fx,0.1283360627418152,0.9413478405446692
biomechserver,percent050_day1_case1,tv_te_ss123,S004,ss1,Fz,0.082219444112155,0.9562081913659696
biomechserver,percent050_day1_case1,tv_te_ss123,S004,ss2,Fx,0.0845227890388412,0.9697413540223117
biomechserver,percent050_day1_case1,tv_te_ss123,S004,ss2,Fz,0.0751370709256266,0.9670999007126488
biomechserver,percent050_day1_case1,tv_te_ss123,S004,ss3,Fx,0.0706444264986245,0.9752164622930172
biomechserver,percent050_day1_case1,tv_te_ss123,S004,ss3,Fz,0.0597593134910377,0.9832879045450872
biomechserver,percent050_day1_case1,tv_te_ss123,S005,ss1,Fx,0.0676193411094153,0.9661731763433112
biomechserver,percent050_day1_case1,tv_te_ss123,S005,ss1,Fz,0.1352366011658922,0.9612128115829974
biomechserver,percent050_day1_case1,tv_te_ss123,S005,ss2,Fx,0.0481458692781208,0.9837372195737862
biomechserver,percent050_day1_case1,tv_te_ss123,S005,ss2,Fz,0.0952432247080753,0.9821014586688528
biomechserver,percent050_day1_case1,tv_te_ss123,S005,ss3,Fx,0.0490116487996131,0.98589901263837
biomechserver,percent050_day1_case1,tv_te_ss123,S005,ss3,Fz,0.0694857891270668,0.9848143938706309
biomechserver,percent050_day1_case1,tv_te_ss123,S006,ss1,Fx,0.0686625020510518,0.9717642873735136
biomechserver,percent050_day1_case1,tv_te_ss123,S006,ss1,Fz,0.0775521866739107,0.9640512320900024
biomechserver,percent050_day1_case1,tv_te_ss123,S006,ss2,Fx,0.0629487368932231,0.974880342382018
biomechserver,percent050_day1_case1,tv_te_ss123,S006,ss2,Fz,0.061872773958368,0.980423687413775
biomechserver,percent050_day1_case1,tv_te_ss123,S006,ss3,Fx,0.0665399951689939,0.9709259233684217
biomechserver,percent050_day1_case1,tv_te_ss123,S006,ss3,Fz,0.0620513661304508,0.9842601690256771
biomechserver,percent050_day1_case1,tv_te_ss123,S007,ss1,Fx,0.0792019071423656,0.9511115152630654
biomechserver,percent050_day1_case1,tv_te_ss123,S007,ss1,Fz,0.0840287355701713,0.9593157720239546
biomechserver,percent050_day1_case1,tv_te_ss123,S007,ss2,Fx,0.0709152351401333,0.9628211564186676
biomechserver,percent050_day1_case1,tv_te_ss123,S007,ss2,Fz,0.0705113303446813,0.9704770399489236
biomechserver,percent050_day1_case1,tv_te_ss123,S007,ss3,Fx,0.0569691283936863,0.9765250312779996
biomechserver,percent050_day1_case1,tv_te_ss123,S007,ss3,Fz,0.049689165293136,0.9875918149431836
biomechserver,percent050_day1_case1,tv_te_ss123,S008,ss1,Fx,0.0781707438215524,0.9511289247965532
biomechserver,percent050_day1_case1,tv_te_ss123,S008,ss1,Fz,0.094889495800242,0.9659240762034184
biomechserver,percent050_day1_case1,tv_te_ss123,S008,ss2,Fx,0.0797529943197205,0.9602012442614294
biomechserver,percent050_day1_case1,tv_te_ss123,S008,ss2,Fz,0.0798406815428937,0.9772997941300544
biomechserver,percent050_day1_case1,tv_te_ss123,S008,ss3,Fx,0.0745437365857659,0.9755597879544928
biomechserver,percent050_day1_case1,tv_te_ss123,S008,ss3,Fz,0.0719940672242841,0.9835016796987278
biomechserver,percent050_day1_case1,tv_te_ss123,S009,ss1,Fx,0.068995319200817,0.9665414302444753
biomechserver,percent050_day1_case1,tv_te_ss123,S009,ss1,Fz,0.0750355449898121,0.9592438585699554
biomechserver,percent050_day1_case1,tv_te_ss123,S009,ss2,Fx,0.0560912100827521,0.9794652736326857
biomechserver,percent050_day1_case1,tv_te_ss123,S009,ss2,Fz,0.0623266895247962,0.9797701265288628
biomechserver,percent050_day1_case1,tv_te_ss123,S009,ss3,Fx,0.0497765147777908,0.9861683454645788
biomechserver,percent050_day1_case1,tv_te_ss123,S009,ss3,Fz,0.0576456124095173,0.9842775322927768
biomechserver,percent050_day1_case1,tv_te_ss123,S010,ss1,Fx,0.0866036786680665,0.9318801094080976
biomechserver,percent050_day1_case1,tv_te_ss123,S010,ss1,Fz,0.0657068623839554,0.9573266845142172
biomechserver,percent050_day1_case1,tv_te_ss123,S010,ss2,Fx,0.0586428841753438,0.9763221567168864
biomechserver,percent050_day1_case1,tv_te_ss123,S010,ss2,Fz,0.0557619993060147,0.9803458356017288
biomechserver,percent050_day1_case1,tv_te_ss123,S010,ss3,Fx,0.0539344402126662,0.9774069400021024
biomechserver,percent050_day1_case1,tv_te_ss123,S010,ss3,Fz,0.0557241295979177,0.9852605240724768
biomechserver,percent050_day1_case1,tv_te_ss123,S011,ss1,Fx,0.0625814825084679,0.9723946240454484
biomechserver,percent050_day1_case1,tv_te_ss123,S011,ss1,Fz,0.1145511616332485,0.980730039745084
biomechserver,percent050_day1_case1,tv_te_ss123,S011,ss2,Fx,0.0565380774966417,0.9783053580084684
biomechserver,percent050_day1_case1,tv_te_ss123,S011,ss2,Fz,0.0969908105344465,0.9824288813659658
biomechserver,percent050_day1_case1,tv_te_ss123,S012,ss1,Fx,0.23916371715139,0.4410285998118813
biomechserver,percent050_day1_case1,tv_te_ss123,S012,ss1,Fz,0.2136546466075717,0.5693167062017772
biomechserver,percent050_day1_case1,tv_te_ss123,S012,ss2,Fx,0.1590429178523619,0.8627961111019553
biomechserver,percent050_day1_case1,tv_te_ss123,S012,ss2,Fz,0.1978291195902101,0.9341770940450842
biomechserver,percent050_day1_case1,tv_te_ss123,S013,ss1,Fx,0.0615711859836936,0.9718230386616524
biomechserver,percent050_day1_case1,tv_te_ss123,S013,ss1,Fz,0.0780346437757812,0.9575750493115478
biomechserver,percent050_day1_case1,tv_te_ss123,S013,ss2,Fx,0.0601956431751247,0.9721358765002428
biomechserver,percent050_day1_case1,tv_te_ss123,S013,ss2,Fz,0.0479165575116783,0.984538244915428
biomechserver,percent050_day1_case1,tv_te_ss123,S013,ss3,Fx,0.0412792115526039,0.9893255491272248
biomechserver,percent050_day1_case1,tv_te_ss123,S013,ss3,Fz,0.0443336626472816,0.9880905606168228
biomechserver,percent050_day1_case1,tv_te_ss123,S014,ss1,Fx,0.1587387461665977,0.8002772683472977
biomechserver,percent050_day1_case1,tv_te_ss123,S014,ss1,Fz,0.1462691417665797,0.832104664543501
biomechserver,percent050_day1_case1,tv_te_ss123,S014,ss3,Fx,0.0901754698557319,0.954758189670972
biomechserver,percent050_day1_case1,tv_te_ss123,S014,ss3,Fz,0.1090185165754095,0.938501139972393
biomechserver,percent050_day1_case1,tv_te_ss123,S015,ss1,Fx,0.0728196560969559,0.957148290103542
biomechserver,percent050_day1_case1,tv_te_ss123,S015,ss1,Fz,0.0818611691662836,0.9520235506328985
biomechserver,percent050_day1_case1,tv_te_ss123,S015,ss2,Fx,0.0576039097876549,0.9743204843373232
biomechserver,percent050_day1_case1,tv_te_ss123,S015,ss2,Fz,0.0555548134921983,0.9793274028210562
biomechserver,percent050_day1_case1,tv_te_ss123,S015,ss3,Fx,0.0797144422543928,0.9494937706504516
biomechserver,percent050_day1_case1,tv_te_ss123,S015,ss3,Fz,0.0511512494478147,0.9822591396653604
biomechserver,percent050_day1_case1,tv_te_ss123,S016,ss1,Fx,0.1203963367185472,0.8838089138041538
biomechserver,percent050_day1_case1,tv_te_ss123,S016,ss1,Fz,0.0986645245987758,0.9399024346412184
biomechserver,percent050_day1_case1,tv_te_ss123,S016,ss2,Fx,0.0818720790460939,0.9506160088406256
biomechserver,percent050_day1_case1,tv_te_ss123,S016,ss2,Fz,0.0916257513584529,0.953581487478318
biomechserver,percent050_day1_case1,tv_te_ss123,S016,ss3,Fx,0.0844288290269934,0.9517494014805888
biomechserver,percent050_day1_case1,tv_te_ss123,S016,ss3,Fz,0.0745399174748304,0.9712875957609544
biomechserver,percent050_day1_case1,tv_te_ss123,S017,ss1,Fx,0.0980270716768623,0.9497317492739852
biomechserver,percent050_day1_case1,tv_te_ss123,S017,ss1,Fz,0.0601657407557488,0.9680727968389454
biomechserver,percent050_day1_case1,tv_te_ss123,S017,ss2,Fx,0.0650468062198131,0.967377011081973
biomechserver,percent050_day1_case1,tv_te_ss123,S017,ss2,Fz,0.0534602172589787,0.9775843281075416
biomechserver,percent050_day1_case1,tv_te_ss123,S017,ss3,Fx,0.0465312939551832,0.98485100405348
biomechserver,percent050_day1_case1,tv_te_ss123,S017,ss3,Fz,0.0505204834107344,0.98882702692578
biomechserver,percent050_day1_case1,tv_te_ss123,S018,ss1,Fx,0.0679984577010152,0.9664168173301574
biomechserver,percent050_day1_case1,tv_te_ss123,S018,ss1,Fz,0.0670049085086306,0.9723123927456168
biomechserver,percent050_day1_case1,tv_te_ss123,S018,ss2,Fx,0.0709372085031252,0.9617961447252448
biomechserver,percent050_day1_case1,tv_te_ss123,S018,ss2,Fz,0.0600452433719504,0.9800524633869842
biomechserver,percent050_day1_case1,tv_te_ss123,S018,ss3,Fx,0.0749567131909814,0.9551748599067722
biomechserver,percent050_day1_case1,tv_te_ss123,S018,ss3,Fz,0.0546292404452506,0.985876081101564
biomechserver,percent050_day1_case1,tv_te_ss123,S019,ss1,Fx,0.0722757136090847,0.963406302185484
biomechserver,percent050_day1_case1,tv_te_ss123,S019,ss1,Fz,0.0797536402481379,0.9603804216971068
biomechserver,percent050_day1_case1,tv_te_ss123,S019,ss2,Fx,0.0696316249269219,0.9664384310125752
biomechserver,percent050_day1_case1,tv_te_ss123,S019,ss2,Fz,0.0558229401560609,0.9828366991561563
biomechserver,percent050_day1_case1,tv_te_ss123,S019,ss3,Fx,0.0729698070209342,0.9625740787003536
biomechserver,percent050_day1_case1,tv_te_ss123,S019,ss3,Fz,0.0846439934175267,0.953389053457876
biomechserver,percent050_day1_case1,tv_te_ss2,S001,ss2,Fx,0.0624695274694604,0.9671961872802288
biomechserver,percent050_day1_case1,tv_te_ss2,S001,ss2,Fz,0.0494087760658448,0.986192797629054
biomechserver,percent050_day1_case1,tv_te_ss2,S002,ss2,Fx,0.0530222471014943,0.974455817031471
biomechserver,percent050_day1_case1,tv_te_ss2,S002,ss2,Fz,0.0641869066489876,0.9862462251568498
biomechserver,percent050_day1_case1,tv_te_ss2,S003,ss2,Fx,0.0653597114235594,0.9680690572920008
biomechserver,percent050_day1_case1,tv_te_ss2,S003,ss2,Fz,0.0654306405774266,0.9760991580111416
biomechserver,percent050_day1_case1,tv_te_ss2,S004,ss2,Fx,0.0948847044235419,0.9500186230631732
biomechserver,percent050_day1_case1,tv_te_ss2,S004,ss2,Fz,0.0665176522502172,0.9744762292062348
biomechserver,percent050_day1_case1,tv_te_ss2,S005,ss2,Fx,0.048139555027949,0.9850806342762018
biomechserver,percent050_day1_case1,tv_te_ss2,S005,ss2,Fz,0.0889199390677369,0.9861210427972228
biomechserver,percent050_day1_case1,tv_te_ss2,S006,ss2,Fx,0.0655255107159348,0.975938287983229
biomechserver,percent050_day1_case1,tv_te_ss2,S006,ss2,Fz,0.0537447358062952,0.9847690536502206
biomechserver,percent050_day1_case1,tv_te_ss2,S007,ss2,Fx,0.0633275142251048,0.9668143556685854
biomechserver,percent050_day1_case1,tv_te_ss2,S007,ss2,Fz,0.0670750306058831,0.9705276401609052
biomechserver,percent050_day1_case1,tv_te_ss2,S008,ss2,Fx,0.0972338275373227,0.9391330117798
biomechserver,percent050_day1_case1,tv_te_ss2,S008,ss2,Fz,0.0906163095219059,0.9723263610238472
biomechserver,percent050_day1_case1,tv_te_ss2,S009,ss2,Fx,0.0601706002328712,0.9758674324357623
biomechserver,percent050_day1_case1,tv_te_ss2,S009,ss2,Fz,0.0558967154396227,0.9819707162092364
biomechserver,percent050_day1_case1,tv_te_ss2,S010,ss2,Fx,0.0607974224548454,0.9728905274218062
biomechserver,percent050_day1_case1,tv_te_ss2,S010,ss2,Fz,0.0572463671129135,0.9806256771955748
biomechserver,percent050_day1_case1,tv_te_ss2,S011,ss2,Fx,0.0645298459451555,0.9767584486011092
biomechserver,percent050_day1_case1,tv_te_ss2,S011,ss2,Fz,0.1148901901789549,0.98008963785267
biomechserver,percent050_day1_case1,tv_te_ss2,S012,ss2,Fx,0.2065684323569546,0.6693674071100054
biomechserver,percent050_day1_case1,tv_te_ss2,S012,ss2,Fz,0.2560074888823259,0.8968369568595465
biomechserver,percent050_day1_case1,tv_te_ss2,S013,ss2,Fx,0.0638822027665948,0.9680462766543896
biomechserver,percent050_day1_case1,tv_te_ss2,S013,ss2,Fz,0.0553189764869918,0.9818767684162352
biomechserver,percent050_day1_case1,tv_te_ss2,S015,ss2,Fx,0.0597468231321215,0.9705681515726532
biomechserver,percent050_day1_case1,tv_te_ss2,S015,ss2,Fz,0.0508544733077882,0.9822574888239852
biomechserver,percent050_day1_case1,tv_te_ss2,S016,ss2,Fx,0.1463024959753056,0.8601435414177544
biomechserver,percent050_day1_case1,tv_te_ss2,S016,ss2,Fz,0.0954106206547419,0.9428891855182574
biomechserver,percent050_day1_case1,tv_te_ss2,S017,ss2,Fx,0.0760883722843956,0.9513669491369672
biomechserver,percent050_day1_case1,tv_te_ss2,S017,ss2,Fz,0.0602502325570799,0.9739684187817288
biomechserver,percent050_day1_case1,tv_te_ss2,S018,ss2,Fx,0.0713970003094774,0.9595555295498543
biomechserver,percent050_day1_case1,tv_te_ss2,S018,ss2,Fz,0.0708428224065307,0.9792054585167876
biomechserver,percent050_day1_case1,tv_te_ss2,S019,ss2,Fx,0.0645002039138741,0.972592933668391
biomechserver,percent050_day1_case1,tv_te_ss2,S019,ss2,Fz,0.0601082669019929,0.9773170052610916
biomechserver,percent050_day1_case1,tv_te_ss3,S001,ss3,Fx,0.0485748558125119,0.9805232013864296
biomechserver,percent050_day1_case1,tv_te_ss3,S001,ss3,Fz,0.0432079865450166,0.9895317635633174
biomechserver,percent050_day1_case1,tv_te_ss3,S002,ss3,Fx,0.0559684589772595,0.9757351343072262
biomechserver,percent050_day1_case1,tv_te_ss3,S002,ss3,Fz,0.071164868592454,0.98278274714885
biomechserver,percent050_day1_case1,tv_te_ss3,S003,ss3,Fx,0.056965278185953,0.9774089527244004
biomechserver,percent050_day1_case1,tv_te_ss3,S003,ss3,Fz,0.0731241089762075,0.985600230328367
biomechserver,percent050_day1_case1,tv_te_ss3,S004,ss3,Fx,0.0687542635460205,0.9732011340202338
biomechserver,percent050_day1_case1,tv_te_ss3,S004,ss3,Fz,0.0545606855876841,0.983522179988776
biomechserver,percent050_day1_case1,tv_te_ss3,S005,ss3,Fx,0.0456597557679154,0.9866427339394482
biomechserver,percent050_day1_case1,tv_te_ss3,S005,ss3,Fz,0.05642450556857,0.9844715187653328
biomechserver,percent050_day1_case1,tv_te_ss3,S006,ss3,Fx,0.0666491699407854,0.9698680378922814
biomechserver,percent050_day1_case1,tv_te_ss3,S006,ss3,Fz,0.0614864700813363,0.9842144607533267
biomechserver,percent050_day1_case1,tv_te_ss3,S007,ss3,Fx,0.0518868816808095,0.9792343768234616
biomechserver,percent050_day1_case1,tv_te_ss3,S007,ss3,Fz,0.0484074746980085,0.9882704620199542
biomechserver,percent050_day1_case1,tv_te_ss3,S008,ss3,Fx,0.0734873024201199,0.9782182532153336
biomechserver,percent050_day1_case1,tv_te_ss3,S008,ss3,Fz,0.0826093453300246,0.983115484194508
biomechserver,percent050_day1_case1,tv_te_ss3,S009,ss3,Fx,0.0464466543875999,0.986697345350746
biomechserver,percent050_day1_case1,tv_te_ss3,S009,ss3,Fz,0.0597269447081528,0.9835757038153712
biomechserver,percent050_day1_case1,tv_te_ss3,S010,ss3,Fx,0.0508714243400433,0.981393611052654
biomechserver,percent050_day1_case1,tv_te_ss3,S010,ss3,Fz,0.0605969737270987,0.982331994947342
biomechserver,percent050_day1_case1,tv_te_ss3,S013,ss3,Fx,0.0428715907859088,0.9862251450685332
biomechserver,percent050_day1_case1,tv_te_ss3,S013,ss3,Fz,0.0505437650073,0.9840700713517704
biomechserver,percent050_day1_case1,tv_te_ss3,S014,ss3,Fx,0.0901729633370081,0.9585616376378672
biomechserver,percent050_day1_case1,tv_te_ss3,S014,ss3,Fz,0.1185027023917257,0.9316412917798844
biomechserver,percent050_day1_case1,tv_te_ss3,S015,ss3,Fx,0.086167364110964,0.9413332398616704
biomechserver,percent050_day1_case1,tv_te_ss3,S015,ss3,Fz,0.0536369084466831,0.9835157558808144
biomechserver,percent050_day1_case1,tv_te_ss3,S016,ss3,Fx,0.1209180834732823,0.9271799684373576
biomechserver,percent050_day1_case1,tv_te_ss3,S016,ss3,Fz,0.0829518847395509,0.9665905361831446
biomechserver,percent050_day1_case1,tv_te_ss3,S017,ss3,Fx,0.0512320957179995,0.9809954326607953
biomechserver,percent050_day1_case1,tv_te_ss3,S017,ss3,Fz,0.0457109765421783,0.9888548526037552
biomechserver,percent050_day1_case1,tv_te_ss3,S018,ss3,Fx,0.0626293919849022,0.9675466716488724
biomechserver,percent050_day1_case1,tv_te_ss3,S018,ss3,Fz,0.0738285017868504,0.9879174246277336
biomechserver,percent050_day1_case1,tv_te_ss3,S019,ss3,Fx,0.0672563632233196,0.9681437710924
biomechserver,percent050_day1_case1,tv_te_ss3,S019,ss3,Fz,0.0836064591918433,0.9573572051895866
